dimension,lambda,alpha,epsilon,shift_type,model_type,target_mode,n_train,n_test,sigma,seed,chi_squared_divergence,chi_squared_divergence_theoretical,chi_squared_relative_error,chi2_weight_mean,chi2_weight_variance,ess_theoretical,ess_empirical,ess_monte_carlo,weight_var_empirical,weight_var_monte_carlo,weight_var_true,train_mse,test_mse,train_rmse,test_rmse,generalisation_gap
2,0.0,1.0,0.0,mean,ols,linear,1000,1000,0.1,0,0.0,0.0,0.0,1.0,0.0,1000.0,1000.0,1000.0,0.0,0.0,0.0,0.010071505478150807,0.010857801666782858,0.1003568905364789,0.10420077574942932,0.0007862961886320515
2,0.0,1.0,0.0,mean,ols,linear,1000,1000,0.1,1,0.0,0.0,0.0,1.0,0.0,1000.0,1000.0,1000.0,0.0,0.0,0.0,0.009918032627767298,0.01079957119626674,0.09958931984789984,0.10392098535073048,0.0008815385684994414
2,0.0,1.0,0.0,mean,ols,linear,1000,1000,0.1,2,0.0,0.0,0.0,1.0,0.0,1000.0,1000.0,1000.0,0.0,0.0,0.0,0.00981590559144587,0.009957270353718663,0.09907525216443241,0.09978612305184856,0.00014136476227279322
2,0.0,1.0,0.0,combined,ols,linear,1000,1000,0.1,0,0.0,0.0,0.0,1.0,0.0,1000.0,1000.0,1000.0,0.0,0.0,0.0,0.010071505478150807,0.010857801666782858,0.1003568905364789,0.10420077574942932,0.0007862961886320515
2,0.0,1.0,0.0,combined,ols,linear,1000,1000,0.1,1,0.0,0.0,0.0,1.0,0.0,1000.0,1000.0,1000.0,0.0,0.0,0.0,0.009918032627767298,0.01079957119626674,0.09958931984789984,0.10392098535073048,0.0008815385684994414
2,0.0,1.0,0.0,combined,ols,linear,1000,1000,0.1,2,0.0,0.0,0.0,1.0,0.0,1000.0,1000.0,1000.0,0.0,0.0,0.0,0.00981590559144587,0.009957270353718663,0.09907525216443241,0.09978612305184856,0.00014136476227279322
2,0.0,1.0,0.0,mean,rbf_svr,linear,1000,1000,0.1,0,0.0,0.0,0.0,1.0,0.0,1000.0,1000.0,1000.0,0.0,0.0,0.0,0.016906711401992795,0.017825017305255535,0.13002581052234513,0.13351036403686245,0.0009183059032627401
2,0.0,1.0,0.0,mean,rbf_svr,linear,1000,1000,0.1,1,0.0,0.0,0.0,1.0,0.0,1000.0,1000.0,1000.0,0.0,0.0,0.0,0.01778785610497299,0.023189854819599686,0.13337112170546137,0.15228215528944844,0.005401998714626696
2,0.0,1.0,0.0,mean,rbf_svr,linear,1000,1000,0.1,2,0.0,0.0,0.0,1.0,0.0,1000.0,1000.0,1000.0,0.0,0.0,0.0,0.013035067086958308,0.027723983432472957,0.11417121829497269,0.16650520542155117,0.01468891634551465
2,0.0,1.0,0.0,combined,rbf_svr,linear,1000,1000,0.1,0,0.0,0.0,0.0,1.0,0.0,1000.0,1000.0,1000.0,0.0,0.0,0.0,0.016906711401992795,0.017825017305255535,0.13002581052234513,0.13351036403686245,0.0009183059032627401
2,0.0,1.0,0.0,combined,rbf_svr,linear,1000,1000,0.1,1,0.0,0.0,0.0,1.0,0.0,1000.0,1000.0,1000.0,0.0,0.0,0.0,0.01778785610497299,0.023189854819599686,0.13337112170546137,0.15228215528944844,0.005401998714626696
2,0.0,1.0,0.0,combined,rbf_svr,linear,1000,1000,0.1,2,0.0,0.0,0.0,1.0,0.0,1000.0,1000.0,1000.0,0.0,0.0,0.0,0.013035067086958308,0.027723983432472957,0.11417121829497269,0.16650520542155117,0.01468891634551465
2,0.0,1.0,0.1,mean,ols,linear,1000,1000,0.1,0,0.0,0.0,0.0,1.0,0.0,1000.0,1000.0,1000.0,0.0,0.0,0.0,0.010071505478150807,0.010862390453156963,0.1003568905364789,0.10422279238802308,0.000790884975006156
2,0.0,1.0,0.1,mean,ols,linear,1000,1000,0.1,1,0.0,0.0,0.0,1.0,0.0,1000.0,1000.0,1000.0,0.0,0.0,0.0,0.009918032627767298,0.010795334099693726,0.09958931984789984,0.10390059720566444,0.0008773014719264272
2,0.0,1.0,0.1,mean,ols,linear,1000,1000,0.1,2,0.0,0.0,0.0,1.0,0.0,1000.0,1000.0,1000.0,0.0,0.0,0.0,0.00981590559144587,0.009962048616127735,0.09907525216443241,0.09981006269974854,0.00014614302468186555
2,0.0,1.0,0.1,combined,ols,linear,1000,1000,0.1,0,0.0,0.0,0.0,1.0,0.0,1000.0,1000.0,1000.0,0.0,0.0,0.0,0.010071505478150807,0.010862390453156963,0.1003568905364789,0.10422279238802308,0.000790884975006156
2,0.0,1.0,0.1,combined,ols,linear,1000,1000,0.1,1,0.0,0.0,0.0,1.0,0.0,1000.0,1000.0,1000.0,0.0,0.0,0.0,0.009918032627767298,0.010795334099693726,0.09958931984789984,0.10390059720566444,0.0008773014719264272
2,0.0,1.0,0.1,combined,ols,linear,1000,1000,0.1,2,0.0,0.0,0.0,1.0,0.0,1000.0,1000.0,1000.0,0.0,0.0,0.0,0.00981590559144587,0.009962048616127735,0.09907525216443241,0.09981006269974854,0.00014614302468186555
2,0.0,1.0,0.1,mean,rbf_svr,linear,1000,1000,0.1,0,0.0,0.0,0.0,1.0,0.0,1000.0,1000.0,1000.0,0.0,0.0,0.0,0.016906711401992795,0.01844435619207858,0.13002581052234513,0.1358100003389978,0.0015376447900857862
2,0.0,1.0,0.1,mean,rbf_svr,linear,1000,1000,0.1,1,0.0,0.0,0.0,1.0,0.0,1000.0,1000.0,1000.0,0.0,0.0,0.0,0.01778785610497299,0.02313982857753311,0.13337112170546137,0.15211781150651987,0.0053519724725601195
2,0.0,1.0,0.1,mean,rbf_svr,linear,1000,1000,0.1,2,0.0,0.0,0.0,1.0,0.0,1000.0,1000.0,1000.0,0.0,0.0,0.0,0.013035067086958308,0.02766651965848235,0.11417121829497269,0.1663325574218179,0.014631452571524041
2,0.0,1.0,0.1,combined,rbf_svr,linear,1000,1000,0.1,0,0.0,0.0,0.0,1.0,0.0,1000.0,1000.0,1000.0,0.0,0.0,0.0,0.016906711401992795,0.01844435619207858,0.13002581052234513,0.1358100003389978,0.0015376447900857862
2,0.0,1.0,0.1,combined,rbf_svr,linear,1000,1000,0.1,1,0.0,0.0,0.0,1.0,0.0,1000.0,1000.0,1000.0,0.0,0.0,0.0,0.01778785610497299,0.02313982857753311,0.13337112170546137,0.15211781150651987,0.0053519724725601195
2,0.0,1.0,0.1,combined,rbf_svr,linear,1000,1000,0.1,2,0.0,0.0,0.0,1.0,0.0,1000.0,1000.0,1000.0,0.0,0.0,0.0,0.013035067086958308,0.02766651965848235,0.11417121829497269,0.1663325574218179,0.014631452571524041
2,0.0,1.0,0.2,mean,ols,linear,1000,1000,0.1,0,0.0,0.0,0.0,1.0,0.0,1000.0,1000.0,1000.0,0.0,0.0,0.0,0.010071505478150807,0.010863174764112164,0.1003568905364789,0.1042265549853403,0.0007916692859613571
2,0.0,1.0,0.2,mean,ols,linear,1000,1000,0.1,1,0.0,0.0,0.0,1.0,0.0,1000.0,1000.0,1000.0,0.0,0.0,0.0,0.009918032627767298,0.010790877242066406,0.09958931984789984,0.10387914729177558,0.0008728446142991075
2,0.0,1.0,0.2,mean,ols,linear,1000,1000,0.1,2,0.0,0.0,0.0,1.0,0.0,1000.0,1000.0,1000.0,0.0,0.0,0.0,0.00981590559144587,0.009968315872740418,0.09907525216443241,0.09984145367902261,0.0001524102812945488
2,0.0,1.0,0.2,combined,ols,linear,1000,1000,0.1,0,0.0,0.0,0.0,1.0,0.0,1000.0,1000.0,1000.0,0.0,0.0,0.0,0.010071505478150807,0.010863174764112164,0.1003568905364789,0.1042265549853403,0.0007916692859613571
2,0.0,1.0,0.2,combined,ols,linear,1000,1000,0.1,1,0.0,0.0,0.0,1.0,0.0,1000.0,1000.0,1000.0,0.0,0.0,0.0,0.009918032627767298,0.010790877242066406,0.09958931984789984,0.10387914729177558,0.0008728446142991075
2,0.0,1.0,0.2,combined,ols,linear,1000,1000,0.1,2,0.0,0.0,0.0,1.0,0.0,1000.0,1000.0,1000.0,0.0,0.0,0.0,0.00981590559144587,0.009968315872740418,0.09907525216443241,0.09984145367902261,0.0001524102812945488
2,0.0,1.0,0.2,mean,rbf_svr,linear,1000,1000,0.1,0,0.0,0.0,0.0,1.0,0.0,1000.0,1000.0,1000.0,0.0,0.0,0.0,0.016906711401992795,0.018794210473815604,0.13002581052234513,0.1370919781526826,0.001887499071822809
2,0.0,1.0,0.2,mean,rbf_svr,linear,1000,1000,0.1,1,0.0,0.0,0.0,1.0,0.0,1000.0,1000.0,1000.0,0.0,0.0,0.0,0.01778785610497299,0.0225845760046404,0.13337112170546137,0.15028165558257733,0.004796719899667411
2,0.0,1.0,0.2,mean,rbf_svr,linear,1000,1000,0.1,2,0.0,0.0,0.0,1.0,0.0,1000.0,1000.0,1000.0,0.0,0.0,0.0,0.013035067086958308,0.027444107556174113,0.11417121829497269,0.1656626317434747,0.014409040469215805
2,0.0,1.0,0.2,combined,rbf_svr,linear,1000,1000,0.1,0,0.0,0.0,0.0,1.0,0.0,1000.0,1000.0,1000.0,0.0,0.0,0.0,0.016906711401992795,0.018794210473815604,0.13002581052234513,0.1370919781526826,0.001887499071822809
2,0.0,1.0,0.2,combined,rbf_svr,linear,1000,1000,0.1,1,0.0,0.0,0.0,1.0,0.0,1000.0,1000.0,1000.0,0.0,0.0,0.0,0.01778785610497299,0.0225845760046404,0.13337112170546137,0.15028165558257733,0.004796719899667411
2,0.0,1.0,0.2,combined,rbf_svr,linear,1000,1000,0.1,2,0.0,0.0,0.0,1.0,0.0,1000.0,1000.0,1000.0,0.0,0.0,0.0,0.013035067086958308,0.027444107556174113,0.11417121829497269,0.1656626317434747,0.014409040469215805
2,0.0,1.0,0.3,mean,ols,linear,1000,1000,0.1,0,0.0,0.0,0.0,1.0,0.0,1000.0,1000.0,1000.0,0.0,0.0,0.0,0.010071505478150807,0.010857750417920215,0.1003568905364789,0.10420052983512232,0.0007862449397694083
2,0.0,1.0,0.3,mean,ols,linear,1000,1000,0.1,1,0.0,0.0,0.0,1.0,0.0,1000.0,1000.0,1000.0,0.0,0.0,0.0,0.009918032627767298,0.010783073909334733,0.09958931984789984,0.10384158083029521,0.0008650412815674347
2,0.0,1.0,0.3,mean,ols,linear,1000,1000,0.1,2,0.0,0.0,0.0,1.0,0.0,1000.0,1000.0,1000.0,0.0,0.0,0.0,0.00981590559144587,0.009967438673335686,0.09907525216443241,0.09983706062047143,0.00015153308188981668
2,0.0,1.0,0.3,combined,ols,linear,1000,1000,0.1,0,0.0,0.0,0.0,1.0,0.0,1000.0,1000.0,1000.0,0.0,0.0,0.0,0.010071505478150807,0.010857750417920215,0.1003568905364789,0.10420052983512232,0.0007862449397694083
2,0.0,1.0,0.3,combined,ols,linear,1000,1000,0.1,1,0.0,0.0,0.0,1.0,0.0,1000.0,1000.0,1000.0,0.0,0.0,0.0,0.009918032627767298,0.010783073909334733,0.09958931984789984,0.10384158083029521,0.0008650412815674347
2,0.0,1.0,0.3,combined,ols,linear,1000,1000,0.1,2,0.0,0.0,0.0,1.0,0.0,1000.0,1000.0,1000.0,0.0,0.0,0.0,0.00981590559144587,0.009967438673335686,0.09907525216443241,0.09983706062047143,0.00015153308188981668
2,0.0,1.0,0.3,mean,rbf_svr,linear,1000,1000,0.1,0,0.0,0.0,0.0,1.0,0.0,1000.0,1000.0,1000.0,0.0,0.0,0.0,0.016906711401992795,0.018798583606841807,0.13002581052234513,0.1371079268563339,0.001891872204849012
2,0.0,1.0,0.3,mean,rbf_svr,linear,1000,1000,0.1,1,0.0,0.0,0.0,1.0,0.0,1000.0,1000.0,1000.0,0.0,0.0,0.0,0.01778785610497299,0.02435642310120354,0.13337112170546137,0.15606544493001498,0.006568566996230551
2,0.0,1.0,0.3,mean,rbf_svr,linear,1000,1000,0.1,2,0.0,0.0,0.0,1.0,0.0,1000.0,1000.0,1000.0,0.0,0.0,0.0,0.013035067086958308,0.024377555751308386,0.11417121829497269,0.15613313470019227,0.011342488664350078
2,0.0,1.0,0.3,combined,rbf_svr,linear,1000,1000,0.1,0,0.0,0.0,0.0,1.0,0.0,1000.0,1000.0,1000.0,0.0,0.0,0.0,0.016906711401992795,0.018798583606841807,0.13002581052234513,0.1371079268563339,0.001891872204849012
2,0.0,1.0,0.3,combined,rbf_svr,linear,1000,1000,0.1,1,0.0,0.0,0.0,1.0,0.0,1000.0,1000.0,1000.0,0.0,0.0,0.0,0.01778785610497299,0.02435642310120354,0.13337112170546137,0.15606544493001498,0.006568566996230551
2,0.0,1.0,0.3,combined,rbf_svr,linear,1000,1000,0.1,2,0.0,0.0,0.0,1.0,0.0,1000.0,1000.0,1000.0,0.0,0.0,0.0,0.013035067086958308,0.024377555751308386,0.11417121829497269,0.15613313470019227,0.011342488664350078
2,0.0,1.5,0.0,mean,ols,linear,1000,1000,0.1,0,0.0,0.0,0.0,1.0,0.0,1000.0,1000.0,1000.0,0.0,0.0,0.0,0.010071505478150807,0.010857801666782858,0.1003568905364789,0.10420077574942932,0.0007862961886320515
2,0.0,1.5,0.0,mean,ols,linear,1000,1000,0.1,1,0.0,0.0,0.0,1.0,0.0,1000.0,1000.0,1000.0,0.0,0.0,0.0,0.009918032627767298,0.01079957119626674,0.09958931984789984,0.10392098535073048,0.0008815385684994414
2,0.0,1.5,0.0,mean,ols,linear,1000,1000,0.1,2,0.0,0.0,0.0,1.0,0.0,1000.0,1000.0,1000.0,0.0,0.0,0.0,0.00981590559144587,0.009957270353718663,0.09907525216443241,0.09978612305184856,0.00014136476227279322
2,0.0,1.5,0.0,combined,ols,linear,1000,1000,0.1,0,0.3052410932851002,0.33333333333333326,0.08427672014469924,1.008336038184172,0.28849952738414814,1000.0,1000.0,1000.0,0.0,0.0,0.0,0.010071505478150807,0.010857801666782858,0.1003568905364789,0.10420077574942932,0.0007862961886320515
2,0.0,1.5,0.0,combined,ols,linear,1000,1000,0.1,1,0.4260264037663093,0.33333333333333326,0.27807921129892815,0.9986405258113009,0.4287435039736374,1000.0,1000.0,1000.0,0.0,0.0,0.0,0.009918032627767298,0.01079957119626674,0.09958931984789984,0.10392098535073048,0.0008815385684994414
2,0.0,1.5,0.0,combined,ols,linear,1000,1000,0.1,2,0.28704426694840945,0.33333333333333326,0.13886719915477144,0.9960424036467324,0.2949437970860496,1000.0,1000.0,1000.0,0.0,0.0,0.0,0.00981590559144587,0.009957270353718663,0.09907525216443241,0.09978612305184856,0.00014136476227279322
2,0.0,1.5,0.0,mean,rbf_svr,linear,1000,1000,0.1,0,0.0,0.0,0.0,1.0,0.0,1000.0,1000.0,1000.0,0.0,0.0,0.0,0.016906711401992795,0.017825017305255535,0.13002581052234513,0.13351036403686245,0.0009183059032627401
2,0.0,1.5,0.0,mean,rbf_svr,linear,1000,1000,0.1,1,0.0,0.0,0.0,1.0,0.0,1000.0,1000.0,1000.0,0.0,0.0,0.0,0.01778785610497299,0.023189854819599686,0.13337112170546137,0.15228215528944844,0.005401998714626696
2,0.0,1.5,0.0,mean,rbf_svr,linear,1000,1000,0.1,2,0.0,0.0,0.0,1.0,0.0,1000.0,1000.0,1000.0,0.0,0.0,0.0,0.013035067086958308,0.027723983432472957,0.11417121829497269,0.16650520542155117,0.01468891634551465
2,0.0,1.5,0.0,combined,rbf_svr,linear,1000,1000,0.1,0,0.3052410932851002,0.33333333333333326,0.08427672014469924,1.008336038184172,0.28849952738414814,1000.0,1000.0,1000.0,0.0,0.0,0.0,0.016906711401992795,0.017825017305255535,0.13002581052234513,0.13351036403686245,0.0009183059032627401
2,0.0,1.5,0.0,combined,rbf_svr,linear,1000,1000,0.1,1,0.4260264037663093,0.33333333333333326,0.27807921129892815,0.9986405258113009,0.4287435039736374,1000.0,1000.0,1000.0,0.0,0.0,0.0,0.01778785610497299,0.023189854819599686,0.13337112170546137,0.15228215528944844,0.005401998714626696
2,0.0,1.5,0.0,combined,rbf_svr,linear,1000,1000,0.1,2,0.28704426694840945,0.33333333333333326,0.13886719915477144,0.9960424036467324,0.2949437970860496,1000.0,1000.0,1000.0,0.0,0.0,0.0,0.013035067086958308,0.027723983432472957,0.11417121829497269,0.16650520542155117,0.01468891634551465
2,0.0,1.5,0.1,mean,ols,linear,1000,1000,0.1,0,0.0,0.0,0.0,1.0,0.0,1000.0,1000.0,1000.0,0.0,0.0,0.0,0.010071505478150807,0.010862390453156963,0.1003568905364789,0.10422279238802308,0.000790884975006156
2,0.0,1.5,0.1,mean,ols,linear,1000,1000,0.1,1,0.0,0.0,0.0,1.0,0.0,1000.0,1000.0,1000.0,0.0,0.0,0.0,0.009918032627767298,0.010795334099693726,0.09958931984789984,0.10390059720566444,0.0008773014719264272
2,0.0,1.5,0.1,mean,ols,linear,1000,1000,0.1,2,0.0,0.0,0.0,1.0,0.0,1000.0,1000.0,1000.0,0.0,0.0,0.0,0.00981590559144587,0.009962048616127735,0.09907525216443241,0.09981006269974854,0.00014614302468186555
2,0.0,1.5,0.1,combined,ols,linear,1000,1000,0.1,0,0.3052410932851002,0.33333333333333326,0.08427672014469924,1.008336038184172,0.28849952738414814,996.6777408637873,997.7281359607949,996.956877926237,0.0022753018436737936,0.0030524109328510024,0.003333333333333333,0.010071505478150807,0.010862553336680382,0.1003568905364789,0.1042235738049717,0.0007910478585295751
2,0.0,1.5,0.1,combined,ols,linear,1000,1000,0.1,1,0.4260264037663093,0.33333333333333326,0.27807921129892815,0.9986405258113009,0.4287435039736374,996.6777408637873,997.8559274311103,995.7578088168754,0.0021451672314347996,0.004260264037663094,0.003333333333333333,0.009918032627767298,0.010794363135548317,0.09958931984789984,0.10389592453772341,0.0008763305077810184
2,0.0,1.5,0.1,combined,ols,linear,1000,1000,0.1,2,0.28704426694840945,0.33333333333333326,0.13886719915477144,0.9960424036467324,0.2949437970860496,996.6777408637873,998.0701631477283,997.1377731884854,0.0019263068544592948,0.0028704426694840953,0.003333333333333333,0.00981590559144587,0.009962333972007176,0.09907525216443241,0.09981149218405251,0.00014642838056130696
2,0.0,1.5,0.1,mean,rbf_svr,linear,1000,1000,0.1,0,0.0,0.0,0.0,1.0,0.0,1000.0,1000.0,1000.0,0.0,0.0,0.0,0.016906711401992795,0.01844435619207858,0.13002581052234513,0.1358100003389978,0.0015376447900857862
2,0.0,1.5,0.1,mean,rbf_svr,linear,1000,1000,0.1,1,0.0,0.0,0.0,1.0,0.0,1000.0,1000.0,1000.0,0.0,0.0,0.0,0.01778785610497299,0.02313982857753311,0.13337112170546137,0.15211781150651987,0.0053519724725601195
2,0.0,1.5,0.1,mean,rbf_svr,linear,1000,1000,0.1,2,0.0,0.0,0.0,1.0,0.0,1000.0,1000.0,1000.0,0.0,0.0,0.0,0.013035067086958308,0.02766651965848235,0.11417121829497269,0.1663325574218179,0.014631452571524041
2,0.0,1.5,0.1,combined,rbf_svr,linear,1000,1000,0.1,0,0.3052410932851002,0.33333333333333326,0.08427672014469924,1.008336038184172,0.28849952738414814,996.6777408637873,997.7281359607949,996.956877926237,0.0022753018436737936,0.0030524109328510024,0.003333333333333333,0.016906711401992795,0.030788425193221683,0.13002581052234513,0.1754663078577243,0.013881713791228888
2,0.0,1.5,0.1,combined,rbf_svr,linear,1000,1000,0.1,1,0.4260264037663093,0.33333333333333326,0.27807921129892815,0.9986405258113009,0.4287435039736374,996.6777408637873,997.8559274311103,995.7578088168754,0.0021451672314347996,0.004260264037663094,0.003333333333333333,0.01778785610497299,0.0262604396481314,0.13337112170546137,0.1620507317111879,0.00847258354315841
2,0.0,1.5,0.1,combined,rbf_svr,linear,1000,1000,0.1,2,0.28704426694840945,0.33333333333333326,0.13886719915477144,0.9960424036467324,0.2949437970860496,996.6777408637873,998.0701631477283,997.1377731884854,0.0019263068544592948,0.0028704426694840953,0.003333333333333333,0.013035067086958308,0.033469911899757336,0.11417121829497269,0.18294783928693265,0.02043484481279903
2,0.0,1.5,0.2,mean,ols,linear,1000,1000,0.1,0,0.0,0.0,0.0,1.0,0.0,1000.0,1000.0,1000.0,0.0,0.0,0.0,0.010071505478150807,0.010863174764112164,0.1003568905364789,0.1042265549853403,0.0007916692859613571
2,0.0,1.5,0.2,mean,ols,linear,1000,1000,0.1,1,0.0,0.0,0.0,1.0,0.0,1000.0,1000.0,1000.0,0.0,0.0,0.0,0.009918032627767298,0.010790877242066406,0.09958931984789984,0.10387914729177558,0.0008728446142991075
2,0.0,1.5,0.2,mean,ols,linear,1000,1000,0.1,2,0.0,0.0,0.0,1.0,0.0,1000.0,1000.0,1000.0,0.0,0.0,0.0,0.00981590559144587,0.009968315872740418,0.09907525216443241,0.09984145367902261,0.0001524102812945488
2,0.0,1.5,0.2,combined,ols,linear,1000,1000,0.1,0,0.3052410932851002,0.33333333333333326,0.08427672014469924,1.008336038184172,0.28849952738414814,986.8421052631578,990.9582653060261,987.9376334665272,0.009101207374695176,0.01220964373140401,0.013333333333333332,0.010071505478150807,0.010863416476536575,0.1003568905364789,0.10422771453186803,0.000791910998385768
2,0.0,1.5,0.2,combined,ols,linear,1000,1000,0.1,1,0.4260264037663093,0.33333333333333326,0.27807921129892815,0.9986405258113009,0.4287435039736374,986.8421052631578,991.4561883401745,983.2444756801164,0.008580668925739193,0.017041056150652375,0.013333333333333332,0.009918032627767298,0.010789814127071043,0.09958931984789984,0.10387403008967662,0.0008717814993037445
2,0.0,1.5,0.2,combined,ols,linear,1000,1000,0.1,2,0.28704426694840945,0.33333333333333326,0.13886719915477144,0.9960424036467324,0.2949437970860496,986.8421052631578,992.2886389832798,988.6485639081357,0.007705227417837182,0.011481770677936381,0.013333333333333332,0.00981590559144587,0.009969032674845892,0.09907525216443241,0.09984504331636043,0.00015312708340002243
2,0.0,1.5,0.2,mean,rbf_svr,linear,1000,1000,0.1,0,0.0,0.0,0.0,1.0,0.0,1000.0,1000.0,1000.0,0.0,0.0,0.0,0.016906711401992795,0.018794210473815604,0.13002581052234513,0.1370919781526826,0.001887499071822809
2,0.0,1.5,0.2,mean,rbf_svr,linear,1000,1000,0.1,1,0.0,0.0,0.0,1.0,0.0,1000.0,1000.0,1000.0,0.0,0.0,0.0,0.01778785610497299,0.0225845760046404,0.13337112170546137,0.15028165558257733,0.004796719899667411
2,0.0,1.5,0.2,mean,rbf_svr,linear,1000,1000,0.1,2,0.0,0.0,0.0,1.0,0.0,1000.0,1000.0,1000.0,0.0,0.0,0.0,0.013035067086958308,0.027444107556174113,0.11417121829497269,0.1656626317434747,0.014409040469215805
2,0.0,1.5,0.2,combined,rbf_svr,linear,1000,1000,0.1,0,0.3052410932851002,0.33333333333333326,0.08427672014469924,1.008336038184172,0.28849952738414814,986.8421052631578,990.9582653060261,987.9376334665272,0.009101207374695176,0.01220964373140401,0.013333333333333332,0.016906711401992795,0.04148064210661719,0.13002581052234513,0.20366797025211694,0.024573930704624398
2,0.0,1.5,0.2,combined,rbf_svr,linear,1000,1000,0.1,1,0.4260264037663093,0.33333333333333326,0.27807921129892815,0.9986405258113009,0.4287435039736374,986.8421052631578,991.4561883401745,983.2444756801164,0.008580668925739193,0.017041056150652375,0.013333333333333332,0.01778785610497299,0.03145141762773022,0.13337112170546137,0.1773454753517276,0.013663561522757228
2,0.0,1.5,0.2,combined,rbf_svr,linear,1000,1000,0.1,2,0.28704426694840945,0.33333333333333326,0.13886719915477144,0.9960424036467324,0.2949437970860496,986.8421052631578,992.2886389832798,988.6485639081357,0.007705227417837182,0.011481770677936381,0.013333333333333332,0.013035067086958308,0.03429288640063878,0.11417121829497269,0.18518338586557592,0.021257819313680475
2,0.0,1.5,0.3,mean,ols,linear,1000,1000,0.1,0,0.0,0.0,0.0,1.0,0.0,1000.0,1000.0,1000.0,0.0,0.0,0.0,0.010071505478150807,0.010857750417920215,0.1003568905364789,0.10420052983512232,0.0007862449397694083
2,0.0,1.5,0.3,mean,ols,linear,1000,1000,0.1,1,0.0,0.0,0.0,1.0,0.0,1000.0,1000.0,1000.0,0.0,0.0,0.0,0.009918032627767298,0.010783073909334733,0.09958931984789984,0.10384158083029521,0.0008650412815674347
2,0.0,1.5,0.3,mean,ols,linear,1000,1000,0.1,2,0.0,0.0,0.0,1.0,0.0,1000.0,1000.0,1000.0,0.0,0.0,0.0,0.00981590559144587,0.009967438673335686,0.09907525216443241,0.09983706062047143,0.00015153308188981668
2,0.0,1.5,0.3,combined,ols,linear,1000,1000,0.1,0,0.3052410932851002,0.33333333333333326,0.08427672014469924,1.008336038184172,0.28849952738414814,970.8737864077669,979.8486168682653,973.2628174201249,0.02047771659306415,0.027471698395659015,0.029999999999999992,0.010071505478150807,0.010857461724781402,0.1003568905364789,0.10419914454918237,0.0007859562466305953
2,0.0,1.5,0.3,combined,ols,linear,1000,1000,0.1,1,0.4260264037663093,0.33333333333333326,0.27807921129892815,0.9986405258113009,0.4287435039736374,970.8737864077669,980.9301721373612,963.0734744023864,0.019306505082913192,0.03834237633896784,0.029999999999999992,0.009918032627767298,0.010781049693753071,0.09958931984789984,0.10383183372045912,0.000863017065985773
2,0.0,1.5,0.3,combined,ols,linear,1000,1000,0.1,2,0.28704426694840945,0.33333333333333326,0.13886719915477144,0.9960424036467324,0.2949437970860496,970.8737864077669,982.7340685988906,974.8166034391018,0.01733676169013368,0.02583398402535685,0.029999999999999992,0.00981590559144587,0.00996874670311962,0.09907525216443241,0.09984361122835862,0.0001528411116737509
2,0.0,1.5,0.3,mean,rbf_svr,linear,1000,1000,0.1,0,0.0,0.0,0.0,1.0,0.0,1000.0,1000.0,1000.0,0.0,0.0,0.0,0.016906711401992795,0.018798583606841807,0.13002581052234513,0.1371079268563339,0.001891872204849012
2,0.0,1.5,0.3,mean,rbf_svr,linear,1000,1000,0.1,1,0.0,0.0,0.0,1.0,0.0,1000.0,1000.0,1000.0,0.0,0.0,0.0,0.01778785610497299,0.02435642310120354,0.13337112170546137,0.15606544493001498,0.006568566996230551
2,0.0,1.5,0.3,mean,rbf_svr,linear,1000,1000,0.1,2,0.0,0.0,0.0,1.0,0.0,1000.0,1000.0,1000.0,0.0,0.0,0.0,0.013035067086958308,0.024377555751308386,0.11417121829497269,0.15613313470019227,0.011342488664350078
2,0.0,1.5,0.3,combined,rbf_svr,linear,1000,1000,0.1,0,0.3052410932851002,0.33333333333333326,0.08427672014469924,1.008336038184172,0.28849952738414814,970.8737864077669,979.8486168682653,973.2628174201249,0.02047771659306415,0.027471698395659015,0.029999999999999992,0.016906711401992795,0.043604201363126704,0.13002581052234513,0.20881619037595409,0.02669748996113391
2,0.0,1.5,0.3,combined,rbf_svr,linear,1000,1000,0.1,1,0.4260264037663093,0.33333333333333326,0.27807921129892815,0.9986405258113009,0.4287435039736374,970.8737864077669,980.9301721373612,963.0734744023864,0.019306505082913192,0.03834237633896784,0.029999999999999992,0.01778785610497299,0.03881191991206121,0.13337112170546137,0.19700741080492687,0.02102406380708822
2,0.0,1.5,0.3,combined,rbf_svr,linear,1000,1000,0.1,2,0.28704426694840945,0.33333333333333326,0.13886719915477144,0.9960424036467324,0.2949437970860496,970.8737864077669,982.7340685988906,974.8166034391018,0.01733676169013368,0.02583398402535685,0.029999999999999992,0.013035067086958308,0.049862047459838625,0.11417121829497269,0.22329811342651024,0.03682698037288032
2,0.0,2.0,0.0,mean,ols,linear,1000,1000,0.1,0,0.0,0.0,0.0,1.0,0.0,1000.0,1000.0,1000.0,0.0,0.0,0.0,0.010071505478150807,0.010857801666782858,0.1003568905364789,0.10420077574942932,0.0007862961886320515
2,0.0,2.0,0.0,mean,ols,linear,1000,1000,0.1,1,0.0,0.0,0.0,1.0,0.0,1000.0,1000.0,1000.0,0.0,0.0,0.0,0.009918032627767298,0.01079957119626674,0.09958931984789984,0.10392098535073048,0.0008815385684994414
2,0.0,2.0,0.0,mean,ols,linear,1000,1000,0.1,2,0.0,0.0,0.0,1.0,0.0,1000.0,1000.0,1000.0,0.0,0.0,0.0,0.00981590559144587,0.009957270353718663,0.09907525216443241,0.09978612305184856,0.00014136476227279322
2,0.0,2.0,0.0,combined,ols,linear,1000,1000,0.1,0,1.3902698017924444,inf,inf,1.0073639856487606,1.3754876022102906,,1000.0,1000.0,0.0,0.0,,0.010071505478150807,0.010857801666782858,0.1003568905364789,0.10420077574942932,0.0007862961886320515
2,0.0,2.0,0.0,combined,ols,linear,1000,1000,0.1,1,3.312078604800071,inf,inf,1.0173700383910498,3.277036809784266,,1000.0,1000.0,0.0,0.0,,0.009918032627767298,0.01079957119626674,0.09958931984789984,0.10392098535073048,0.0008815385684994414
2,0.0,2.0,0.0,combined,ols,linear,1000,1000,0.1,2,1.8629552135523824,inf,inf,0.9868780414404107,1.8890269448751205,,1000.0,1000.0,0.0,0.0,,0.00981590559144587,0.009957270353718663,0.09907525216443241,0.09978612305184856,0.00014136476227279322
2,0.0,2.0,0.0,mean,rbf_svr,linear,1000,1000,0.1,0,0.0,0.0,0.0,1.0,0.0,1000.0,1000.0,1000.0,0.0,0.0,0.0,0.016906711401992795,0.017825017305255535,0.13002581052234513,0.13351036403686245,0.0009183059032627401
2,0.0,2.0,0.0,mean,rbf_svr,linear,1000,1000,0.1,1,0.0,0.0,0.0,1.0,0.0,1000.0,1000.0,1000.0,0.0,0.0,0.0,0.01778785610497299,0.023189854819599686,0.13337112170546137,0.15228215528944844,0.005401998714626696
2,0.0,2.0,0.0,mean,rbf_svr,linear,1000,1000,0.1,2,0.0,0.0,0.0,1.0,0.0,1000.0,1000.0,1000.0,0.0,0.0,0.0,0.013035067086958308,0.027723983432472957,0.11417121829497269,0.16650520542155117,0.01468891634551465
2,0.0,2.0,0.0,combined,rbf_svr,linear,1000,1000,0.1,0,1.3902698017924444,inf,inf,1.0073639856487606,1.3754876022102906,,1000.0,1000.0,0.0,0.0,,0.016906711401992795,0.017825017305255535,0.13002581052234513,0.13351036403686245,0.0009183059032627401
2,0.0,2.0,0.0,combined,rbf_svr,linear,1000,1000,0.1,1,3.312078604800071,inf,inf,1.0173700383910498,3.277036809784266,,1000.0,1000.0,0.0,0.0,,0.01778785610497299,0.023189854819599686,0.13337112170546137,0.15228215528944844,0.005401998714626696
2,0.0,2.0,0.0,combined,rbf_svr,linear,1000,1000,0.1,2,1.8629552135523824,inf,inf,0.9868780414404107,1.8890269448751205,,1000.0,1000.0,0.0,0.0,,0.013035067086958308,0.027723983432472957,0.11417121829497269,0.16650520542155117,0.01468891634551465
2,0.0,2.0,0.1,mean,ols,linear,1000,1000,0.1,0,0.0,0.0,0.0,1.0,0.0,1000.0,1000.0,1000.0,0.0,0.0,0.0,0.010071505478150807,0.010862390453156963,0.1003568905364789,0.10422279238802308,0.000790884975006156
2,0.0,2.0,0.1,mean,ols,linear,1000,1000,0.1,1,0.0,0.0,0.0,1.0,0.0,1000.0,1000.0,1000.0,0.0,0.0,0.0,0.009918032627767298,0.010795334099693726,0.09958931984789984,0.10390059720566444,0.0008773014719264272
2,0.0,2.0,0.1,mean,ols,linear,1000,1000,0.1,2,0.0,0.0,0.0,1.0,0.0,1000.0,1000.0,1000.0,0.0,0.0,0.0,0.00981590559144587,0.009962048616127735,0.09907525216443241,0.09981006269974854,0.00014614302468186555
2,0.0,2.0,0.1,combined,ols,linear,1000,1000,0.1,0,1.3902698017924444,inf,inf,1.0073639856487606,1.3754876022102906,0.0,991.9315065460055,986.2879366579231,0.008096675985939581,0.013902698017924446,inf,0.010071505478150807,0.010862704258707364,0.1003568905364789,0.10422429783264248,0.0007911987805565568
2,0.0,2.0,0.1,combined,ols,linear,1000,1000,0.1,1,3.312078604800071,inf,inf,1.0173700383910498,3.277036809784266,0.0,991.5231389426261,967.9410321665313,0.008491614228421466,0.033120786048000714,inf,0.009918032627767298,0.010793592689712778,0.09958931984789984,0.1038922166945762,0.0008755600619454792
2,0.0,2.0,0.1,combined,ols,linear,1000,1000,0.1,2,1.8629552135523824,inf,inf,0.9868780414404107,1.8890269448751205,0.0,993.7350331403923,981.7111607488046,0.006239204437705967,0.01862955213552383,inf,0.00981590559144587,0.00996260962296426,0.09907525216443241,0.09981287303231112,0.0001467040315183913
2,0.0,2.0,0.1,mean,rbf_svr,linear,1000,1000,0.1,0,0.0,0.0,0.0,1.0,0.0,1000.0,1000.0,1000.0,0.0,0.0,0.0,0.016906711401992795,0.01844435619207858,0.13002581052234513,0.1358100003389978,0.0015376447900857862
2,0.0,2.0,0.1,mean,rbf_svr,linear,1000,1000,0.1,1,0.0,0.0,0.0,1.0,0.0,1000.0,1000.0,1000.0,0.0,0.0,0.0,0.01778785610497299,0.02313982857753311,0.13337112170546137,0.15211781150651987,0.0053519724725601195
2,0.0,2.0,0.1,mean,rbf_svr,linear,1000,1000,0.1,2,0.0,0.0,0.0,1.0,0.0,1000.0,1000.0,1000.0,0.0,0.0,0.0,0.013035067086958308,0.02766651965848235,0.11417121829497269,0.1663325574218179,0.014631452571524041
2,0.0,2.0,0.1,combined,rbf_svr,linear,1000,1000,0.1,0,1.3902698017924444,inf,inf,1.0073639856487606,1.3754876022102906,0.0,991.9315065460055,986.2879366579231,0.008096675985939581,0.013902698017924446,inf,0.016906711401992795,0.07306041081542956,0.13002581052234513,0.2702968938323738,0.05615369941343677
2,0.0,2.0,0.1,combined,rbf_svr,linear,1000,1000,0.1,1,3.312078604800071,inf,inf,1.0173700383910498,3.277036809784266,0.0,991.5231389426261,967.9410321665313,0.008491614228421466,0.033120786048000714,inf,0.01778785610497299,0.04402883811777859,0.13337112170546137,0.20983049854055677,0.026240982012805603
2,0.0,2.0,0.1,combined,rbf_svr,linear,1000,1000,0.1,2,1.8629552135523824,inf,inf,0.9868780414404107,1.8890269448751205,0.0,993.7350331403923,981.7111607488046,0.006239204437705967,0.01862955213552383,inf,0.013035067086958308,0.05641818238828987,0.11417121829497269,0.23752511948905503,0.043383115301331564
2,0.0,2.0,0.2,mean,ols,linear,1000,1000,0.1,0,0.0,0.0,0.0,1.0,0.0,1000.0,1000.0,1000.0,0.0,0.0,0.0,0.010071505478150807,0.010863174764112164,0.1003568905364789,0.1042265549853403,0.0007916692859613571
2,0.0,2.0,0.2,mean,ols,linear,1000,1000,0.1,1,0.0,0.0,0.0,1.0,0.0,1000.0,1000.0,1000.0,0.0,0.0,0.0,0.009918032627767298,0.010790877242066406,0.09958931984789984,0.10387914729177558,0.0008728446142991075
2,0.0,2.0,0.2,mean,ols,linear,1000,1000,0.1,2,0.0,0.0,0.0,1.0,0.0,1000.0,1000.0,1000.0,0.0,0.0,0.0,0.00981590559144587,0.009968315872740418,0.09907525216443241,0.09984145367902261,0.0001524102812945488
2,0.0,2.0,0.2,combined,ols,linear,1000,1000,0.1,0,1.3902698017924444,inf,inf,1.0073639856487606,1.3754876022102906,0.0,968.3164772652849,947.3188484909687,0.03238670394375833,0.055610792071697786,inf,0.010071505478150807,0.010863647379545519,0.1003568905364789,0.10422882221125555,0.000792141901394712
2,0.0,2.0,0.2,combined,ols,linear,1000,1000,0.1,1,3.312078604800071,inf,inf,1.0173700383910498,3.277036809784266,0.0,966.6829971702322,883.0153500549219,0.03396645691368586,0.13248314419200286,inf,0.009918032627767298,0.01078901465999401,0.09958931984789984,0.10387018176548075,0.0008709820322267119
2,0.0,2.0,0.2,combined,ols,linear,1000,1000,0.1,2,1.8629552135523824,inf,inf,0.9868780414404107,1.8890269448751205,0.0,975.1257118688333,930.6496549339993,0.024956817750823864,0.07451820854209532,inf,0.00981590559144587,0.009969700087068056,0.09907525216443241,0.09984838550055808,0.00015379449562218615
2,0.0,2.0,0.2,mean,rbf_svr,linear,1000,1000,0.1,0,0.0,0.0,0.0,1.0,0.0,1000.0,1000.0,1000.0,0.0,0.0,0.0,0.016906711401992795,0.018794210473815604,0.13002581052234513,0.1370919781526826,0.001887499071822809
2,0.0,2.0,0.2,mean,rbf_svr,linear,1000,1000,0.1,1,0.0,0.0,0.0,1.0,0.0,1000.0,1000.0,1000.0,0.0,0.0,0.0,0.01778785610497299,0.0225845760046404,0.13337112170546137,0.15028165558257733,0.004796719899667411
2,0.0,2.0,0.2,mean,rbf_svr,linear,1000,1000,0.1,2,0.0,0.0,0.0,1.0,0.0,1000.0,1000.0,1000.0,0.0,0.0,0.0,0.013035067086958308,0.027444107556174113,0.11417121829497269,0.1656626317434747,0.014409040469215805
2,0.0,2.0,0.2,combined,rbf_svr,linear,1000,1000,0.1,0,1.3902698017924444,inf,inf,1.0073639856487606,1.3754876022102906,0.0,968.3164772652849,947.3188484909687,0.03238670394375833,0.055610792071697786,inf,0.016906711401992795,0.11403558570793162,0.13002581052234513,0.3376915540962368,0.09712887430593883
2,0.0,2.0,0.2,combined,rbf_svr,linear,1000,1000,0.1,1,3.312078604800071,inf,inf,1.0173700383910498,3.277036809784266,0.0,966.6829971702322,883.0153500549219,0.03396645691368586,0.13248314419200286,inf,0.01778785610497299,0.07474603743041469,0.13337112170546137,0.27339721547670287,0.0569581813254417
2,0.0,2.0,0.2,combined,rbf_svr,linear,1000,1000,0.1,2,1.8629552135523824,inf,inf,0.9868780414404107,1.8890269448751205,0.0,975.1257118688333,930.6496549339993,0.024956817750823864,0.07451820854209532,inf,0.013035067086958308,0.06482062187809037,0.11417121829497269,0.25459894319908394,0.05178555479113207
2,0.0,2.0,0.3,mean,ols,linear,1000,1000,0.1,0,0.0,0.0,0.0,1.0,0.0,1000.0,1000.0,1000.0,0.0,0.0,0.0,0.010071505478150807,0.010857750417920215,0.1003568905364789,0.10420052983512232,0.0007862449397694083
2,0.0,2.0,0.3,mean,ols,linear,1000,1000,0.1,1,0.0,0.0,0.0,1.0,0.0,1000.0,1000.0,1000.0,0.0,0.0,0.0,0.009918032627767298,0.010783073909334733,0.09958931984789984,0.10384158083029521,0.0008650412815674347
2,0.0,2.0,0.3,mean,ols,linear,1000,1000,0.1,2,0.0,0.0,0.0,1.0,0.0,1000.0,1000.0,1000.0,0.0,0.0,0.0,0.00981590559144587,0.009967438673335686,0.09907525216443241,0.09983706062047143,0.00015153308188981668
2,0.0,2.0,0.3,combined,ols,linear,1000,1000,0.1,0,1.3902698017924444,inf,inf,1.0073639856487606,1.3754876022102906,0.0,931.0663053458451,888.7907014850296,0.07287008387345605,0.12512428216132,inf,0.010071505478150807,0.010857258323229674,0.1003568905364789,0.10419816852147486,0.0007857528450788669
2,0.0,2.0,0.3,combined,ols,linear,1000,1000,0.1,1,3.312078604800071,inf,inf,1.0173700383910498,3.277036809784266,0.0,927.5087942880751,770.3643458876302,0.07642452805579324,0.2980870744320064,inf,0.009918032627767298,0.010779474350746696,0.09958931984789984,0.10382424741237808,0.0008614417229793978
2,0.0,2.0,0.3,combined,ols,linear,1000,1000,0.1,2,1.8629552135523824,inf,inf,0.9868780414404107,1.8890269448751205,0.0,945.1252493772561,856.4093039966249,0.05615283993935367,0.1676659692197144,inf,0.00981590559144587,0.00996994190483479,0.09907525216443241,0.09984959641798653,0.00015403631338892047
2,0.0,2.0,0.3,mean,rbf_svr,linear,1000,1000,0.1,0,0.0,0.0,0.0,1.0,0.0,1000.0,1000.0,1000.0,0.0,0.0,0.0,0.016906711401992795,0.018798583606841807,0.13002581052234513,0.1371079268563339,0.001891872204849012
2,0.0,2.0,0.3,mean,rbf_svr,linear,1000,1000,0.1,1,0.0,0.0,0.0,1.0,0.0,1000.0,1000.0,1000.0,0.0,0.0,0.0,0.01778785610497299,0.02435642310120354,0.13337112170546137,0.15606544493001498,0.006568566996230551
2,0.0,2.0,0.3,mean,rbf_svr,linear,1000,1000,0.1,2,0.0,0.0,0.0,1.0,0.0,1000.0,1000.0,1000.0,0.0,0.0,0.0,0.013035067086958308,0.024377555751308386,0.11417121829497269,0.15613313470019227,0.011342488664350078
2,0.0,2.0,0.3,combined,rbf_svr,linear,1000,1000,0.1,0,1.3902698017924444,inf,inf,1.0073639856487606,1.3754876022102906,0.0,931.0663053458451,888.7907014850296,0.07287008387345605,0.12512428216132,inf,0.016906711401992795,0.1288635783473944,0.13002581052234513,0.35897573503984137,0.1119568669454016
2,0.0,2.0,0.3,combined,rbf_svr,linear,1000,1000,0.1,1,3.312078604800071,inf,inf,1.0173700383910498,3.277036809784266,0.0,927.5087942880751,770.3643458876302,0.07642452805579324,0.2980870744320064,inf,0.01778785610497299,0.09337623338064137,0.13337112170546137,0.3055752499477688,0.07558837727566838
2,0.0,2.0,0.3,combined,rbf_svr,linear,1000,1000,0.1,2,1.8629552135523824,inf,inf,0.9868780414404107,1.8890269448751205,0.0,945.1252493772561,856.4093039966249,0.05615283993935367,0.1676659692197144,inf,0.013035067086958308,0.11701048604053968,0.11417121829497269,0.34206795529622425,0.10397541895358137
2,0.5,1.0,0.0,mean,ols,linear,1000,1000,0.1,0,0.8460455439821939,0.6487212707001282,0.3041741996051783,1.049556921757619,0.744475811972865,1000.0,1000.0,1000.0,0.0,0.0,0.0,0.010071505478150807,0.010857801666782858,0.1003568905364789,0.10420077574942932,0.0007862961886320515
2,0.5,1.0,0.0,mean,ols,linear,1000,1000,0.1,1,0.487965126461966,0.6487212707001282,0.24780464507455904,0.974654782826062,0.5380131807762476,1000.0,1000.0,1000.0,0.0,0.0,0.0,0.009918032627767298,0.01079957119626674,0.09958931984789984,0.10392098535073048,0.0008815385684994414
2,0.5,1.0,0.0,mean,ols,linear,1000,1000,0.1,2,0.5609934254882623,0.6487212707001282,0.13523195426779552,0.9933624548854829,0.5742244587121504,1000.0,1000.0,1000.0,0.0,0.0,0.0,0.00981590559144587,0.009957270353718663,0.09907525216443241,0.09978612305184856,0.00014136476227279322
2,0.5,1.0,0.0,combined,ols,linear,1000,1000,0.1,0,0.8460455439821939,0.6487212707001282,0.3041741996051783,1.049556921757619,0.744475811972865,1000.0,1000.0,1000.0,0.0,0.0,0.0,0.010071505478150807,0.010857801666782858,0.1003568905364789,0.10420077574942932,0.0007862961886320515
2,0.5,1.0,0.0,combined,ols,linear,1000,1000,0.1,1,0.487965126461966,0.6487212707001282,0.24780464507455904,0.974654782826062,0.5380131807762476,1000.0,1000.0,1000.0,0.0,0.0,0.0,0.009918032627767298,0.01079957119626674,0.09958931984789984,0.10392098535073048,0.0008815385684994414
2,0.5,1.0,0.0,combined,ols,linear,1000,1000,0.1,2,0.5609934254882623,0.6487212707001282,0.13523195426779552,0.9933624548854829,0.5742244587121504,1000.0,1000.0,1000.0,0.0,0.0,0.0,0.00981590559144587,0.009957270353718663,0.09907525216443241,0.09978612305184856,0.00014136476227279322
2,0.5,1.0,0.0,mean,rbf_svr,linear,1000,1000,0.1,0,0.8460455439821939,0.6487212707001282,0.3041741996051783,1.049556921757619,0.744475811972865,1000.0,1000.0,1000.0,0.0,0.0,0.0,0.016906711401992795,0.017825017305255535,0.13002581052234513,0.13351036403686245,0.0009183059032627401
2,0.5,1.0,0.0,mean,rbf_svr,linear,1000,1000,0.1,1,0.487965126461966,0.6487212707001282,0.24780464507455904,0.974654782826062,0.5380131807762476,1000.0,1000.0,1000.0,0.0,0.0,0.0,0.01778785610497299,0.023189854819599686,0.13337112170546137,0.15228215528944844,0.005401998714626696
2,0.5,1.0,0.0,mean,rbf_svr,linear,1000,1000,0.1,2,0.5609934254882623,0.6487212707001282,0.13523195426779552,0.9933624548854829,0.5742244587121504,1000.0,1000.0,1000.0,0.0,0.0,0.0,0.013035067086958308,0.027723983432472957,0.11417121829497269,0.16650520542155117,0.01468891634551465
2,0.5,1.0,0.0,combined,rbf_svr,linear,1000,1000,0.1,0,0.8460455439821939,0.6487212707001282,0.3041741996051783,1.049556921757619,0.744475811972865,1000.0,1000.0,1000.0,0.0,0.0,0.0,0.016906711401992795,0.017825017305255535,0.13002581052234513,0.13351036403686245,0.0009183059032627401
2,0.5,1.0,0.0,combined,rbf_svr,linear,1000,1000,0.1,1,0.487965126461966,0.6487212707001282,0.24780464507455904,0.974654782826062,0.5380131807762476,1000.0,1000.0,1000.0,0.0,0.0,0.0,0.01778785610497299,0.023189854819599686,0.13337112170546137,0.15228215528944844,0.005401998714626696
2,0.5,1.0,0.0,combined,rbf_svr,linear,1000,1000,0.1,2,0.5609934254882623,0.6487212707001282,0.13523195426779552,0.9933624548854829,0.5742244587121504,1000.0,1000.0,1000.0,0.0,0.0,0.0,0.013035067086958308,0.027723983432472957,0.11417121829497269,0.16650520542155117,0.01468891634551465
2,0.5,1.0,0.1,mean,ols,linear,1000,1000,0.1,0,0.8460455439821939,0.6487212707001282,0.3041741996051783,1.049556921757619,0.744475811972865,993.5545999739494,993.905414147573,991.610523353509,0.00614959606670819,0.008460455439821941,0.006487212707001283,0.010071505478150807,0.010863695948513762,0.1003568905364789,0.10422905520301795,0.0007921904703629551
2,0.5,1.0,0.1,mean,ols,linear,1000,1000,0.1,1,0.487965126461966,0.6487212707001282,0.24780464507455904,0.974654782826062,0.5380131807762476,993.5545999739494,993.9942608102424,995.144044106696,0.0060531259673853805,0.004879651264619661,0.006487212707001283,0.009918032627767298,0.01078950970998518,0.09958931984789984,0.1038725647607932,0.0008714770822178808
2,0.5,1.0,0.1,mean,ols,linear,1000,1000,0.1,2,0.5609934254882623,0.6487212707001282,0.13523195426779552,0.9933624548854829,0.5742244587121504,993.5545999739494,994.5514042653422,994.4213615401092,0.00547045780479155,0.005609934254882623,0.006487212707001283,0.00981590559144587,0.009962095546667785,0.09907525216443241,0.09981029779871306,0.00014618995522191515
2,0.5,1.0,0.1,combined,ols,linear,1000,1000,0.1,0,0.8460455439821939,0.6487212707001282,0.3041741996051783,1.049556921757619,0.744475811972865,993.5545999739494,993.905414147573,991.610523353509,0.00614959606670819,0.008460455439821941,0.006487212707001283,0.010071505478150807,0.010863695948513762,0.1003568905364789,0.10422905520301795,0.0007921904703629551
2,0.5,1.0,0.1,combined,ols,linear,1000,1000,0.1,1,0.487965126461966,0.6487212707001282,0.24780464507455904,0.974654782826062,0.5380131807762476,993.5545999739494,993.9942608102424,995.144044106696,0.0060531259673853805,0.004879651264619661,0.006487212707001283,0.009918032627767298,0.01078950970998518,0.09958931984789984,0.1038725647607932,0.0008714770822178808
2,0.5,1.0,0.1,combined,ols,linear,1000,1000,0.1,2,0.5609934254882623,0.6487212707001282,0.13523195426779552,0.9933624548854829,0.5742244587121504,993.5545999739494,994.5514042653422,994.4213615401092,0.00547045780479155,0.005609934254882623,0.006487212707001283,0.00981590559144587,0.009962095546667785,0.09907525216443241,0.09981029779871306,0.00014618995522191515
2,0.5,1.0,0.1,mean,rbf_svr,linear,1000,1000,0.1,0,0.8460455439821939,0.6487212707001282,0.3041741996051783,1.049556921757619,0.744475811972865,993.5545999739494,993.905414147573,991.610523353509,0.00614959606670819,0.008460455439821941,0.006487212707001283,0.016906711401992795,0.030667568082768208,0.13002581052234513,0.17512158085960797,0.013760856680775414
2,0.5,1.0,0.1,mean,rbf_svr,linear,1000,1000,0.1,1,0.487965126461966,0.6487212707001282,0.24780464507455904,0.974654782826062,0.5380131807762476,993.5545999739494,993.9942608102424,995.144044106696,0.0060531259673853805,0.004879651264619661,0.006487212707001283,0.01778785610497299,0.026043533101371103,0.13337112170546137,0.16138008892478373,0.008255676996398113
2,0.5,1.0,0.1,mean,rbf_svr,linear,1000,1000,0.1,2,0.5609934254882623,0.6487212707001282,0.13523195426779552,0.9933624548854829,0.5742244587121504,993.5545999739494,994.5514042653422,994.4213615401092,0.00547045780479155,0.005609934254882623,0.006487212707001283,0.013035067086958308,0.029852337552682125,0.11417121829497269,0.17277829016598736,0.016817270465723816
2,0.5,1.0,0.1,combined,rbf_svr,linear,1000,1000,0.1,0,0.8460455439821939,0.6487212707001282,0.3041741996051783,1.049556921757619,0.744475811972865,993.5545999739494,993.905414147573,991.610523353509,0.00614959606670819,0.008460455439821941,0.006487212707001283,0.016906711401992795,0.030667568082768208,0.13002581052234513,0.17512158085960797,0.013760856680775414
2,0.5,1.0,0.1,combined,rbf_svr,linear,1000,1000,0.1,1,0.487965126461966,0.6487212707001282,0.24780464507455904,0.974654782826062,0.5380131807762476,993.5545999739494,993.9942608102424,995.144044106696,0.0060531259673853805,0.004879651264619661,0.006487212707001283,0.01778785610497299,0.026043533101371103,0.13337112170546137,0.16138008892478373,0.008255676996398113
2,0.5,1.0,0.1,combined,rbf_svr,linear,1000,1000,0.1,2,0.5609934254882623,0.6487212707001282,0.13523195426779552,0.9933624548854829,0.5742244587121504,993.5545999739494,994.5514042653422,994.4213615401092,0.00547045780479155,0.005609934254882623,0.006487212707001283,0.013035067086958308,0.029852337552682125,0.11417121829497269,0.17277829016598736,0.016817270465723816
2,0.5,1.0,0.2,mean,ols,linear,1000,1000,0.1,0,0.8460455439821939,0.6487212707001282,0.3041741996051783,1.049556921757619,0.744475811972865,974.7074614810839,976.1030417546285,967.2659578602661,0.02459838426683277,0.033841821759287766,0.025948850828005132,0.010071505478150807,0.010862749427196195,0.1003568905364789,0.10422451452127851,0.0007912439490453879
2,0.5,1.0,0.2,mean,ols,linear,1000,1000,0.1,1,0.487965126461966,0.6487212707001282,0.24780464507455904,0.974654782826062,0.5380131807762476,974.7074614810839,976.4214318247795,980.855077129898,0.024212503869541525,0.019518605058478643,0.025948850828005132,0.009918032627767298,0.010784596108919693,0.09958931984789984,0.1038489100035224,0.0008665634811523947
2,0.5,1.0,0.2,mean,ols,linear,1000,1000,0.1,2,0.5609934254882623,0.6487212707001282,0.13523195426779552,0.9933624548854829,0.5742244587121504,974.7074614810839,978.5043971400538,978.0527534219831,0.021881831219166197,0.022439737019530493,0.025948850828005132,0.00981590559144587,0.009969865816652377,0.09907525216443241,0.09984921540328887,0.00015396022520650782
2,0.5,1.0,0.2,combined,ols,linear,1000,1000,0.1,0,0.8460455439821939,0.6487212707001282,0.3041741996051783,1.049556921757619,0.744475811972865,974.7074614810839,976.1030417546285,967.2659578602661,0.02459838426683277,0.033841821759287766,0.025948850828005132,0.010071505478150807,0.010862749427196195,0.1003568905364789,0.10422451452127851,0.0007912439490453879
2,0.5,1.0,0.2,combined,ols,linear,1000,1000,0.1,1,0.487965126461966,0.6487212707001282,0.24780464507455904,0.974654782826062,0.5380131807762476,974.7074614810839,976.4214318247795,980.855077129898,0.024212503869541525,0.019518605058478643,0.025948850828005132,0.009918032627767298,0.010784596108919693,0.09958931984789984,0.1038489100035224,0.0008665634811523947
2,0.5,1.0,0.2,combined,ols,linear,1000,1000,0.1,2,0.5609934254882623,0.6487212707001282,0.13523195426779552,0.9933624548854829,0.5742244587121504,974.7074614810839,978.5043971400538,978.0527534219831,0.021881831219166197,0.022439737019530493,0.025948850828005132,0.00981590559144587,0.009969865816652377,0.09907525216443241,0.09984921540328887,0.00015396022520650782
2,0.5,1.0,0.2,mean,rbf_svr,linear,1000,1000,0.1,0,0.8460455439821939,0.6487212707001282,0.3041741996051783,1.049556921757619,0.744475811972865,974.7074614810839,976.1030417546285,967.2659578602661,0.02459838426683277,0.033841821759287766,0.025948850828005132,0.016906711401992795,0.039725566846069565,0.13002581052234513,0.19931273628664467,0.02281885544407677
2,0.5,1.0,0.2,mean,rbf_svr,linear,1000,1000,0.1,1,0.487965126461966,0.6487212707001282,0.24780464507455904,0.974654782826062,0.5380131807762476,974.7074614810839,976.4214318247795,980.855077129898,0.024212503869541525,0.019518605058478643,0.025948850828005132,0.01778785610497299,0.030443170114583203,0.13337112170546137,0.1744797126160609,0.012655314009610213
2,0.5,1.0,0.2,mean,rbf_svr,linear,1000,1000,0.1,2,0.5609934254882623,0.6487212707001282,0.13523195426779552,0.9933624548854829,0.5742244587121504,974.7074614810839,978.5043971400538,978.0527534219831,0.021881831219166197,0.022439737019530493,0.025948850828005132,0.013035067086958308,0.03135552815056576,0.11417121829497269,0.1770749224214591,0.018320461063607456
2,0.5,1.0,0.2,combined,rbf_svr,linear,1000,1000,0.1,0,0.8460455439821939,0.6487212707001282,0.3041741996051783,1.049556921757619,0.744475811972865,974.7074614810839,976.1030417546285,967.2659578602661,0.02459838426683277,0.033841821759287766,0.025948850828005132,0.016906711401992795,0.039725566846069565,0.13002581052234513,0.19931273628664467,0.02281885544407677
2,0.5,1.0,0.2,combined,rbf_svr,linear,1000,1000,0.1,1,0.487965126461966,0.6487212707001282,0.24780464507455904,0.974654782826062,0.5380131807762476,974.7074614810839,976.4214318247795,980.855077129898,0.024212503869541525,0.019518605058478643,0.025948850828005132,0.01778785610497299,0.030443170114583203,0.13337112170546137,0.1744797126160609,0.012655314009610213
2,0.5,1.0,0.2,combined,rbf_svr,linear,1000,1000,0.1,2,0.5609934254882623,0.6487212707001282,0.13523195426779552,0.9933624548854829,0.5742244587121504,974.7074614810839,978.5043971400538,978.0527534219831,0.021881831219166197,0.022439737019530493,0.025948850828005132,0.013035067086958308,0.03135552815056576,0.11417121829497269,0.1770749224214591,0.018320461063607456
2,0.5,1.0,0.3,mean,ols,linear,1000,1000,0.1,0,0.8460455439821939,0.6487212707001282,0.3041741996051783,1.049556921757619,0.744475811972865,944.8358403727339,947.8837523656235,929.2435845421654,0.05534636460037361,0.07614409895839745,0.058384914363011534,0.010071505478150807,0.010856063742542634,0.1003568905364789,0.10419243611002976,0.0007845582643918273
2,0.5,1.0,0.3,mean,ols,linear,1000,1000,0.1,1,0.487965126461966,0.6487212707001282,0.24780464507455904,0.974654782826062,0.5380131807762476,944.8358403727339,948.5078228763466,957.9306906457522,0.05447813370646825,0.04391686138157694,0.058384914363011534,0.009918032627767298,0.010775772098372,0.09958931984789984,0.10380641646050594,0.0008577394706047008
2,0.5,1.0,0.3,mean,ols,linear,1000,1000,0.1,2,0.5609934254882623,0.6487212707001282,0.13523195426779552,0.9933624548854829,0.5742244587121504,944.8358403727339,952.7896498858247,951.9372514417435,0.04923412024312398,0.0504894082939436,0.058384914363011534,0.00981590559144587,0.009970341859824905,0.09907525216443241,0.09985159918511523,0.00015443626837903512
2,0.5,1.0,0.3,combined,ols,linear,1000,1000,0.1,0,0.8460455439821939,0.6487212707001282,0.3041741996051783,1.049556921757619,0.744475811972865,944.8358403727339,947.8837523656235,929.2435845421654,0.05534636460037361,0.07614409895839745,0.058384914363011534,0.010071505478150807,0.010856063742542634,0.1003568905364789,0.10419243611002976,0.0007845582643918273
2,0.5,1.0,0.3,combined,ols,linear,1000,1000,0.1,1,0.487965126461966,0.6487212707001282,0.24780464507455904,0.974654782826062,0.5380131807762476,944.8358403727339,948.5078228763466,957.9306906457522,0.05447813370646825,0.04391686138157694,0.058384914363011534,0.009918032627767298,0.010775772098372,0.09958931984789984,0.10380641646050594,0.0008577394706047008
2,0.5,1.0,0.3,combined,ols,linear,1000,1000,0.1,2,0.5609934254882623,0.6487212707001282,0.13523195426779552,0.9933624548854829,0.5742244587121504,944.8358403727339,952.7896498858247,951.9372514417435,0.04923412024312398,0.0504894082939436,0.058384914363011534,0.00981590559144587,0.009970341859824905,0.09907525216443241,0.09985159918511523,0.00015443626837903512
2,0.5,1.0,0.3,mean,rbf_svr,linear,1000,1000,0.1,0,0.8460455439821939,0.6487212707001282,0.3041741996051783,1.049556921757619,0.744475811972865,944.8358403727339,947.8837523656235,929.2435845421654,0.05534636460037361,0.07614409895839745,0.058384914363011534,0.016906711401992795,0.042165968170950245,0.13002581052234513,0.20534353695928745,0.02525925676895745
2,0.5,1.0,0.3,mean,rbf_svr,linear,1000,1000,0.1,1,0.487965126461966,0.6487212707001282,0.24780464507455904,0.974654782826062,0.5380131807762476,944.8358403727339,948.5078228763466,957.9306906457522,0.05447813370646825,0.04391686138157694,0.058384914363011534,0.01778785610497299,0.03765202436604955,0.13337112170546137,0.19404129551734484,0.01986416826107656
2,0.5,1.0,0.3,mean,rbf_svr,linear,1000,1000,0.1,2,0.5609934254882623,0.6487212707001282,0.13523195426779552,0.9933624548854829,0.5742244587121504,944.8358403727339,952.7896498858247,951.9372514417435,0.04923412024312398,0.0504894082939436,0.058384914363011534,0.013035067086958308,0.026955334175089725,0.11417121829497269,0.16418079721785286,0.013920267088131417
2,0.5,1.0,0.3,combined,rbf_svr,linear,1000,1000,0.1,0,0.8460455439821939,0.6487212707001282,0.3041741996051783,1.049556921757619,0.744475811972865,944.8358403727339,947.8837523656235,929.2435845421654,0.05534636460037361,0.07614409895839745,0.058384914363011534,0.016906711401992795,0.042165968170950245,0.13002581052234513,0.20534353695928745,0.02525925676895745
2,0.5,1.0,0.3,combined,rbf_svr,linear,1000,1000,0.1,1,0.487965126461966,0.6487212707001282,0.24780464507455904,0.974654782826062,0.5380131807762476,944.8358403727339,948.5078228763466,957.9306906457522,0.05447813370646825,0.04391686138157694,0.058384914363011534,0.01778785610497299,0.03765202436604955,0.13337112170546137,0.19404129551734484,0.01986416826107656
2,0.5,1.0,0.3,combined,rbf_svr,linear,1000,1000,0.1,2,0.5609934254882623,0.6487212707001282,0.13523195426779552,0.9933624548854829,0.5742244587121504,944.8358403727339,952.7896498858247,951.9372514417435,0.04923412024312398,0.0504894082939436,0.058384914363011534,0.013035067086958308,0.026955334175089725,0.11417121829497269,0.16418079721785286,0.013920267088131417
2,0.5,1.5,0.0,mean,ols,linear,1000,1000,0.1,0,0.8460455439821939,0.6487212707001282,0.3041741996051783,1.049556921757619,0.744475811972865,1000.0,1000.0,1000.0,0.0,0.0,0.0,0.010071505478150807,0.010857801666782858,0.1003568905364789,0.10420077574942932,0.0007862961886320515
2,0.5,1.5,0.0,mean,ols,linear,1000,1000,0.1,1,0.487965126461966,0.6487212707001282,0.24780464507455904,0.974654782826062,0.5380131807762476,1000.0,1000.0,1000.0,0.0,0.0,0.0,0.009918032627767298,0.01079957119626674,0.09958931984789984,0.10392098535073048,0.0008815385684994414
2,0.5,1.5,0.0,mean,ols,linear,1000,1000,0.1,2,0.5609934254882623,0.6487212707001282,0.13523195426779552,0.9933624548854829,0.5742244587121504,1000.0,1000.0,1000.0,0.0,0.0,0.0,0.00981590559144587,0.009957270353718663,0.09907525216443241,0.09978612305184856,0.00014136476227279322
2,0.5,1.5,0.0,combined,ols,linear,1000,1000,0.1,0,2.786817659249658,2.624375771278727,0.061897343264902,1.0650984170934021,2.6523830211547827,1000.0,1000.0,1000.0,0.0,0.0,0.0,0.010071505478150807,0.010857801666782858,0.1003568905364789,0.10420077574942932,0.0007862961886320515
2,0.5,1.5,0.0,combined,ols,linear,1000,1000,0.1,1,0.7209595024628397,2.624375771278727,0.7252834329774535,0.9435425304710473,0.8306869956551327,1000.0,1000.0,1000.0,0.0,0.0,0.0,0.009918032627767298,0.01079957119626674,0.09958931984789984,0.10392098535073048,0.0008815385684994414
2,0.5,1.5,0.0,combined,ols,linear,1000,1000,0.1,2,0.7067632583393837,2.624375771278727,0.730692812334945,0.9661146928584252,0.7733856585824552,1000.0,1000.0,1000.0,0.0,0.0,0.0,0.00981590559144587,0.009957270353718663,0.09907525216443241,0.09978612305184856,0.00014136476227279322
2,0.5,1.5,0.0,mean,rbf_svr,linear,1000,1000,0.1,0,0.8460455439821939,0.6487212707001282,0.3041741996051783,1.049556921757619,0.744475811972865,1000.0,1000.0,1000.0,0.0,0.0,0.0,0.016906711401992795,0.017825017305255535,0.13002581052234513,0.13351036403686245,0.0009183059032627401
2,0.5,1.5,0.0,mean,rbf_svr,linear,1000,1000,0.1,1,0.487965126461966,0.6487212707001282,0.24780464507455904,0.974654782826062,0.5380131807762476,1000.0,1000.0,1000.0,0.0,0.0,0.0,0.01778785610497299,0.023189854819599686,0.13337112170546137,0.15228215528944844,0.005401998714626696
2,0.5,1.5,0.0,mean,rbf_svr,linear,1000,1000,0.1,2,0.5609934254882623,0.6487212707001282,0.13523195426779552,0.9933624548854829,0.5742244587121504,1000.0,1000.0,1000.0,0.0,0.0,0.0,0.013035067086958308,0.027723983432472957,0.11417121829497269,0.16650520542155117,0.01468891634551465
2,0.5,1.5,0.0,combined,rbf_svr,linear,1000,1000,0.1,0,2.786817659249658,2.624375771278727,0.061897343264902,1.0650984170934021,2.6523830211547827,1000.0,1000.0,1000.0,0.0,0.0,0.0,0.016906711401992795,0.017825017305255535,0.13002581052234513,0.13351036403686245,0.0009183059032627401
2,0.5,1.5,0.0,combined,rbf_svr,linear,1000,1000,0.1,1,0.7209595024628397,2.624375771278727,0.7252834329774535,0.9435425304710473,0.8306869956551327,1000.0,1000.0,1000.0,0.0,0.0,0.0,0.01778785610497299,0.023189854819599686,0.13337112170546137,0.15228215528944844,0.005401998714626696
2,0.5,1.5,0.0,combined,rbf_svr,linear,1000,1000,0.1,2,0.7067632583393837,2.624375771278727,0.730692812334945,0.9661146928584252,0.7733856585824552,1000.0,1000.0,1000.0,0.0,0.0,0.0,0.013035067086958308,0.027723983432472957,0.11417121829497269,0.16650520542155117,0.01468891634551465
2,0.5,1.5,0.1,mean,ols,linear,1000,1000,0.1,0,0.8460455439821939,0.6487212707001282,0.3041741996051783,1.049556921757619,0.744475811972865,993.5545999739494,993.905414147573,991.610523353509,0.00614959606670819,0.008460455439821941,0.006487212707001283,0.010071505478150807,0.010863695948513762,0.1003568905364789,0.10422905520301795,0.0007921904703629551
2,0.5,1.5,0.1,mean,ols,linear,1000,1000,0.1,1,0.487965126461966,0.6487212707001282,0.24780464507455904,0.974654782826062,0.5380131807762476,993.5545999739494,993.9942608102424,995.144044106696,0.0060531259673853805,0.004879651264619661,0.006487212707001283,0.009918032627767298,0.01078950970998518,0.09958931984789984,0.1038725647607932,0.0008714770822178808
2,0.5,1.5,0.1,mean,ols,linear,1000,1000,0.1,2,0.5609934254882623,0.6487212707001282,0.13523195426779552,0.9933624548854829,0.5742244587121504,993.5545999739494,994.5514042653422,994.4213615401092,0.00547045780479155,0.005609934254882623,0.006487212707001283,0.00981590559144587,0.009962095546667785,0.09907525216443241,0.09981029779871306,0.00014618995522191515
2,0.5,1.5,0.1,combined,ols,linear,1000,1000,0.1,0,2.786817659249658,2.624375771278727,0.061897343264902,1.0650984170934021,2.6523830211547827,974.4273643415115,990.8738572713438,972.887402074376,0.00918393324964895,0.027868176592496584,0.026243757712787273,0.010071505478150807,0.010863853177398564,0.1003568905364789,0.10422980944719493,0.0007923476992477575
2,0.5,1.5,0.1,combined,ols,linear,1000,1000,0.1,1,0.7209595024628397,2.624375771278727,0.7252834329774535,0.9435425304710473,0.8306869956551327,974.4273643415115,989.6822121611393,992.8420111759835,0.010371704023218567,0.007209595024628398,0.026243757712787273,0.009918032627767298,0.010788547216128295,0.09958931984789984,0.10386793160609435,0.0008705145883609964
2,0.5,1.5,0.1,combined,ols,linear,1000,1000,0.1,2,0.7067632583393837,2.624375771278727,0.730692812334945,0.9661146928584252,0.7733856585824552,974.4273643415115,991.791273514719,992.9819682862178,0.008197286597962093,0.007067632583393838,0.026243757712787273,0.00981590559144587,0.00996238129441732,0.09907525216443241,0.09981172924269632,0.00014647570297145023
2,0.5,1.5,0.1,mean,rbf_svr,linear,1000,1000,0.1,0,0.8460455439821939,0.6487212707001282,0.3041741996051783,1.049556921757619,0.744475811972865,993.5545999739494,993.905414147573,991.610523353509,0.00614959606670819,0.008460455439821941,0.006487212707001283,0.016906711401992795,0.030667568082768208,0.13002581052234513,0.17512158085960797,0.013760856680775414
2,0.5,1.5,0.1,mean,rbf_svr,linear,1000,1000,0.1,1,0.487965126461966,0.6487212707001282,0.24780464507455904,0.974654782826062,0.5380131807762476,993.5545999739494,993.9942608102424,995.144044106696,0.0060531259673853805,0.004879651264619661,0.006487212707001283,0.01778785610497299,0.026043533101371103,0.13337112170546137,0.16138008892478373,0.008255676996398113
2,0.5,1.5,0.1,mean,rbf_svr,linear,1000,1000,0.1,2,0.5609934254882623,0.6487212707001282,0.13523195426779552,0.9933624548854829,0.5742244587121504,993.5545999739494,994.5514042653422,994.4213615401092,0.00547045780479155,0.005609934254882623,0.006487212707001283,0.013035067086958308,0.029852337552682125,0.11417121829497269,0.17277829016598736,0.016817270465723816
2,0.5,1.5,0.1,combined,rbf_svr,linear,1000,1000,0.1,0,2.786817659249658,2.624375771278727,0.061897343264902,1.0650984170934021,2.6523830211547827,974.4273643415115,990.8738572713438,972.887402074376,0.00918393324964895,0.027868176592496584,0.026243757712787273,0.016906711401992795,0.07087791098159851,0.13002581052234513,0.2662290573577545,0.05397119957960572
2,0.5,1.5,0.1,combined,rbf_svr,linear,1000,1000,0.1,1,0.7209595024628397,2.624375771278727,0.7252834329774535,0.9435425304710473,0.8306869956551327,974.4273643415115,989.6822121611393,992.8420111759835,0.010371704023218567,0.007209595024628398,0.026243757712787273,0.01778785610497299,0.046588250248841896,0.13337112170546137,0.21584311489793204,0.028800394143868906
2,0.5,1.5,0.1,combined,rbf_svr,linear,1000,1000,0.1,2,0.7067632583393837,2.624375771278727,0.730692812334945,0.9661146928584252,0.7733856585824552,974.4273643415115,991.791273514719,992.9819682862178,0.008197286597962093,0.007067632583393838,0.026243757712787273,0.013035067086958308,0.047970020516548556,0.11417121829497269,0.21902059381836347,0.03493495342959025
2,0.5,1.5,0.2,mean,ols,linear,1000,1000,0.1,0,0.8460455439821939,0.6487212707001282,0.3041741996051783,1.049556921757619,0.744475811972865,974.7074614810839,976.1030417546285,967.2659578602661,0.02459838426683277,0.033841821759287766,0.025948850828005132,0.010071505478150807,0.010862749427196195,0.1003568905364789,0.10422451452127851,0.0007912439490453879
2,0.5,1.5,0.2,mean,ols,linear,1000,1000,0.1,1,0.487965126461966,0.6487212707001282,0.24780464507455904,0.974654782826062,0.5380131807762476,974.7074614810839,976.4214318247795,980.855077129898,0.024212503869541525,0.019518605058478643,0.025948850828005132,0.009918032627767298,0.010784596108919693,0.09958931984789984,0.1038489100035224,0.0008665634811523947
2,0.5,1.5,0.2,mean,ols,linear,1000,1000,0.1,2,0.5609934254882623,0.6487212707001282,0.13523195426779552,0.9933624548854829,0.5742244587121504,974.7074614810839,978.5043971400538,978.0527534219831,0.021881831219166197,0.022439737019530493,0.025948850828005132,0.00981590559144587,0.009969865816652377,0.09907525216443241,0.09984921540328887,0.00015396022520650782
2,0.5,1.5,0.2,combined,ols,linear,1000,1000,0.1,0,2.786817659249658,2.624375771278727,0.061897343264902,1.0650984170934021,2.6523830211547827,904.9978253623632,964.3355944613802,899.7072031268762,0.03673573299859582,0.11147270636998634,0.10497503085114909,0.010071505478150807,0.010862982395936452,0.1003568905364789,0.10422563214457589,0.0007914769177856454
2,0.5,1.5,0.2,combined,ols,linear,1000,1000,0.1,1,0.7209595024628397,2.624375771278727,0.7252834329774535,0.9435425304710473,0.8306869956551327,904.9978253623632,959.729844109376,971.9699608253802,0.041486816092874274,0.028838380098513593,0.10497503085114909,0.009918032627767298,0.010783555611243827,0.09958931984789984,0.10384390021201932,0.0008655229834765282
2,0.5,1.5,0.2,combined,ols,linear,1000,1000,0.1,2,0.7067632583393837,2.624375771278727,0.730692812334945,0.9661146928584252,0.7733856585824552,904.9978253623632,967.6208596102986,972.5067192926318,0.032789146391848364,0.028270530333575353,0.10497503085114909,0.00981590559144587,0.009970584876319362,0.09907525216443241,0.09985281606604474,0.00015467928487349243
2,0.5,1.5,0.2,mean,rbf_svr,linear,1000,1000,0.1,0,0.8460455439821939,0.6487212707001282,0.3041741996051783,1.049556921757619,0.744475811972865,974.7074614810839,976.1030417546285,967.2659578602661,0.02459838426683277,0.033841821759287766,0.025948850828005132,0.016906711401992795,0.039725566846069565,0.13002581052234513,0.19931273628664467,0.02281885544407677
2,0.5,1.5,0.2,mean,rbf_svr,linear,1000,1000,0.1,1,0.487965126461966,0.6487212707001282,0.24780464507455904,0.974654782826062,0.5380131807762476,974.7074614810839,976.4214318247795,980.855077129898,0.024212503869541525,0.019518605058478643,0.025948850828005132,0.01778785610497299,0.030443170114583203,0.13337112170546137,0.1744797126160609,0.012655314009610213
2,0.5,1.5,0.2,mean,rbf_svr,linear,1000,1000,0.1,2,0.5609934254882623,0.6487212707001282,0.13523195426779552,0.9933624548854829,0.5742244587121504,974.7074614810839,978.5043971400538,978.0527534219831,0.021881831219166197,0.022439737019530493,0.025948850828005132,0.013035067086958308,0.03135552815056576,0.11417121829497269,0.1770749224214591,0.018320461063607456
2,0.5,1.5,0.2,combined,rbf_svr,linear,1000,1000,0.1,0,2.786817659249658,2.624375771278727,0.061897343264902,1.0650984170934021,2.6523830211547827,904.9978253623632,964.3355944613802,899.7072031268762,0.03673573299859582,0.11147270636998634,0.10497503085114909,0.016906711401992795,0.10872925999064328,0.13002581052234513,0.3297412015363614,0.0918225485886505
2,0.5,1.5,0.2,combined,rbf_svr,linear,1000,1000,0.1,1,0.7209595024628397,2.624375771278727,0.7252834329774535,0.9435425304710473,0.8306869956551327,904.9978253623632,959.729844109376,971.9699608253802,0.041486816092874274,0.028838380098513593,0.10497503085114909,0.01778785610497299,0.08439797072522216,0.13337112170546137,0.290513288379761,0.06661011462024917
2,0.5,1.5,0.2,combined,rbf_svr,linear,1000,1000,0.1,2,0.7067632583393837,2.624375771278727,0.730692812334945,0.9661146928584252,0.7733856585824552,904.9978253623632,967.6208596102986,972.5067192926318,0.032789146391848364,0.028270530333575353,0.10497503085114909,0.013035067086958308,0.06378060727492152,0.11417121829497269,0.25254822762181783,0.05074554018796321
2,0.5,1.5,0.3,mean,ols,linear,1000,1000,0.1,0,0.8460455439821939,0.6487212707001282,0.3041741996051783,1.049556921757619,0.744475811972865,944.8358403727339,947.8837523656235,929.2435845421654,0.05534636460037361,0.07614409895839745,0.058384914363011534,0.010071505478150807,0.010856063742542634,0.1003568905364789,0.10419243611002976,0.0007845582643918273
2,0.5,1.5,0.3,mean,ols,linear,1000,1000,0.1,1,0.487965126461966,0.6487212707001282,0.24780464507455904,0.974654782826062,0.5380131807762476,944.8358403727339,948.5078228763466,957.9306906457522,0.05447813370646825,0.04391686138157694,0.058384914363011534,0.009918032627767298,0.010775772098372,0.09958931984789984,0.10380641646050594,0.0008577394706047008
2,0.5,1.5,0.3,mean,ols,linear,1000,1000,0.1,2,0.5609934254882623,0.6487212707001282,0.13523195426779552,0.9933624548854829,0.5742244587121504,944.8358403727339,952.7896498858247,951.9372514417435,0.04923412024312398,0.0504894082939436,0.058384914363011534,0.00981590559144587,0.009970341859824905,0.09907525216443241,0.09985159918511523,0.00015443626837903512
2,0.5,1.5,0.3,combined,ols,linear,1000,1000,0.1,0,2.786817659249658,2.624375771278727,0.061897343264902,1.0650984170934021,2.6523830211547827,808.9346381566263,922.9047937808446,799.4796415137105,0.08265539924684052,0.2508135893324692,0.2361938194150854,0.010071505478150807,0.010855762151897522,0.1003568905364789,0.10419098882291847,0.0007842566737467152
2,0.5,1.5,0.3,combined,ols,linear,1000,1000,0.1,1,0.7209595024628397,2.624375771278727,0.7252834329774535,0.9435425304710473,0.8306869956551327,808.9346381566263,913.2447400364937,939.0673428169248,0.09334533620896711,0.06488635522165558,0.2361938194150854,0.009918032627767298,0.010773771013970118,0.09958931984789984,0.10379677747391833,0.0008557383862028197
2,0.5,1.5,0.3,combined,ols,linear,1000,1000,0.1,2,0.7067632583393837,2.624375771278727,0.730692812334945,0.9661146928584252,0.7733856585824552,808.9346381566263,929.2775004750198,940.1953992533223,0.0737755793816588,0.06360869325054452,0.2361938194150854,0.00981590559144587,0.009971653003615757,0.09907525216443241,0.09985816443143623,0.00015574741216988798
2,0.5,1.5,0.3,mean,rbf_svr,linear,1000,1000,0.1,0,0.8460455439821939,0.6487212707001282,0.3041741996051783,1.049556921757619,0.744475811972865,944.8358403727339,947.8837523656235,929.2435845421654,0.05534636460037361,0.07614409895839745,0.058384914363011534,0.016906711401992795,0.042165968170950245,0.13002581052234513,0.20534353695928745,0.02525925676895745
2,0.5,1.5,0.3,mean,rbf_svr,linear,1000,1000,0.1,1,0.487965126461966,0.6487212707001282,0.24780464507455904,0.974654782826062,0.5380131807762476,944.8358403727339,948.5078228763466,957.9306906457522,0.05447813370646825,0.04391686138157694,0.058384914363011534,0.01778785610497299,0.03765202436604955,0.13337112170546137,0.19404129551734484,0.01986416826107656
2,0.5,1.5,0.3,mean,rbf_svr,linear,1000,1000,0.1,2,0.5609934254882623,0.6487212707001282,0.13523195426779552,0.9933624548854829,0.5742244587121504,944.8358403727339,952.7896498858247,951.9372514417435,0.04923412024312398,0.0504894082939436,0.058384914363011534,0.013035067086958308,0.026955334175089725,0.11417121829497269,0.16418079721785286,0.013920267088131417
2,0.5,1.5,0.3,combined,rbf_svr,linear,1000,1000,0.1,0,2.786817659249658,2.624375771278727,0.061897343264902,1.0650984170934021,2.6523830211547827,808.9346381566263,922.9047937808446,799.4796415137105,0.08265539924684052,0.2508135893324692,0.2361938194150854,0.016906711401992795,0.12866243464628685,0.13002581052234513,0.35869546226051824,0.11175572324429406
2,0.5,1.5,0.3,combined,rbf_svr,linear,1000,1000,0.1,1,0.7209595024628397,2.624375771278727,0.7252834329774535,0.9435425304710473,0.8306869956551327,808.9346381566263,913.2447400364937,939.0673428169248,0.09334533620896711,0.06488635522165558,0.2361938194150854,0.01778785610497299,0.10413141032944577,0.13337112170546137,0.322693988678819,0.08634355422447278
2,0.5,1.5,0.3,combined,rbf_svr,linear,1000,1000,0.1,2,0.7067632583393837,2.624375771278727,0.730692812334945,0.9661146928584252,0.7733856585824552,808.9346381566263,929.2775004750198,940.1953992533223,0.0737755793816588,0.06360869325054452,0.2361938194150854,0.013035067086958308,0.07430122803956522,0.11417121829497269,0.27258251601958117,0.06126616095260692
2,0.5,2.0,0.0,mean,ols,linear,1000,1000,0.1,0,0.8460455439821939,0.6487212707001282,0.3041741996051783,1.049556921757619,0.744475811972865,1000.0,1000.0,1000.0,0.0,0.0,0.0,0.010071505478150807,0.010857801666782858,0.1003568905364789,0.10420077574942932,0.0007862961886320515
2,0.5,2.0,0.0,mean,ols,linear,1000,1000,0.1,1,0.487965126461966,0.6487212707001282,0.24780464507455904,0.974654782826062,0.5380131807762476,1000.0,1000.0,1000.0,0.0,0.0,0.0,0.009918032627767298,0.01079957119626674,0.09958931984789984,0.10392098535073048,0.0008815385684994414
2,0.5,2.0,0.0,mean,ols,linear,1000,1000,0.1,2,0.5609934254882623,0.6487212707001282,0.13523195426779552,0.9933624548854829,0.5742244587121504,1000.0,1000.0,1000.0,0.0,0.0,0.0,0.00981590559144587,0.009957270353718663,0.09907525216443241,0.09978612305184856,0.00014136476227279322
2,0.5,2.0,0.0,combined,ols,linear,1000,1000,0.1,0,7.366632838277406,inf,inf,1.0713083034667539,7.218931357200599,,1000.0,1000.0,0.0,0.0,,0.010071505478150807,0.010857801666782858,0.1003568905364789,0.10420077574942932,0.0007862961886320515
2,0.5,2.0,0.0,combined,ols,linear,1000,1000,0.1,1,1.4188274849005302,inf,inf,0.9252747321066384,1.5626941550255173,,1000.0,1000.0,0.0,0.0,,0.009918032627767298,0.01079957119626674,0.09958931984789984,0.10392098535073048,0.0008815385684994414
2,0.5,2.0,0.0,combined,ols,linear,1000,1000,0.1,2,1.1933041165025506,inf,inf,0.936572143926774,1.3161367357229576,,1000.0,1000.0,0.0,0.0,,0.00981590559144587,0.009957270353718663,0.09907525216443241,0.09978612305184856,0.00014136476227279322
2,0.5,2.0,0.0,mean,rbf_svr,linear,1000,1000,0.1,0,0.8460455439821939,0.6487212707001282,0.3041741996051783,1.049556921757619,0.744475811972865,1000.0,1000.0,1000.0,0.0,0.0,0.0,0.016906711401992795,0.017825017305255535,0.13002581052234513,0.13351036403686245,0.0009183059032627401
2,0.5,2.0,0.0,mean,rbf_svr,linear,1000,1000,0.1,1,0.487965126461966,0.6487212707001282,0.24780464507455904,0.974654782826062,0.5380131807762476,1000.0,1000.0,1000.0,0.0,0.0,0.0,0.01778785610497299,0.023189854819599686,0.13337112170546137,0.15228215528944844,0.005401998714626696
2,0.5,2.0,0.0,mean,rbf_svr,linear,1000,1000,0.1,2,0.5609934254882623,0.6487212707001282,0.13523195426779552,0.9933624548854829,0.5742244587121504,1000.0,1000.0,1000.0,0.0,0.0,0.0,0.013035067086958308,0.027723983432472957,0.11417121829497269,0.16650520542155117,0.01468891634551465
2,0.5,2.0,0.0,combined,rbf_svr,linear,1000,1000,0.1,0,7.366632838277406,inf,inf,1.0713083034667539,7.218931357200599,,1000.0,1000.0,0.0,0.0,,0.016906711401992795,0.017825017305255535,0.13002581052234513,0.13351036403686245,0.0009183059032627401
2,0.5,2.0,0.0,combined,rbf_svr,linear,1000,1000,0.1,1,1.4188274849005302,inf,inf,0.9252747321066384,1.5626941550255173,,1000.0,1000.0,0.0,0.0,,0.01778785610497299,0.023189854819599686,0.13337112170546137,0.15228215528944844,0.005401998714626696
2,0.5,2.0,0.0,combined,rbf_svr,linear,1000,1000,0.1,2,1.1933041165025506,inf,inf,0.936572143926774,1.3161367357229576,,1000.0,1000.0,0.0,0.0,,0.013035067086958308,0.027723983432472957,0.11417121829497269,0.16650520542155117,0.01468891634551465
2,0.5,2.0,0.1,mean,ols,linear,1000,1000,0.1,0,0.8460455439821939,0.6487212707001282,0.3041741996051783,1.049556921757619,0.744475811972865,993.5545999739494,993.905414147573,991.610523353509,0.00614959606670819,0.008460455439821941,0.006487212707001283,0.010071505478150807,0.010863695948513762,0.1003568905364789,0.10422905520301795,0.0007921904703629551
2,0.5,2.0,0.1,mean,ols,linear,1000,1000,0.1,1,0.487965126461966,0.6487212707001282,0.24780464507455904,0.974654782826062,0.5380131807762476,993.5545999739494,993.9942608102424,995.144044106696,0.0060531259673853805,0.004879651264619661,0.006487212707001283,0.009918032627767298,0.01078950970998518,0.09958931984789984,0.1038725647607932,0.0008714770822178808
2,0.5,2.0,0.1,mean,ols,linear,1000,1000,0.1,2,0.5609934254882623,0.6487212707001282,0.13523195426779552,0.9933624548854829,0.5742244587121504,993.5545999739494,994.5514042653422,994.4213615401092,0.00547045780479155,0.005609934254882623,0.006487212707001283,0.00981590559144587,0.009962095546667785,0.09907525216443241,0.09981029779871306,0.00014618995522191515
2,0.5,2.0,0.1,combined,ols,linear,1000,1000,0.1,0,7.366632838277406,inf,inf,1.0713083034667539,7.218931357200599,0.0,987.2196615319577,931.3880612296605,0.01281428736158913,0.07366632838277407,inf,0.010071505478150807,0.010863999332344675,0.1003568905364789,0.10423051056358054,0.0007924938541938684
2,0.5,2.0,0.1,combined,ols,linear,1000,1000,0.1,1,1.4188274849005302,inf,inf,0.9252747321066384,1.5626941550255173,0.0,984.2845386754756,986.010216050745,0.015758835197967353,0.014188274849005304,inf,0.009918032627767298,0.010787783911076302,0.09958931984789984,0.1038642571391925,0.0008697512833090032
2,0.5,2.0,0.1,combined,ols,linear,1000,1000,0.1,2,1.1933041165025506,inf,inf,0.936572143926774,1.3161367357229576,0.0,988.0658150840028,988.2076771094585,0.011860554525287914,0.011933041165025509,inf,0.00981590559144587,0.009962657275736173,0.09907525216443241,0.09981311174257705,0.00014675168429030376
2,0.5,2.0,0.1,mean,rbf_svr,linear,1000,1000,0.1,0,0.8460455439821939,0.6487212707001282,0.3041741996051783,1.049556921757619,0.744475811972865,993.5545999739494,993.905414147573,991.610523353509,0.00614959606670819,0.008460455439821941,0.006487212707001283,0.016906711401992795,0.030667568082768208,0.13002581052234513,0.17512158085960797,0.013760856680775414
2,0.5,2.0,0.1,mean,rbf_svr,linear,1000,1000,0.1,1,0.487965126461966,0.6487212707001282,0.24780464507455904,0.974654782826062,0.5380131807762476,993.5545999739494,993.9942608102424,995.144044106696,0.0060531259673853805,0.004879651264619661,0.006487212707001283,0.01778785610497299,0.026043533101371103,0.13337112170546137,0.16138008892478373,0.008255676996398113
2,0.5,2.0,0.1,mean,rbf_svr,linear,1000,1000,0.1,2,0.5609934254882623,0.6487212707001282,0.13523195426779552,0.9933624548854829,0.5742244587121504,993.5545999739494,994.5514042653422,994.4213615401092,0.00547045780479155,0.005609934254882623,0.006487212707001283,0.013035067086958308,0.029852337552682125,0.11417121829497269,0.17277829016598736,0.016817270465723816
2,0.5,2.0,0.1,combined,rbf_svr,linear,1000,1000,0.1,0,7.366632838277406,inf,inf,1.0713083034667539,7.218931357200599,0.0,987.2196615319577,931.3880612296605,0.01281428736158913,0.07366632838277407,inf,0.016906711401992795,0.1268094129514795,0.13002581052234513,0.3561030931506766,0.1099027015494867
2,0.5,2.0,0.1,combined,rbf_svr,linear,1000,1000,0.1,1,1.4188274849005302,inf,inf,0.9252747321066384,1.5626941550255173,0.0,984.2845386754756,986.010216050745,0.015758835197967353,0.014188274849005304,inf,0.01778785610497299,0.09397955692143554,0.13337112170546137,0.30656085353716567,0.07619170081646255
2,0.5,2.0,0.1,combined,rbf_svr,linear,1000,1000,0.1,2,1.1933041165025506,inf,inf,0.936572143926774,1.3161367357229576,0.0,988.0658150840028,988.2076771094585,0.011860554525287914,0.011933041165025509,inf,0.013035067086958308,0.09049834142322988,0.11417121829497269,0.30082942246932876,0.07746327433627156
2,0.5,2.0,0.2,mean,ols,linear,1000,1000,0.1,0,0.8460455439821939,0.6487212707001282,0.3041741996051783,1.049556921757619,0.744475811972865,974.7074614810839,976.1030417546285,967.2659578602661,0.02459838426683277,0.033841821759287766,0.025948850828005132,0.010071505478150807,0.010862749427196195,0.1003568905364789,0.10422451452127851,0.0007912439490453879
2,0.5,2.0,0.2,mean,ols,linear,1000,1000,0.1,1,0.487965126461966,0.6487212707001282,0.24780464507455904,0.974654782826062,0.5380131807762476,974.7074614810839,976.4214318247795,980.855077129898,0.024212503869541525,0.019518605058478643,0.025948850828005132,0.009918032627767298,0.010784596108919693,0.09958931984789984,0.1038489100035224,0.0008665634811523947
2,0.5,2.0,0.2,mean,ols,linear,1000,1000,0.1,2,0.5609934254882623,0.6487212707001282,0.13523195426779552,0.9933624548854829,0.5742244587121504,974.7074614810839,978.5043971400538,978.0527534219831,0.021881831219166197,0.022439737019530493,0.025948850828005132,0.00981590559144587,0.009969865816652377,0.09907525216443241,0.09984921540328887,0.00015396022520650782
2,0.5,2.0,0.2,combined,ols,linear,1000,1000,0.1,0,7.366632838277406,inf,inf,1.0713083034667539,7.218931357200599,0.0,950.2359123661524,772.4003953365984,0.05125714944635652,0.29466531353109626,inf,0.010071505478150807,0.010863205927678678,0.1003568905364789,0.1042267044844011,0.0007917004495278709
2,0.5,2.0,0.2,combined,ols,linear,1000,1000,0.1,1,1.4188274849005302,inf,inf,0.9252747321066384,1.5626941550255173,0.0,939.1630133737691,946.2948351621036,0.0630353407918694,0.05675309939602122,inf,0.009918032627767298,0.010782775211449144,0.09958931984789984,0.10384014258199545,0.0008647425836818459
2,0.5,2.0,0.2,combined,ols,linear,1000,1000,0.1,2,1.1933041165025506,inf,inf,0.936572143926774,1.3161367357229576,0.0,953.0536923415899,954.4423982864103,0.047442218101151665,0.047732164660102036,inf,0.00981590559144587,0.00997125419175392,0.09907525216443241,0.09985616751985789,0.00015534860030805113
2,0.5,2.0,0.2,mean,rbf_svr,linear,1000,1000,0.1,0,0.8460455439821939,0.6487212707001282,0.3041741996051783,1.049556921757619,0.744475811972865,974.7074614810839,976.1030417546285,967.2659578602661,0.02459838426683277,0.033841821759287766,0.025948850828005132,0.016906711401992795,0.039725566846069565,0.13002581052234513,0.19931273628664467,0.02281885544407677
2,0.5,2.0,0.2,mean,rbf_svr,linear,1000,1000,0.1,1,0.487965126461966,0.6487212707001282,0.24780464507455904,0.974654782826062,0.5380131807762476,974.7074614810839,976.4214318247795,980.855077129898,0.024212503869541525,0.019518605058478643,0.025948850828005132,0.01778785610497299,0.030443170114583203,0.13337112170546137,0.1744797126160609,0.012655314009610213
2,0.5,2.0,0.2,mean,rbf_svr,linear,1000,1000,0.1,2,0.5609934254882623,0.6487212707001282,0.13523195426779552,0.9933624548854829,0.5742244587121504,974.7074614810839,978.5043971400538,978.0527534219831,0.021881831219166197,0.022439737019530493,0.025948850828005132,0.013035067086958308,0.03135552815056576,0.11417121829497269,0.1770749224214591,0.018320461063607456
2,0.5,2.0,0.2,combined,rbf_svr,linear,1000,1000,0.1,0,7.366632838277406,inf,inf,1.0713083034667539,7.218931357200599,0.0,950.2359123661524,772.4003953365984,0.05125714944635652,0.29466531353109626,inf,0.016906711401992795,0.20807788785626719,0.13002581052234513,0.456155552258511,0.1911711764542744
2,0.5,2.0,0.2,combined,rbf_svr,linear,1000,1000,0.1,1,1.4188274849005302,inf,inf,0.9252747321066384,1.5626941550255173,0.0,939.1630133737691,946.2948351621036,0.0630353407918694,0.05675309939602122,inf,0.01778785610497299,0.1995287729352229,0.13337112170546137,0.4466864369277658,0.1817409168302499
2,0.5,2.0,0.2,combined,rbf_svr,linear,1000,1000,0.1,2,1.1933041165025506,inf,inf,0.936572143926774,1.3161367357229576,0.0,953.0536923415899,954.4423982864103,0.047442218101151665,0.047732164660102036,inf,0.013035067086958308,0.1400102020389961,0.11417121829497269,0.374179371477098,0.1269751349520378
2,0.5,2.0,0.3,mean,ols,linear,1000,1000,0.1,0,0.8460455439821939,0.6487212707001282,0.3041741996051783,1.049556921757619,0.744475811972865,944.8358403727339,947.8837523656235,929.2435845421654,0.05534636460037361,0.07614409895839745,0.058384914363011534,0.010071505478150807,0.010856063742542634,0.1003568905364789,0.10419243611002976,0.0007845582643918273
2,0.5,2.0,0.3,mean,ols,linear,1000,1000,0.1,1,0.487965126461966,0.6487212707001282,0.24780464507455904,0.974654782826062,0.5380131807762476,944.8358403727339,948.5078228763466,957.9306906457522,0.05447813370646825,0.04391686138157694,0.058384914363011534,0.009918032627767298,0.010775772098372,0.09958931984789984,0.10380641646050594,0.0008577394706047008
2,0.5,2.0,0.3,mean,ols,linear,1000,1000,0.1,2,0.5609934254882623,0.6487212707001282,0.13523195426779552,0.9933624548854829,0.5742244587121504,944.8358403727339,952.7896498858247,951.9372514417435,0.04923412024312398,0.0504894082939436,0.058384914363011534,0.00981590559144587,0.009970341859824905,0.09907525216443241,0.09985159918511523,0.00015443626837903512
2,0.5,2.0,0.3,combined,ols,linear,1000,1000,0.1,0,7.366632838277406,inf,inf,1.0713083034667539,7.218931357200599,0.0,893.5140475736636,601.3240112832503,0.11532858625430221,0.6629969554449665,inf,0.010071505478150807,0.010855547877245023,0.1003568905364789,0.10418996053960776,0.0007840423990942164
2,0.5,2.0,0.3,combined,ols,linear,1000,1000,0.1,1,1.4188274849005302,inf,inf,0.9252747321066384,1.5626941550255173,0.0,871.1959978519404,886.7650089400955,0.14182951678170608,0.12769447364104772,inf,0.009918032627767298,0.010772215171450349,0.09958931984789984,0.1037892825461779,0.0008541825436830502
2,0.5,2.0,0.3,combined,ols,linear,1000,1000,0.1,2,1.1933041165025506,inf,inf,0.936572143926774,1.3161367357229576,0.0,898.4541732739801,903.0182178975456,0.10674499072759135,0.10739737048522956,inf,0.00981590559144587,0.009972850830560204,0.09907525216443241,0.09986416189284424,0.00015694523911433458
2,0.5,2.0,0.3,mean,rbf_svr,linear,1000,1000,0.1,0,0.8460455439821939,0.6487212707001282,0.3041741996051783,1.049556921757619,0.744475811972865,944.8358403727339,947.8837523656235,929.2435845421654,0.05534636460037361,0.07614409895839745,0.058384914363011534,0.016906711401992795,0.042165968170950245,0.13002581052234513,0.20534353695928745,0.02525925676895745
2,0.5,2.0,0.3,mean,rbf_svr,linear,1000,1000,0.1,1,0.487965126461966,0.6487212707001282,0.24780464507455904,0.974654782826062,0.5380131807762476,944.8358403727339,948.5078228763466,957.9306906457522,0.05447813370646825,0.04391686138157694,0.058384914363011534,0.01778785610497299,0.03765202436604955,0.13337112170546137,0.19404129551734484,0.01986416826107656
2,0.5,2.0,0.3,mean,rbf_svr,linear,1000,1000,0.1,2,0.5609934254882623,0.6487212707001282,0.13523195426779552,0.9933624548854829,0.5742244587121504,944.8358403727339,952.7896498858247,951.9372514417435,0.04923412024312398,0.0504894082939436,0.058384914363011534,0.013035067086958308,0.026955334175089725,0.11417121829497269,0.16418079721785286,0.013920267088131417
2,0.5,2.0,0.3,combined,rbf_svr,linear,1000,1000,0.1,0,7.366632838277406,inf,inf,1.0713083034667539,7.218931357200599,0.0,893.5140475736636,601.3240112832503,0.11532858625430221,0.6629969554449665,inf,0.016906711401992795,0.2684208216312479,0.13002581052234513,0.5180934487438033,0.25151411022925513
2,0.5,2.0,0.3,combined,rbf_svr,linear,1000,1000,0.1,1,1.4188274849005302,inf,inf,0.9252747321066384,1.5626941550255173,0.0,871.1959978519404,886.7650089400955,0.14182951678170608,0.12769447364104772,inf,0.01778785610497299,0.2409850704866881,0.13337112170546137,0.4909023023847903,0.2231972143817151
2,0.5,2.0,0.3,combined,rbf_svr,linear,1000,1000,0.1,2,1.1933041165025506,inf,inf,0.936572143926774,1.3161367357229576,0.0,898.4541732739801,903.0182178975456,0.10674499072759135,0.10739737048522956,inf,0.013035067086958308,0.19596884453951474,0.11417121829497269,0.44268368451922274,0.18293377745255643
2,1.0,1.0,0.0,mean,ols,linear,1000,1000,0.1,0,7.0026844654551805,6.38905609893065,0.0960436654527473,1.1196832216510872,6.748993948608223,1000.0,1000.0,1000.0,0.0,0.0,0.0,0.010071505478150807,0.010857801666782858,0.1003568905364789,0.10420077574942932,0.0007862961886320515
2,1.0,1.0,0.0,mean,ols,linear,1000,1000,0.1,1,2.785713097399745,6.38905609893065,0.5639867526181221,0.9024964697823683,2.971213219430105,1000.0,1000.0,1000.0,0.0,0.0,0.0,0.009918032627767298,0.01079957119626674,0.09958931984789984,0.10392098535073048,0.0008815385684994414
2,1.0,1.0,0.0,mean,ols,linear,1000,1000,0.1,2,3.2707074755795533,6.38905609893065,0.4880765757985787,0.9467903721684795,3.374295466748628,1000.0,1000.0,1000.0,0.0,0.0,0.0,0.00981590559144587,0.009957270353718663,0.09907525216443241,0.09978612305184856,0.00014136476227279322
2,1.0,1.0,0.0,combined,ols,linear,1000,1000,0.1,0,7.0026844654551805,6.38905609893065,0.0960436654527473,1.1196832216510872,6.748993948608223,1000.0,1000.0,1000.0,0.0,0.0,0.0,0.010071505478150807,0.010857801666782858,0.1003568905364789,0.10420077574942932,0.0007862961886320515
2,1.0,1.0,0.0,combined,ols,linear,1000,1000,0.1,1,2.785713097399745,6.38905609893065,0.5639867526181221,0.9024964697823683,2.971213219430105,1000.0,1000.0,1000.0,0.0,0.0,0.0,0.009918032627767298,0.01079957119626674,0.09958931984789984,0.10392098535073048,0.0008815385684994414
2,1.0,1.0,0.0,combined,ols,linear,1000,1000,0.1,2,3.2707074755795533,6.38905609893065,0.4880765757985787,0.9467903721684795,3.374295466748628,1000.0,1000.0,1000.0,0.0,0.0,0.0,0.00981590559144587,0.009957270353718663,0.09907525216443241,0.09978612305184856,0.00014136476227279322
2,1.0,1.0,0.0,mean,rbf_svr,linear,1000,1000,0.1,0,7.0026844654551805,6.38905609893065,0.0960436654527473,1.1196832216510872,6.748993948608223,1000.0,1000.0,1000.0,0.0,0.0,0.0,0.016906711401992795,0.017825017305255535,0.13002581052234513,0.13351036403686245,0.0009183059032627401
2,1.0,1.0,0.0,mean,rbf_svr,linear,1000,1000,0.1,1,2.785713097399745,6.38905609893065,0.5639867526181221,0.9024964697823683,2.971213219430105,1000.0,1000.0,1000.0,0.0,0.0,0.0,0.01778785610497299,0.023189854819599686,0.13337112170546137,0.15228215528944844,0.005401998714626696
2,1.0,1.0,0.0,mean,rbf_svr,linear,1000,1000,0.1,2,3.2707074755795533,6.38905609893065,0.4880765757985787,0.9467903721684795,3.374295466748628,1000.0,1000.0,1000.0,0.0,0.0,0.0,0.013035067086958308,0.027723983432472957,0.11417121829497269,0.16650520542155117,0.01468891634551465
2,1.0,1.0,0.0,combined,rbf_svr,linear,1000,1000,0.1,0,7.0026844654551805,6.38905609893065,0.0960436654527473,1.1196832216510872,6.748993948608223,1000.0,1000.0,1000.0,0.0,0.0,0.0,0.016906711401992795,0.017825017305255535,0.13002581052234513,0.13351036403686245,0.0009183059032627401
2,1.0,1.0,0.0,combined,rbf_svr,linear,1000,1000,0.1,1,2.785713097399745,6.38905609893065,0.5639867526181221,0.9024964697823683,2.971213219430105,1000.0,1000.0,1000.0,0.0,0.0,0.0,0.01778785610497299,0.023189854819599686,0.13337112170546137,0.15228215528944844,0.005401998714626696
2,1.0,1.0,0.0,combined,rbf_svr,linear,1000,1000,0.1,2,3.2707074755795533,6.38905609893065,0.4880765757985787,0.9467903721684795,3.374295466748628,1000.0,1000.0,1000.0,0.0,0.0,0.0,0.013035067086958308,0.027723983432472957,0.11417121829497269,0.16650520542155117,0.01468891634551465
2,1.0,1.0,0.1,mean,ols,linear,1000,1000,0.1,0,7.0026844654551805,6.38905609893065,0.0960436654527473,1.1196832216510872,6.748993948608223,939.9463033773934,964.8142666597867,934.5559926796423,0.03643654480646064,0.07002684465455182,0.06389056098930651,0.010071505478150807,0.01086517018777838,0.1003568905364789,0.10423612707587701,0.0007936647096275732
2,1.0,1.0,0.1,mean,ols,linear,1000,1000,0.1,1,2.785713097399745,6.38905609893065,0.5639867526181221,0.9024964697823683,2.971213219430105,939.9463033773934,951.9200560653227,972.8978569739551,0.050340562112883555,0.027857130973997456,0.06389056098930651,0.009918032627767298,0.010784064710837551,0.09958931984789984,0.10384635145655119,0.000866032083070253
2,1.0,1.0,0.1,mean,ols,linear,1000,1000,0.1,2,3.2707074755795533,6.38905609893065,0.4880765757985787,0.9467903721684795,3.374295466748628,939.9463033773934,970.8638120737937,968.3287976277979,0.029580859892418317,0.03270707475579554,0.06389056098930651,0.00981590559144587,0.009962183866100057,0.09907525216443241,0.09981074023420554,0.00014627827465418797
2,1.0,1.0,0.1,combined,ols,linear,1000,1000,0.1,0,7.0026844654551805,6.38905609893065,0.0960436654527473,1.1196832216510872,6.748993948608223,939.9463033773934,964.8142666597867,934.5559926796423,0.03643654480646064,0.07002684465455182,0.06389056098930651,0.010071505478150807,0.01086517018777838,0.1003568905364789,0.10423612707587701,0.0007936647096275732
2,1.0,1.0,0.1,combined,ols,linear,1000,1000,0.1,1,2.785713097399745,6.38905609893065,0.5639867526181221,0.9024964697823683,2.971213219430105,939.9463033773934,951.9200560653227,972.8978569739551,0.050340562112883555,0.027857130973997456,0.06389056098930651,0.009918032627767298,0.010784064710837551,0.09958931984789984,0.10384635145655119,0.000866032083070253
2,1.0,1.0,0.1,combined,ols,linear,1000,1000,0.1,2,3.2707074755795533,6.38905609893065,0.4880765757985787,0.9467903721684795,3.374295466748628,939.9463033773934,970.8638120737937,968.3287976277979,0.029580859892418317,0.03270707475579554,0.06389056098930651,0.00981590559144587,0.009962183866100057,0.09907525216443241,0.09981074023420554,0.00014627827465418797
2,1.0,1.0,0.1,mean,rbf_svr,linear,1000,1000,0.1,0,7.0026844654551805,6.38905609893065,0.0960436654527473,1.1196832216510872,6.748993948608223,939.9463033773934,964.8142666597867,934.5559926796423,0.03643654480646064,0.07002684465455182,0.06389056098930651,0.016906711401992795,0.0818013024247705,0.13002581052234513,0.2860092698231484,0.06489459102277771
2,1.0,1.0,0.1,mean,rbf_svr,linear,1000,1000,0.1,1,2.785713097399745,6.38905609893065,0.5639867526181221,0.9024964697823683,2.971213219430105,939.9463033773934,951.9200560653227,972.8978569739551,0.050340562112883555,0.027857130973997456,0.06389056098930651,0.01778785610497299,0.06071096264745326,0.13337112170546137,0.2463959468973734,0.04292310654248027
2,1.0,1.0,0.1,mean,rbf_svr,linear,1000,1000,0.1,2,3.2707074755795533,6.38905609893065,0.4880765757985787,0.9467903721684795,3.374295466748628,939.9463033773934,970.8638120737937,968.3287976277979,0.029580859892418317,0.03270707475579554,0.06389056098930651,0.013035067086958308,0.06391666254863962,0.11417121829497269,0.2528174490588805,0.05088159546168131
2,1.0,1.0,0.1,combined,rbf_svr,linear,1000,1000,0.1,0,7.0026844654551805,6.38905609893065,0.0960436654527473,1.1196832216510872,6.748993948608223,939.9463033773934,964.8142666597867,934.5559926796423,0.03643654480646064,0.07002684465455182,0.06389056098930651,0.016906711401992795,0.0818013024247705,0.13002581052234513,0.2860092698231484,0.06489459102277771
2,1.0,1.0,0.1,combined,rbf_svr,linear,1000,1000,0.1,1,2.785713097399745,6.38905609893065,0.5639867526181221,0.9024964697823683,2.971213219430105,939.9463033773934,951.9200560653227,972.8978569739551,0.050340562112883555,0.027857130973997456,0.06389056098930651,0.01778785610497299,0.06071096264745326,0.13337112170546137,0.2463959468973734,0.04292310654248027
2,1.0,1.0,0.1,combined,rbf_svr,linear,1000,1000,0.1,2,3.2707074755795533,6.38905609893065,0.4880765757985787,0.9467903721684795,3.374295466748628,939.9463033773934,970.8638120737937,968.3287976277979,0.029580859892418317,0.03270707475579554,0.06389056098930651,0.013035067086958308,0.06391666254863962,0.11417121829497269,0.2528174490588805,0.05088159546168131
2,1.0,1.0,0.2,mean,ols,linear,1000,1000,0.1,0,7.0026844654551805,6.38905609893065,0.0960436654527473,1.1196832216510872,6.748993948608223,796.4559342340877,872.4848550641792,781.1844667901493,0.1457461792258426,0.2801073786182073,0.25556224395722604,0.010071505478150807,0.010862656756841354,0.1003568905364789,0.1042240699495148,0.0007911512786905467
2,1.0,1.0,0.2,mean,ols,linear,1000,1000,0.1,1,2.785713097399745,6.38905609893065,0.5639867526181221,0.9024964697823683,2.971213219430105,796.4559342340877,831.316090596099,899.742969070661,0.20136224845153422,0.11142852389598983,0.25556224395722604,0.009918032627767298,0.01077912908468495,0.09958931984789984,0.1038225846561573,0.0008610964569176517
2,1.0,1.0,0.2,mean,ols,linear,1000,1000,0.1,2,3.2707074755795533,6.38905609893065,0.4880765757985787,0.9467903721684795,3.374295466748628,796.4559342340877,891.3269996966565,884.3075477186125,0.11832343956967319,0.13082829902318216,0.25556224395722604,0.00981590559144587,0.00997150245940173,0.09907525216443241,0.09985741063837841,0.00015559686795586086
2,1.0,1.0,0.2,combined,ols,linear,1000,1000,0.1,0,7.0026844654551805,6.38905609893065,0.0960436654527473,1.1196832216510872,6.748993948608223,796.4559342340877,872.4848550641792,781.1844667901493,0.1457461792258426,0.2801073786182073,0.25556224395722604,0.010071505478150807,0.010862656756841354,0.1003568905364789,0.1042240699495148,0.0007911512786905467
2,1.0,1.0,0.2,combined,ols,linear,1000,1000,0.1,1,2.785713097399745,6.38905609893065,0.5639867526181221,0.9024964697823683,2.971213219430105,796.4559342340877,831.316090596099,899.742969070661,0.20136224845153422,0.11142852389598983,0.25556224395722604,0.009918032627767298,0.01077912908468495,0.09958931984789984,0.1038225846561573,0.0008610964569176517
2,1.0,1.0,0.2,combined,ols,linear,1000,1000,0.1,2,3.2707074755795533,6.38905609893065,0.4880765757985787,0.9467903721684795,3.374295466748628,796.4559342340877,891.3269996966565,884.3075477186125,0.11832343956967319,0.13082829902318216,0.25556224395722604,0.00981590559144587,0.00997150245940173,0.09907525216443241,0.09985741063837841,0.00015559686795586086
2,1.0,1.0,0.2,mean,rbf_svr,linear,1000,1000,0.1,0,7.0026844654551805,6.38905609893065,0.0960436654527473,1.1196832216510872,6.748993948608223,796.4559342340877,872.4848550641792,781.1844667901493,0.1457461792258426,0.2801073786182073,0.25556224395722604,0.016906711401992795,0.13268747291227123,0.13002581052234513,0.3642629172895194,0.11578076151027844
2,1.0,1.0,0.2,mean,rbf_svr,linear,1000,1000,0.1,1,2.785713097399745,6.38905609893065,0.5639867526181221,0.9024964697823683,2.971213219430105,796.4559342340877,831.316090596099,899.742969070661,0.20136224845153422,0.11142852389598983,0.25556224395722604,0.01778785610497299,0.11444516176142054,0.13337112170546137,0.33829744569154013,0.09665730565644755
2,1.0,1.0,0.2,mean,rbf_svr,linear,1000,1000,0.1,2,3.2707074755795533,6.38905609893065,0.4880765757985787,0.9467903721684795,3.374295466748628,796.4559342340877,891.3269996966565,884.3075477186125,0.11832343956967319,0.13082829902318216,0.25556224395722604,0.013035067086958308,0.09429994013442707,0.11417121829497269,0.3070829531811023,0.08126487304746875
2,1.0,1.0,0.2,combined,rbf_svr,linear,1000,1000,0.1,0,7.0026844654551805,6.38905609893065,0.0960436654527473,1.1196832216510872,6.748993948608223,796.4559342340877,872.4848550641792,781.1844667901493,0.1457461792258426,0.2801073786182073,0.25556224395722604,0.016906711401992795,0.13268747291227123,0.13002581052234513,0.3642629172895194,0.11578076151027844
2,1.0,1.0,0.2,combined,rbf_svr,linear,1000,1000,0.1,1,2.785713097399745,6.38905609893065,0.5639867526181221,0.9024964697823683,2.971213219430105,796.4559342340877,831.316090596099,899.742969070661,0.20136224845153422,0.11142852389598983,0.25556224395722604,0.01778785610497299,0.11444516176142054,0.13337112170546137,0.33829744569154013,0.09665730565644755
2,1.0,1.0,0.2,combined,rbf_svr,linear,1000,1000,0.1,2,3.2707074755795533,6.38905609893065,0.4880765757985787,0.9467903721684795,3.374295466748628,796.4559342340877,891.3269996966565,884.3075477186125,0.11832343956967319,0.13082829902318216,0.25556224395722604,0.013035067086958308,0.09429994013442707,0.11417121829497269,0.3070829531811023,0.08126487304746875
2,1.0,1.0,0.3,mean,ols,linear,1000,1000,0.1,0,7.0026844654551805,6.38905609893065,0.0960436654527473,1.1196832216510872,6.748993948608223,634.9145684011208,752.1827530318745,613.4060122377382,0.32792890325814505,0.6302416018909662,0.5750150489037585,0.010071505478150807,0.010854875263464334,0.1003568905364789,0.1041867326652695,0.0007833697853135268
2,1.0,1.0,0.3,mean,ols,linear,1000,1000,0.1,1,2.785713097399745,6.38905609893065,0.5639867526181221,0.9024964697823683,2.971213219430105,634.9145684011208,685.6166961032076,799.5431865869264,0.45306505901595234,0.25071417876597707,0.5750150489037585,0.009918032627767298,0.010769647978942117,0.09958931984789984,0.10377691447977298,0.0008516153511748184
2,1.0,1.0,0.3,mean,ols,linear,1000,1000,0.1,2,3.2707074755795533,6.38905609893065,0.4880765757985787,0.9467903721684795,3.374295466748628,634.9145684011208,782.0704791763679,772.580396848674,0.2662277390317644,0.2943636728021598,0.5750150489037585,0.00981590559144587,0.009973374005388834,0.09907525216443241,0.0998667812908218,0.00015746841394296412
2,1.0,1.0,0.3,combined,ols,linear,1000,1000,0.1,0,7.0026844654551805,6.38905609893065,0.0960436654527473,1.1196832216510872,6.748993948608223,634.9145684011208,752.1827530318745,613.4060122377382,0.32792890325814505,0.6302416018909662,0.5750150489037585,0.010071505478150807,0.010854875263464334,0.1003568905364789,0.1041867326652695,0.0007833697853135268
2,1.0,1.0,0.3,combined,ols,linear,1000,1000,0.1,1,2.785713097399745,6.38905609893065,0.5639867526181221,0.9024964697823683,2.971213219430105,634.9145684011208,685.6166961032076,799.5431865869264,0.45306505901595234,0.25071417876597707,0.5750150489037585,0.009918032627767298,0.010769647978942117,0.09958931984789984,0.10377691447977298,0.0008516153511748184
2,1.0,1.0,0.3,combined,ols,linear,1000,1000,0.1,2,3.2707074755795533,6.38905609893065,0.4880765757985787,0.9467903721684795,3.374295466748628,634.9145684011208,782.0704791763679,772.580396848674,0.2662277390317644,0.2943636728021598,0.5750150489037585,0.00981590559144587,0.009973374005388834,0.09907525216443241,0.0998667812908218,0.00015746841394296412
2,1.0,1.0,0.3,mean,rbf_svr,linear,1000,1000,0.1,0,7.0026844654551805,6.38905609893065,0.0960436654527473,1.1196832216510872,6.748993948608223,634.9145684011208,752.1827530318745,613.4060122377382,0.32792890325814505,0.6302416018909662,0.5750150489037585,0.016906711401992795,0.16981060748199162,0.13002581052234513,0.4120808263945213,0.15290389607999882
2,1.0,1.0,0.3,mean,rbf_svr,linear,1000,1000,0.1,1,2.785713097399745,6.38905609893065,0.5639867526181221,0.9024964697823683,2.971213219430105,634.9145684011208,685.6166961032076,799.5431865869264,0.45306505901595234,0.25071417876597707,0.5750150489037585,0.01778785610497299,0.1417711740952501,0.13337112170546137,0.37652513076187905,0.12398331799027712
2,1.0,1.0,0.3,mean,rbf_svr,linear,1000,1000,0.1,2,3.2707074755795533,6.38905609893065,0.4880765757985787,0.9467903721684795,3.374295466748628,634.9145684011208,782.0704791763679,772.580396848674,0.2662277390317644,0.2943636728021598,0.5750150489037585,0.013035067086958308,0.11412504640939437,0.11417121829497269,0.3378239873209041,0.10108997932243606
2,1.0,1.0,0.3,combined,rbf_svr,linear,1000,1000,0.1,0,7.0026844654551805,6.38905609893065,0.0960436654527473,1.1196832216510872,6.748993948608223,634.9145684011208,752.1827530318745,613.4060122377382,0.32792890325814505,0.6302416018909662,0.5750150489037585,0.016906711401992795,0.16981060748199162,0.13002581052234513,0.4120808263945213,0.15290389607999882
2,1.0,1.0,0.3,combined,rbf_svr,linear,1000,1000,0.1,1,2.785713097399745,6.38905609893065,0.5639867526181221,0.9024964697823683,2.971213219430105,634.9145684011208,685.6166961032076,799.5431865869264,0.45306505901595234,0.25071417876597707,0.5750150489037585,0.01778785610497299,0.1417711740952501,0.13337112170546137,0.37652513076187905,0.12398331799027712
2,1.0,1.0,0.3,combined,rbf_svr,linear,1000,1000,0.1,2,3.2707074755795533,6.38905609893065,0.4880765757985787,0.9467903721684795,3.374295466748628,634.9145684011208,782.0704791763679,772.580396848674,0.2662277390317644,0.2943636728021598,0.5750150489037585,0.013035067086958308,0.11412504640939437,0.11417121829497269,0.3378239873209041,0.10108997932243606
2,1.0,1.5,0.0,mean,ols,linear,1000,1000,0.1,0,7.0026844654551805,6.38905609893065,0.0960436654527473,1.1196832216510872,6.748993948608223,1000.0,1000.0,1000.0,0.0,0.0,0.0,0.010071505478150807,0.010857801666782858,0.1003568905364789,0.10420077574942932,0.0007862961886320515
2,1.0,1.5,0.0,mean,ols,linear,1000,1000,0.1,1,2.785713097399745,6.38905609893065,0.5639867526181221,0.9024964697823683,2.971213219430105,1000.0,1000.0,1000.0,0.0,0.0,0.0,0.009918032627767298,0.01079957119626674,0.09958931984789984,0.10392098535073048,0.0008815385684994414
2,1.0,1.5,0.0,mean,ols,linear,1000,1000,0.1,2,3.2707074755795533,6.38905609893065,0.4880765757985787,0.9467903721684795,3.374295466748628,1000.0,1000.0,1000.0,0.0,0.0,0.0,0.00981590559144587,0.009957270353718663,0.09907525216443241,0.09978612305184856,0.00014136476227279322
2,1.0,1.5,0.0,combined,ols,linear,1000,1000,0.1,0,19.793823439712178,71.79753337752564,0.7243105367473791,1.1407803437649424,19.492443646991706,1000.0,1000.0,1000.0,0.0,0.0,0.0,0.010071505478150807,0.010857801666782858,0.1003568905364789,0.10420077574942932,0.0007862961886320515
2,1.0,1.5,0.0,combined,ols,linear,1000,1000,0.1,1,2.7432295269903797,71.79753337752564,0.9617921480315218,0.8551692005048126,3.01191516549834,1000.0,1000.0,1000.0,0.0,0.0,0.0,0.009918032627767298,0.01079957119626674,0.09958931984789984,0.10392098535073048,0.0008815385684994414
2,1.0,1.5,0.0,combined,ols,linear,1000,1000,0.1,2,2.6241437850135996,71.79753337752564,0.9634507808058623,0.8847172675079051,2.8414191415869396,1000.0,1000.0,1000.0,0.0,0.0,0.0,0.00981590559144587,0.009957270353718663,0.09907525216443241,0.09978612305184856,0.00014136476227279322
2,1.0,1.5,0.0,mean,rbf_svr,linear,1000,1000,0.1,0,7.0026844654551805,6.38905609893065,0.0960436654527473,1.1196832216510872,6.748993948608223,1000.0,1000.0,1000.0,0.0,0.0,0.0,0.016906711401992795,0.017825017305255535,0.13002581052234513,0.13351036403686245,0.0009183059032627401
2,1.0,1.5,0.0,mean,rbf_svr,linear,1000,1000,0.1,1,2.785713097399745,6.38905609893065,0.5639867526181221,0.9024964697823683,2.971213219430105,1000.0,1000.0,1000.0,0.0,0.0,0.0,0.01778785610497299,0.023189854819599686,0.13337112170546137,0.15228215528944844,0.005401998714626696
2,1.0,1.5,0.0,mean,rbf_svr,linear,1000,1000,0.1,2,3.2707074755795533,6.38905609893065,0.4880765757985787,0.9467903721684795,3.374295466748628,1000.0,1000.0,1000.0,0.0,0.0,0.0,0.013035067086958308,0.027723983432472957,0.11417121829497269,0.16650520542155117,0.01468891634551465
2,1.0,1.5,0.0,combined,rbf_svr,linear,1000,1000,0.1,0,19.793823439712178,71.79753337752564,0.7243105367473791,1.1407803437649424,19.492443646991706,1000.0,1000.0,1000.0,0.0,0.0,0.0,0.016906711401992795,0.017825017305255535,0.13002581052234513,0.13351036403686245,0.0009183059032627401
2,1.0,1.5,0.0,combined,rbf_svr,linear,1000,1000,0.1,1,2.7432295269903797,71.79753337752564,0.9617921480315218,0.8551692005048126,3.01191516549834,1000.0,1000.0,1000.0,0.0,0.0,0.0,0.01778785610497299,0.023189854819599686,0.13337112170546137,0.15228215528944844,0.005401998714626696
2,1.0,1.5,0.0,combined,rbf_svr,linear,1000,1000,0.1,2,2.6241437850135996,71.79753337752564,0.9634507808058623,0.8847172675079051,2.8414191415869396,1000.0,1000.0,1000.0,0.0,0.0,0.0,0.013035067086958308,0.027723983432472957,0.11417121829497269,0.16650520542155117,0.01468891634551465
2,1.0,1.5,0.1,mean,ols,linear,1000,1000,0.1,0,7.0026844654551805,6.38905609893065,0.0960436654527473,1.1196832216510872,6.748993948608223,939.9463033773934,964.8142666597867,934.5559926796423,0.03643654480646064,0.07002684465455182,0.06389056098930651,0.010071505478150807,0.01086517018777838,0.1003568905364789,0.10423612707587701,0.0007936647096275732
2,1.0,1.5,0.1,mean,ols,linear,1000,1000,0.1,1,2.785713097399745,6.38905609893065,0.5639867526181221,0.9024964697823683,2.971213219430105,939.9463033773934,951.9200560653227,972.8978569739551,0.050340562112883555,0.027857130973997456,0.06389056098930651,0.009918032627767298,0.010784064710837551,0.09958931984789984,0.10384635145655119,0.000866032083070253
2,1.0,1.5,0.1,mean,ols,linear,1000,1000,0.1,2,3.2707074755795533,6.38905609893065,0.4880765757985787,0.9467903721684795,3.374295466748628,939.9463033773934,970.8638120737937,968.3287976277979,0.029580859892418317,0.03270707475579554,0.06389056098930651,0.00981590559144587,0.009962183866100057,0.09907525216443241,0.09981074023420554,0.00014627827465418797
2,1.0,1.5,0.1,combined,ols,linear,1000,1000,0.1,0,19.793823439712178,71.79753337752564,0.7243105367473791,1.1407803437649424,19.492443646991706,582.0805341846769,966.2349761213694,834.7675792343861,0.034502788795104294,0.19793823439712183,0.7179753337752566,0.010071505478150807,0.010865321762024567,0.1003568905364789,0.10423685414489718,0.0007938162838737606
2,1.0,1.5,0.1,combined,ols,linear,1000,1000,0.1,1,2.7432295269903797,71.79753337752564,0.9617921480315218,0.8551692005048126,3.01191516549834,582.0805341846769,942.565289994372,973.3001430885552,0.06004203067208787,0.027432295269903803,0.7179753337752566,0.009918032627767298,0.010783110687269193,0.09958931984789984,0.10384175791688618,0.0008650780595018948
2,1.0,1.5,0.1,combined,ols,linear,1000,1000,0.1,2,2.6241437850135996,71.79753337752564,0.9634507808058623,0.8847172675079051,2.8414191415869396,582.0805341846769,970.9623035545435,974.429567076234,0.029173577453837543,0.026241437850136,0.7179753337752566,0.00981590559144587,0.009962470005719688,0.09907525216443241,0.09981217363488128,0.00014656441427381844
2,1.0,1.5,0.1,mean,rbf_svr,linear,1000,1000,0.1,0,7.0026844654551805,6.38905609893065,0.0960436654527473,1.1196832216510872,6.748993948608223,939.9463033773934,964.8142666597867,934.5559926796423,0.03643654480646064,0.07002684465455182,0.06389056098930651,0.016906711401992795,0.0818013024247705,0.13002581052234513,0.2860092698231484,0.06489459102277771
2,1.0,1.5,0.1,mean,rbf_svr,linear,1000,1000,0.1,1,2.785713097399745,6.38905609893065,0.5639867526181221,0.9024964697823683,2.971213219430105,939.9463033773934,951.9200560653227,972.8978569739551,0.050340562112883555,0.027857130973997456,0.06389056098930651,0.01778785610497299,0.06071096264745326,0.13337112170546137,0.2463959468973734,0.04292310654248027
2,1.0,1.5,0.1,mean,rbf_svr,linear,1000,1000,0.1,2,3.2707074755795533,6.38905609893065,0.4880765757985787,0.9467903721684795,3.374295466748628,939.9463033773934,970.8638120737937,968.3287976277979,0.029580859892418317,0.03270707475579554,0.06389056098930651,0.013035067086958308,0.06391666254863962,0.11417121829497269,0.2528174490588805,0.05088159546168131
2,1.0,1.5,0.1,combined,rbf_svr,linear,1000,1000,0.1,0,19.793823439712178,71.79753337752564,0.7243105367473791,1.1407803437649424,19.492443646991706,582.0805341846769,966.2349761213694,834.7675792343861,0.034502788795104294,0.19793823439712183,0.7179753337752566,0.016906711401992795,0.15981229319039983,0.13002581052234513,0.39976529763149754,0.14290558178840704
2,1.0,1.5,0.1,combined,rbf_svr,linear,1000,1000,0.1,1,2.7432295269903797,71.79753337752564,0.9617921480315218,0.8551692005048126,3.01191516549834,582.0805341846769,942.565289994372,973.3001430885552,0.06004203067208787,0.027432295269903803,0.7179753337752566,0.01778785610497299,0.14678962563023829,0.13337112170546137,0.38313134253182457,0.1290017695252653
2,1.0,1.5,0.1,combined,rbf_svr,linear,1000,1000,0.1,2,2.6241437850135996,71.79753337752564,0.9634507808058623,0.8847172675079051,2.8414191415869396,582.0805341846769,970.9623035545435,974.429567076234,0.029173577453837543,0.026241437850136,0.7179753337752566,0.013035067086958308,0.1432966963900021,0.11417121829497269,0.3785455010827656,0.13026162930304377
2,1.0,1.5,0.2,mean,ols,linear,1000,1000,0.1,0,7.0026844654551805,6.38905609893065,0.0960436654527473,1.1196832216510872,6.748993948608223,796.4559342340877,872.4848550641792,781.1844667901493,0.1457461792258426,0.2801073786182073,0.25556224395722604,0.010071505478150807,0.010862656756841354,0.1003568905364789,0.1042240699495148,0.0007911512786905467
2,1.0,1.5,0.2,mean,ols,linear,1000,1000,0.1,1,2.785713097399745,6.38905609893065,0.5639867526181221,0.9024964697823683,2.971213219430105,796.4559342340877,831.316090596099,899.742969070661,0.20136224845153422,0.11142852389598983,0.25556224395722604,0.009918032627767298,0.01077912908468495,0.09958931984789984,0.1038225846561573,0.0008610964569176517
2,1.0,1.5,0.2,mean,ols,linear,1000,1000,0.1,2,3.2707074755795533,6.38905609893065,0.4880765757985787,0.9467903721684795,3.374295466748628,796.4559342340877,891.3269996966565,884.3075477186125,0.11832343956967319,0.13082829902318216,0.25556224395722604,0.00981590559144587,0.00997150245940173,0.09907525216443241,0.09985741063837841,0.00015559686795586086
2,1.0,1.5,0.2,combined,ols,linear,1000,1000,0.1,0,19.793823439712178,71.79753337752564,0.7243105367473791,1.1407803437649424,19.492443646991706,258.27104397894163,875.8667315433861,558.1126610825573,0.13801115518041718,0.7917529375884873,2.8719013351010263,0.010071505478150807,0.010862880981897463,0.1003568905364789,0.10422514563145241,0.0007913755037466559
2,1.0,1.5,0.2,combined,ols,linear,1000,1000,0.1,1,2.7432295269903797,71.79753337752564,0.9617921480315218,0.8551692005048126,3.01191516549834,258.27104397894163,801.5137548480699,901.1207572528067,0.2401681226883515,0.10972918107961521,2.8719013351010263,0.009918032627767298,0.010778111204328589,0.09958931984789984,0.10381768252243251,0.0008600785765612903
2,1.0,1.5,0.2,combined,ols,linear,1000,1000,0.1,2,2.6241437850135996,71.79753337752564,0.9634507808058623,0.8847172675079051,2.8414191415869396,258.27104397894163,890.6367433870796,905.0054254916952,0.11669430981535017,0.104965751400544,2.8719013351010263,0.00981590559144587,0.009972223776630226,0.09907525216443241,0.09986102230915837,0.00015631818518435647
2,1.0,1.5,0.2,mean,rbf_svr,linear,1000,1000,0.1,0,7.0026844654551805,6.38905609893065,0.0960436654527473,1.1196832216510872,6.748993948608223,796.4559342340877,872.4848550641792,781.1844667901493,0.1457461792258426,0.2801073786182073,0.25556224395722604,0.016906711401992795,0.13268747291227123,0.13002581052234513,0.3642629172895194,0.11578076151027844
2,1.0,1.5,0.2,mean,rbf_svr,linear,1000,1000,0.1,1,2.785713097399745,6.38905609893065,0.5639867526181221,0.9024964697823683,2.971213219430105,796.4559342340877,831.316090596099,899.742969070661,0.20136224845153422,0.11142852389598983,0.25556224395722604,0.01778785610497299,0.11444516176142054,0.13337112170546137,0.33829744569154013,0.09665730565644755
2,1.0,1.5,0.2,mean,rbf_svr,linear,1000,1000,0.1,2,3.2707074755795533,6.38905609893065,0.4880765757985787,0.9467903721684795,3.374295466748628,796.4559342340877,891.3269996966565,884.3075477186125,0.11832343956967319,0.13082829902318216,0.25556224395722604,0.013035067086958308,0.09429994013442707,0.11417121829497269,0.3070829531811023,0.08126487304746875
2,1.0,1.5,0.2,combined,rbf_svr,linear,1000,1000,0.1,0,19.793823439712178,71.79753337752564,0.7243105367473791,1.1407803437649424,19.492443646991706,258.27104397894163,875.8667315433861,558.1126610825573,0.13801115518041718,0.7917529375884873,2.8719013351010263,0.016906711401992795,0.286535052734095,0.13002581052234513,0.535289690479926,0.26962834133210223
2,1.0,1.5,0.2,combined,rbf_svr,linear,1000,1000,0.1,1,2.7432295269903797,71.79753337752564,0.9617921480315218,0.8551692005048126,3.01191516549834,258.27104397894163,801.5137548480699,901.1207572528067,0.2401681226883515,0.10972918107961521,2.8719013351010263,0.01778785610497299,0.31081745154542445,0.13337112170546137,0.5575100461385646,0.2930295954404515
2,1.0,1.5,0.2,combined,rbf_svr,linear,1000,1000,0.1,2,2.6241437850135996,71.79753337752564,0.9634507808058623,0.8847172675079051,2.8414191415869396,258.27104397894163,890.6367433870796,905.0054254916952,0.11669430981535017,0.104965751400544,2.8719013351010263,0.013035067086958308,0.24374154297003947,0.11417121829497269,0.4937018766118268,0.23070647588308116
2,1.0,1.5,0.3,mean,ols,linear,1000,1000,0.1,0,7.0026844654551805,6.38905609893065,0.0960436654527473,1.1196832216510872,6.748993948608223,634.9145684011208,752.1827530318745,613.4060122377382,0.32792890325814505,0.6302416018909662,0.5750150489037585,0.010071505478150807,0.010854875263464334,0.1003568905364789,0.1041867326652695,0.0007833697853135268
2,1.0,1.5,0.3,mean,ols,linear,1000,1000,0.1,1,2.785713097399745,6.38905609893065,0.5639867526181221,0.9024964697823683,2.971213219430105,634.9145684011208,685.6166961032076,799.5431865869264,0.45306505901595234,0.25071417876597707,0.5750150489037585,0.009918032627767298,0.010769647978942117,0.09958931984789984,0.10377691447977298,0.0008516153511748184
2,1.0,1.5,0.3,mean,ols,linear,1000,1000,0.1,2,3.2707074755795533,6.38905609893065,0.4880765757985787,0.9467903721684795,3.374295466748628,634.9145684011208,782.0704791763679,772.580396848674,0.2662277390317644,0.2943636728021598,0.5750150489037585,0.00981590559144587,0.009973374005388834,0.09907525216443241,0.0998667812908218,0.00015746841394296412
2,1.0,1.5,0.3,combined,ols,linear,1000,1000,0.1,0,19.793823439712178,71.79753337752564,0.7243105367473791,1.1407803437649424,19.492443646991706,134.01631614703305,755.6548042808764,359.52546972195796,0.31052509915593907,1.7814441095740958,6.461778003977307,0.010071505478150807,0.010854560775312926,0.1003568905364789,0.10418522340194374,0.0007830552971621191
2,1.0,1.5,0.3,combined,ols,linear,1000,1000,0.1,1,2.7432295269903797,71.79753337752564,0.9617921480315218,0.8551692005048126,3.01191516549834,134.01631614703305,638.496702209439,801.9949416108558,0.5403782760487904,0.24689065742913416,6.461778003977307,0.009918032627767298,0.010767670025720018,0.09958931984789984,0.10376738420968323,0.0008496373979527197
2,1.0,1.5,0.3,combined,ols,linear,1000,1000,0.1,2,2.6241437850135996,71.79753337752564,0.9634507808058623,0.8847172675079051,2.8414191415869396,134.01631614703305,779.0000486082337,808.9483009336814,0.2625621970845383,0.23617294065122396,6.461778003977307,0.00981590559144587,0.009974688263186614,0.09907525216443241,0.09987336112891472,0.0001587826717407443
2,1.0,1.5,0.3,mean,rbf_svr,linear,1000,1000,0.1,0,7.0026844654551805,6.38905609893065,0.0960436654527473,1.1196832216510872,6.748993948608223,634.9145684011208,752.1827530318745,613.4060122377382,0.32792890325814505,0.6302416018909662,0.5750150489037585,0.016906711401992795,0.16981060748199162,0.13002581052234513,0.4120808263945213,0.15290389607999882
2,1.0,1.5,0.3,mean,rbf_svr,linear,1000,1000,0.1,1,2.785713097399745,6.38905609893065,0.5639867526181221,0.9024964697823683,2.971213219430105,634.9145684011208,685.6166961032076,799.5431865869264,0.45306505901595234,0.25071417876597707,0.5750150489037585,0.01778785610497299,0.1417711740952501,0.13337112170546137,0.37652513076187905,0.12398331799027712
2,1.0,1.5,0.3,mean,rbf_svr,linear,1000,1000,0.1,2,3.2707074755795533,6.38905609893065,0.4880765757985787,0.9467903721684795,3.374295466748628,634.9145684011208,782.0704791763679,772.580396848674,0.2662277390317644,0.2943636728021598,0.5750150489037585,0.013035067086958308,0.11412504640939437,0.11417121829497269,0.3378239873209041,0.10108997932243606
2,1.0,1.5,0.3,combined,rbf_svr,linear,1000,1000,0.1,0,19.793823439712178,71.79753337752564,0.7243105367473791,1.1407803437649424,19.492443646991706,134.01631614703305,755.6548042808764,359.52546972195796,0.31052509915593907,1.7814441095740958,6.461778003977307,0.016906711401992795,0.3992407354343176,0.13002581052234513,0.6318549955759768,0.3823340240323248
2,1.0,1.5,0.3,combined,rbf_svr,linear,1000,1000,0.1,1,2.7432295269903797,71.79753337752564,0.9617921480315218,0.8551692005048126,3.01191516549834,134.01631614703305,638.496702209439,801.9949416108558,0.5403782760487904,0.24689065742913416,6.461778003977307,0.01778785610497299,0.37906229693810956,0.13337112170546137,0.6156803528927243,0.3612744408331366
2,1.0,1.5,0.3,combined,rbf_svr,linear,1000,1000,0.1,2,2.6241437850135996,71.79753337752564,0.9634507808058623,0.8847172675079051,2.8414191415869396,134.01631614703305,779.0000486082337,808.9483009336814,0.2625621970845383,0.23617294065122396,6.461778003977307,0.013035067086958308,0.3202132374131488,0.11417121829497269,0.5658738705870318,0.3071781703261905
2,1.0,2.0,0.0,mean,ols,linear,1000,1000,0.1,0,7.0026844654551805,6.38905609893065,0.0960436654527473,1.1196832216510872,6.748993948608223,1000.0,1000.0,1000.0,0.0,0.0,0.0,0.010071505478150807,0.010857801666782858,0.1003568905364789,0.10420077574942932,0.0007862961886320515
2,1.0,2.0,0.0,mean,ols,linear,1000,1000,0.1,1,2.785713097399745,6.38905609893065,0.5639867526181221,0.9024964697823683,2.971213219430105,1000.0,1000.0,1000.0,0.0,0.0,0.0,0.009918032627767298,0.01079957119626674,0.09958931984789984,0.10392098535073048,0.0008815385684994414
2,1.0,2.0,0.0,mean,ols,linear,1000,1000,0.1,2,3.2707074755795533,6.38905609893065,0.4880765757985787,0.9467903721684795,3.374295466748628,1000.0,1000.0,1000.0,0.0,0.0,0.0,0.00981590559144587,0.009957270353718663,0.09907525216443241,0.09978612305184856,0.00014136476227279322
2,1.0,2.0,0.0,combined,ols,linear,1000,1000,0.1,0,35.11061173775718,inf,inf,1.1427978727123613,34.804624759881285,,1000.0,1000.0,0.0,0.0,,0.010071505478150807,0.010857801666782858,0.1003568905364789,0.10420077574942932,0.0007862961886320515
2,1.0,2.0,0.0,combined,ols,linear,1000,1000,0.1,1,2.823522064004368,inf,inf,0.8182873036485498,3.153927952691961,,1000.0,1000.0,0.0,0.0,,0.009918032627767298,0.01079957119626674,0.09958931984789984,0.10392098535073048,0.0008815385684994414
2,1.0,2.0,0.0,combined,ols,linear,1000,1000,0.1,2,2.23424385519104,inf,inf,0.8371767728795968,2.5333789061419423,,1000.0,1000.0,0.0,0.0,,0.00981590559144587,0.009957270353718663,0.09907525216443241,0.09978612305184856,0.00014136476227279322
2,1.0,2.0,0.0,mean,rbf_svr,linear,1000,1000,0.1,0,7.0026844654551805,6.38905609893065,0.0960436654527473,1.1196832216510872,6.748993948608223,1000.0,1000.0,1000.0,0.0,0.0,0.0,0.016906711401992795,0.017825017305255535,0.13002581052234513,0.13351036403686245,0.0009183059032627401
2,1.0,2.0,0.0,mean,rbf_svr,linear,1000,1000,0.1,1,2.785713097399745,6.38905609893065,0.5639867526181221,0.9024964697823683,2.971213219430105,1000.0,1000.0,1000.0,0.0,0.0,0.0,0.01778785610497299,0.023189854819599686,0.13337112170546137,0.15228215528944844,0.005401998714626696
2,1.0,2.0,0.0,mean,rbf_svr,linear,1000,1000,0.1,2,3.2707074755795533,6.38905609893065,0.4880765757985787,0.9467903721684795,3.374295466748628,1000.0,1000.0,1000.0,0.0,0.0,0.0,0.013035067086958308,0.027723983432472957,0.11417121829497269,0.16650520542155117,0.01468891634551465
2,1.0,2.0,0.0,combined,rbf_svr,linear,1000,1000,0.1,0,35.11061173775718,inf,inf,1.1427978727123613,34.804624759881285,,1000.0,1000.0,0.0,0.0,,0.016906711401992795,0.017825017305255535,0.13002581052234513,0.13351036403686245,0.0009183059032627401
2,1.0,2.0,0.0,combined,rbf_svr,linear,1000,1000,0.1,1,2.823522064004368,inf,inf,0.8182873036485498,3.153927952691961,,1000.0,1000.0,0.0,0.0,,0.01778785610497299,0.023189854819599686,0.13337112170546137,0.15228215528944844,0.005401998714626696
2,1.0,2.0,0.0,combined,rbf_svr,linear,1000,1000,0.1,2,2.23424385519104,inf,inf,0.8371767728795968,2.5333789061419423,,1000.0,1000.0,0.0,0.0,,0.013035067086958308,0.027723983432472957,0.11417121829497269,0.16650520542155117,0.01468891634551465
2,1.0,2.0,0.1,mean,ols,linear,1000,1000,0.1,0,7.0026844654551805,6.38905609893065,0.0960436654527473,1.1196832216510872,6.748993948608223,939.9463033773934,964.8142666597867,934.5559926796423,0.03643654480646064,0.07002684465455182,0.06389056098930651,0.010071505478150807,0.01086517018777838,0.1003568905364789,0.10423612707587701,0.0007936647096275732
2,1.0,2.0,0.1,mean,ols,linear,1000,1000,0.1,1,2.785713097399745,6.38905609893065,0.5639867526181221,0.9024964697823683,2.971213219430105,939.9463033773934,951.9200560653227,972.8978569739551,0.050340562112883555,0.027857130973997456,0.06389056098930651,0.009918032627767298,0.010784064710837551,0.09958931984789984,0.10384635145655119,0.000866032083070253
2,1.0,2.0,0.1,mean,ols,linear,1000,1000,0.1,2,3.2707074755795533,6.38905609893065,0.4880765757985787,0.9467903721684795,3.374295466748628,939.9463033773934,970.8638120737937,968.3287976277979,0.029580859892418317,0.03270707475579554,0.06389056098930651,0.00981590559144587,0.009962183866100057,0.09907525216443241,0.09981074023420554,0.00014627827465418797
2,1.0,2.0,0.1,combined,ols,linear,1000,1000,0.1,0,35.11061173775718,inf,inf,1.1427978727123613,34.804624759881285,0.0,968.3364977052863,740.1343144985156,0.03192817056114409,0.3511061173775719,inf,0.010071505478150807,0.010865463149889811,0.1003568905364789,0.1042375323474698,0.0007939576717390043
2,1.0,2.0,0.1,combined,ols,linear,1000,1000,0.1,1,2.823522064004368,inf,inf,0.8182873036485498,3.153927952691961,0.0,943.1460344187217,972.5401152642213,0.05873094368643726,0.028235220640043687,inf,0.009918032627767298,0.010782354523000743,0.09958931984789984,0.1038381169080061,0.0008643218952334442
2,1.0,2.0,0.1,combined,ols,linear,1000,1000,0.1,2,2.23424385519104,inf,inf,0.8371767728795968,2.5333789061419423,0.0,970.8819949030192,978.1458367476584,0.0289616045447059,0.022342438551910405,inf,0.00981590559144587,0.009962746317400312,0.09907525216443241,0.0998135577835011,0.0001468407259544429
2,1.0,2.0,0.1,mean,rbf_svr,linear,1000,1000,0.1,0,7.0026844654551805,6.38905609893065,0.0960436654527473,1.1196832216510872,6.748993948608223,939.9463033773934,964.8142666597867,934.5559926796423,0.03643654480646064,0.07002684465455182,0.06389056098930651,0.016906711401992795,0.0818013024247705,0.13002581052234513,0.2860092698231484,0.06489459102277771
2,1.0,2.0,0.1,mean,rbf_svr,linear,1000,1000,0.1,1,2.785713097399745,6.38905609893065,0.5639867526181221,0.9024964697823683,2.971213219430105,939.9463033773934,951.9200560653227,972.8978569739551,0.050340562112883555,0.027857130973997456,0.06389056098930651,0.01778785610497299,0.06071096264745326,0.13337112170546137,0.2463959468973734,0.04292310654248027
2,1.0,2.0,0.1,mean,rbf_svr,linear,1000,1000,0.1,2,3.2707074755795533,6.38905609893065,0.4880765757985787,0.9467903721684795,3.374295466748628,939.9463033773934,970.8638120737937,968.3287976277979,0.029580859892418317,0.03270707475579554,0.06389056098930651,0.013035067086958308,0.06391666254863962,0.11417121829497269,0.2528174490588805,0.05088159546168131
2,1.0,2.0,0.1,combined,rbf_svr,linear,1000,1000,0.1,0,35.11061173775718,inf,inf,1.1427978727123613,34.804624759881285,0.0,968.3364977052863,740.1343144985156,0.03192817056114409,0.3511061173775719,inf,0.016906711401992795,0.2444978629007697,0.13002581052234513,0.49446725159586624,0.2275911514987769
2,1.0,2.0,0.1,combined,rbf_svr,linear,1000,1000,0.1,1,2.823522064004368,inf,inf,0.8182873036485498,3.153927952691961,0.0,943.1460344187217,972.5401152642213,0.05873094368643726,0.028235220640043687,inf,0.01778785610497299,0.26310839322733726,0.13337112170546137,0.5129409256701373,0.24532053712236426
2,1.0,2.0,0.1,combined,rbf_svr,linear,1000,1000,0.1,2,2.23424385519104,inf,inf,0.8371767728795968,2.5333789061419423,0.0,970.8819949030192,978.1458367476584,0.0289616045447059,0.022342438551910405,inf,0.013035067086958308,0.24611891529928617,0.11417121829497269,0.4961037344137677,0.23308384821232786
2,1.0,2.0,0.2,mean,ols,linear,1000,1000,0.1,0,7.0026844654551805,6.38905609893065,0.0960436654527473,1.1196832216510872,6.748993948608223,796.4559342340877,872.4848550641792,781.1844667901493,0.1457461792258426,0.2801073786182073,0.25556224395722604,0.010071505478150807,0.010862656756841354,0.1003568905364789,0.1042240699495148,0.0007911512786905467
2,1.0,2.0,0.2,mean,ols,linear,1000,1000,0.1,1,2.785713097399745,6.38905609893065,0.5639867526181221,0.9024964697823683,2.971213219430105,796.4559342340877,831.316090596099,899.742969070661,0.20136224845153422,0.11142852389598983,0.25556224395722604,0.009918032627767298,0.01077912908468495,0.09958931984789984,0.1038225846561573,0.0008610964569176517
2,1.0,2.0,0.2,mean,ols,linear,1000,1000,0.1,2,3.2707074755795533,6.38905609893065,0.4880765757985787,0.9467903721684795,3.374295466748628,796.4559342340877,891.3269996966565,884.3075477186125,0.11832343956967319,0.13082829902318216,0.25556224395722604,0.00981590559144587,0.00997150245940173,0.09907525216443241,0.09985741063837841,0.00015559686795586086
2,1.0,2.0,0.2,combined,ols,linear,1000,1000,0.1,0,35.11061173775718,inf,inf,1.1427978727123613,34.804624759881285,0.0,881.7341797845145,415.899943076054,0.12771268224457633,1.4044244695102877,inf,0.010071505478150807,0.010863097142372971,0.1003568905364789,0.10422618261441302,0.0007915916642221646
2,1.0,2.0,0.2,combined,ols,linear,1000,1000,0.1,1,2.823522064004368,inf,inf,0.8182873036485498,3.153927952691961,0.0,801.3918014562504,898.5203218518049,0.23492377474574905,0.11294088256017475,inf,0.009918032627767298,0.010777349871816248,0.09958931984789984,0.10381401577733253,0.0008593172440489495
2,1.0,2.0,0.2,combined,ols,linear,1000,1000,0.1,2,2.23424385519104,inf,inf,0.8371767728795968,2.5333789061419423,0.0,889.3343445012154,917.9619648310824,0.1158464181788236,0.08936975420764162,inf,0.00981590559144587,0.009972894995277176,0.09907525216443241,0.09986438301655488,0.00015698940383130668
2,1.0,2.0,0.2,mean,rbf_svr,linear,1000,1000,0.1,0,7.0026844654551805,6.38905609893065,0.0960436654527473,1.1196832216510872,6.748993948608223,796.4559342340877,872.4848550641792,781.1844667901493,0.1457461792258426,0.2801073786182073,0.25556224395722604,0.016906711401992795,0.13268747291227123,0.13002581052234513,0.3642629172895194,0.11578076151027844
2,1.0,2.0,0.2,mean,rbf_svr,linear,1000,1000,0.1,1,2.785713097399745,6.38905609893065,0.5639867526181221,0.9024964697823683,2.971213219430105,796.4559342340877,831.316090596099,899.742969070661,0.20136224845153422,0.11142852389598983,0.25556224395722604,0.01778785610497299,0.11444516176142054,0.13337112170546137,0.33829744569154013,0.09665730565644755
2,1.0,2.0,0.2,mean,rbf_svr,linear,1000,1000,0.1,2,3.2707074755795533,6.38905609893065,0.4880765757985787,0.9467903721684795,3.374295466748628,796.4559342340877,891.3269996966565,884.3075477186125,0.11832343956967319,0.13082829902318216,0.25556224395722604,0.013035067086958308,0.09429994013442707,0.11417121829497269,0.3070829531811023,0.08126487304746875
2,1.0,2.0,0.2,combined,rbf_svr,linear,1000,1000,0.1,0,35.11061173775718,inf,inf,1.1427978727123613,34.804624759881285,0.0,881.7341797845145,415.899943076054,0.12771268224457633,1.4044244695102877,inf,0.016906711401992795,0.46297920469942033,0.13002581052234513,0.6804257525251527,0.44607249329742754
2,1.0,2.0,0.2,combined,rbf_svr,linear,1000,1000,0.1,1,2.823522064004368,inf,inf,0.8182873036485498,3.153927952691961,0.0,801.3918014562504,898.5203218518049,0.23492377474574905,0.11294088256017475,inf,0.01778785610497299,0.5614006470678361,0.13337112170546137,0.7492667395980126,0.5436127909628631
2,1.0,2.0,0.2,combined,rbf_svr,linear,1000,1000,0.1,2,2.23424385519104,inf,inf,0.8371767728795968,2.5333789061419423,0.0,889.3343445012154,917.9619648310824,0.1158464181788236,0.08936975420764162,inf,0.013035067086958308,0.4452360874233225,0.11417121829497269,0.667260134747553,0.4322010203363642
2,1.0,2.0,0.3,mean,ols,linear,1000,1000,0.1,0,7.0026844654551805,6.38905609893065,0.0960436654527473,1.1196832216510872,6.748993948608223,634.9145684011208,752.1827530318745,613.4060122377382,0.32792890325814505,0.6302416018909662,0.5750150489037585,0.010071505478150807,0.010854875263464334,0.1003568905364789,0.1041867326652695,0.0007833697853135268
2,1.0,2.0,0.3,mean,ols,linear,1000,1000,0.1,1,2.785713097399745,6.38905609893065,0.5639867526181221,0.9024964697823683,2.971213219430105,634.9145684011208,685.6166961032076,799.5431865869264,0.45306505901595234,0.25071417876597707,0.5750150489037585,0.009918032627767298,0.010769647978942117,0.09958931984789984,0.10377691447977298,0.0008516153511748184
2,1.0,2.0,0.3,mean,ols,linear,1000,1000,0.1,2,3.2707074755795533,6.38905609893065,0.4880765757985787,0.9467903721684795,3.374295466748628,634.9145684011208,782.0704791763679,772.580396848674,0.2662277390317644,0.2943636728021598,0.5750150489037585,0.00981590559144587,0.009973374005388834,0.09907525216443241,0.0998667812908218,0.00015746841394296412
2,1.0,2.0,0.3,combined,ols,linear,1000,1000,0.1,0,35.11061173775718,inf,inf,1.1427978727123613,34.804624759881285,0.0,763.603850905881,240.38721246806918,0.28735353505029715,3.1599550563981462,inf,0.010071505478150807,0.01085433562755965,0.1003568905364789,0.10418414287961317,0.0007828301494088429
2,1.0,2.0,0.3,combined,ols,linear,1000,1000,0.1,1,2.823522064004368,inf,inf,0.8182873036485498,3.153927952691961,0.0,635.5912661054614,797.3737788055573,0.5285784931779357,0.2541169857603931,inf,0.009918032627767298,0.010766133683686854,0.09958931984789984,0.10375998112801897,0.0008481010559195559
2,1.0,2.0,0.3,combined,ols,linear,1000,1000,0.1,2,2.23424385519104,inf,inf,0.8371767728795968,2.5333789061419423,0.0,774.8239475882535,832.5826580984436,0.2606544409023536,0.2010819469671936,inf,0.00981590559144587,0.009975888715360327,0.09907525216443241,0.09987937081980607,0.00015998312391445751
2,1.0,2.0,0.3,mean,rbf_svr,linear,1000,1000,0.1,0,7.0026844654551805,6.38905609893065,0.0960436654527473,1.1196832216510872,6.748993948608223,634.9145684011208,752.1827530318745,613.4060122377382,0.32792890325814505,0.6302416018909662,0.5750150489037585,0.016906711401992795,0.16981060748199162,0.13002581052234513,0.4120808263945213,0.15290389607999882
2,1.0,2.0,0.3,mean,rbf_svr,linear,1000,1000,0.1,1,2.785713097399745,6.38905609893065,0.5639867526181221,0.9024964697823683,2.971213219430105,634.9145684011208,685.6166961032076,799.5431865869264,0.45306505901595234,0.25071417876597707,0.5750150489037585,0.01778785610497299,0.1417711740952501,0.13337112170546137,0.37652513076187905,0.12398331799027712
2,1.0,2.0,0.3,mean,rbf_svr,linear,1000,1000,0.1,2,3.2707074755795533,6.38905609893065,0.4880765757985787,0.9467903721684795,3.374295466748628,634.9145684011208,782.0704791763679,772.580396848674,0.2662277390317644,0.2943636728021598,0.5750150489037585,0.013035067086958308,0.11412504640939437,0.11417121829497269,0.3378239873209041,0.10108997932243606
2,1.0,2.0,0.3,combined,rbf_svr,linear,1000,1000,0.1,0,35.11061173775718,inf,inf,1.1427978727123613,34.804624759881285,0.0,763.603850905881,240.38721246806918,0.28735353505029715,3.1599550563981462,inf,0.016906711401992795,0.6726619343163206,0.13002581052234513,0.8201597004951662,0.6557552229143278
2,1.0,2.0,0.3,combined,rbf_svr,linear,1000,1000,0.1,1,2.823522064004368,inf,inf,0.8182873036485498,3.153927952691961,0.0,635.5912661054614,797.3737788055573,0.5285784931779357,0.2541169857603931,inf,0.01778785610497299,0.6843827249787197,0.13337112170546137,0.827274274336341,0.6665948688737466
2,1.0,2.0,0.3,combined,rbf_svr,linear,1000,1000,0.1,2,2.23424385519104,inf,inf,0.8371767728795968,2.5333789061419423,0.0,774.8239475882535,832.5826580984436,0.2606544409023536,0.2010819469671936,inf,0.013035067086958308,0.5992413024215255,0.11417121829497269,0.7741067771448107,0.5862062353345672
2,1.5,1.0,0.0,mean,ols,linear,1000,1000,0.1,0,42.30368033297819,89.01713130052181,0.5247692245871082,1.1553804916426722,41.968776252509734,1000.0,1000.0,1000.0,0.0,0.0,0.0,0.010071505478150807,0.010857801666782858,0.1003568905364789,0.10420077574942932,0.0007862961886320515
2,1.5,1.0,0.0,mean,ols,linear,1000,1000,0.1,1,7.616786571614453,89.01713130052181,0.9144345985954077,0.7476942759979592,8.057739841254334,1000.0,1000.0,1000.0,0.0,0.0,0.0,0.009918032627767298,0.01079957119626674,0.09958931984789984,0.10392098535073048,0.0008815385684994414
2,1.5,1.0,0.0,mean,ols,linear,1000,1000,0.1,2,9.780609023615202,89.01713130052181,0.8901266657246473,0.812163069814778,10.121000171644237,1000.0,1000.0,1000.0,0.0,0.0,0.0,0.00981590559144587,0.009957270353718663,0.09907525216443241,0.09978612305184856,0.00014136476227279322
2,1.5,1.0,0.0,combined,ols,linear,1000,1000,0.1,0,42.30368033297819,89.01713130052181,0.5247692245871082,1.1553804916426722,41.968776252509734,1000.0,1000.0,1000.0,0.0,0.0,0.0,0.010071505478150807,0.010857801666782858,0.1003568905364789,0.10420077574942932,0.0007862961886320515
2,1.5,1.0,0.0,combined,ols,linear,1000,1000,0.1,1,7.616786571614453,89.01713130052181,0.9144345985954077,0.7476942759979592,8.057739841254334,1000.0,1000.0,1000.0,0.0,0.0,0.0,0.009918032627767298,0.01079957119626674,0.09958931984789984,0.10392098535073048,0.0008815385684994414
2,1.5,1.0,0.0,combined,ols,linear,1000,1000,0.1,2,9.780609023615202,89.01713130052181,0.8901266657246473,0.812163069814778,10.121000171644237,1000.0,1000.0,1000.0,0.0,0.0,0.0,0.00981590559144587,0.009957270353718663,0.09907525216443241,0.09978612305184856,0.00014136476227279322
2,1.5,1.0,0.0,mean,rbf_svr,linear,1000,1000,0.1,0,42.30368033297819,89.01713130052181,0.5247692245871082,1.1553804916426722,41.968776252509734,1000.0,1000.0,1000.0,0.0,0.0,0.0,0.016906711401992795,0.017825017305255535,0.13002581052234513,0.13351036403686245,0.0009183059032627401
2,1.5,1.0,0.0,mean,rbf_svr,linear,1000,1000,0.1,1,7.616786571614453,89.01713130052181,0.9144345985954077,0.7476942759979592,8.057739841254334,1000.0,1000.0,1000.0,0.0,0.0,0.0,0.01778785610497299,0.023189854819599686,0.13337112170546137,0.15228215528944844,0.005401998714626696
2,1.5,1.0,0.0,mean,rbf_svr,linear,1000,1000,0.1,2,9.780609023615202,89.01713130052181,0.8901266657246473,0.812163069814778,10.121000171644237,1000.0,1000.0,1000.0,0.0,0.0,0.0,0.013035067086958308,0.027723983432472957,0.11417121829497269,0.16650520542155117,0.01468891634551465
2,1.5,1.0,0.0,combined,rbf_svr,linear,1000,1000,0.1,0,42.30368033297819,89.01713130052181,0.5247692245871082,1.1553804916426722,41.968776252509734,1000.0,1000.0,1000.0,0.0,0.0,0.0,0.016906711401992795,0.017825017305255535,0.13002581052234513,0.13351036403686245,0.0009183059032627401
2,1.5,1.0,0.0,combined,rbf_svr,linear,1000,1000,0.1,1,7.616786571614453,89.01713130052181,0.9144345985954077,0.7476942759979592,8.057739841254334,1000.0,1000.0,1000.0,0.0,0.0,0.0,0.01778785610497299,0.023189854819599686,0.13337112170546137,0.15228215528944844,0.005401998714626696
2,1.5,1.0,0.0,combined,rbf_svr,linear,1000,1000,0.1,2,9.780609023615202,89.01713130052181,0.8901266657246473,0.812163069814778,10.121000171644237,1000.0,1000.0,1000.0,0.0,0.0,0.0,0.013035067086958308,0.027723983432472957,0.11417121829497269,0.16650520542155117,0.01468891634551465
2,1.5,1.0,0.1,mean,ols,linear,1000,1000,0.1,0,42.30368033297819,89.01713130052181,0.5247692245871082,1.1553804916426722,41.968776252509734,529.0525748219518,904.0057541693261,702.7225140348354,0.1036309795596501,0.423036803329782,0.8901713130052182,0.010071505478150807,0.010866813170950822,0.1003568905364789,0.1042440078419418,0.0007953076928000156
2,1.5,1.0,0.1,mean,ols,linear,1000,1000,0.1,1,7.616786571614453,89.01713130052181,0.9144345985954077,0.7476942759979592,8.057739841254334,529.0525748219518,780.1742118885173,929.2230625512516,0.2775145562334257,0.07616786571614455,0.8901713130052182,0.009918032627767298,0.010778999102250844,0.09958931984789984,0.10382195867084595,0.0008609664744835457
2,1.5,1.0,0.1,mean,ols,linear,1000,1000,0.1,2,9.780609023615202,89.01713130052181,0.8901266657246473,0.812163069814778,10.121000171644237,529.0525748219518,928.1281930781913,910.9076811414732,0.07391748287336745,0.09780609023615204,0.8901713130052182,0.00981590559144587,0.009962313574424552,0.09907525216443241,0.0998113900034688,0.00014640798297868227
2,1.5,1.0,0.1,combined,ols,linear,1000,1000,0.1,0,42.30368033297819,89.01713130052181,0.5247692245871082,1.1553804916426722,41.968776252509734,529.0525748219518,904.0057541693261,702.7225140348354,0.1036309795596501,0.423036803329782,0.8901713130052182,0.010071505478150807,0.010866813170950822,0.1003568905364789,0.1042440078419418,0.0007953076928000156
2,1.5,1.0,0.1,combined,ols,linear,1000,1000,0.1,1,7.616786571614453,89.01713130052181,0.9144345985954077,0.7476942759979592,8.057739841254334,529.0525748219518,780.1742118885173,929.2230625512516,0.2775145562334257,0.07616786571614455,0.8901713130052182,0.009918032627767298,0.010778999102250844,0.09958931984789984,0.10382195867084595,0.0008609664744835457
2,1.5,1.0,0.1,combined,ols,linear,1000,1000,0.1,2,9.780609023615202,89.01713130052181,0.8901266657246473,0.812163069814778,10.121000171644237,529.0525748219518,928.1281930781913,910.9076811414732,0.07391748287336745,0.09780609023615204,0.8901713130052182,0.00981590559144587,0.009962313574424552,0.09907525216443241,0.0998113900034688,0.00014640798297868227
2,1.5,1.0,0.1,mean,rbf_svr,linear,1000,1000,0.1,0,42.30368033297819,89.01713130052181,0.5247692245871082,1.1553804916426722,41.968776252509734,529.0525748219518,904.0057541693261,702.7225140348354,0.1036309795596501,0.423036803329782,0.8901713130052182,0.016906711401992795,0.21675607979781267,0.13002581052234513,0.46557070332851985,0.19984936839581988
2,1.5,1.0,0.1,mean,rbf_svr,linear,1000,1000,0.1,1,7.616786571614453,89.01713130052181,0.9144345985954077,0.7476942759979592,8.057739841254334,529.0525748219518,780.1742118885173,929.2230625512516,0.2775145562334257,0.07616786571614455,0.8901713130052182,0.01778785610497299,0.22261312454647367,0.13337112170546137,0.47181895314460787,0.20482526844150067
2,1.5,1.0,0.1,mean,rbf_svr,linear,1000,1000,0.1,2,9.780609023615202,89.01713130052181,0.8901266657246473,0.812163069814778,10.121000171644237,529.0525748219518,928.1281930781913,910.9076811414732,0.07391748287336745,0.09780609023615204,0.8901713130052182,0.013035067086958308,0.2336285899219566,0.11417121829497269,0.4833514145235913,0.22059352283499828
2,1.5,1.0,0.1,combined,rbf_svr,linear,1000,1000,0.1,0,42.30368033297819,89.01713130052181,0.5247692245871082,1.1553804916426722,41.968776252509734,529.0525748219518,904.0057541693261,702.7225140348354,0.1036309795596501,0.423036803329782,0.8901713130052182,0.016906711401992795,0.21675607979781267,0.13002581052234513,0.46557070332851985,0.19984936839581988
2,1.5,1.0,0.1,combined,rbf_svr,linear,1000,1000,0.1,1,7.616786571614453,89.01713130052181,0.9144345985954077,0.7476942759979592,8.057739841254334,529.0525748219518,780.1742118885173,929.2230625512516,0.2775145562334257,0.07616786571614455,0.8901713130052182,0.01778785610497299,0.22261312454647367,0.13337112170546137,0.47181895314460787,0.20482526844150067
2,1.5,1.0,0.1,combined,rbf_svr,linear,1000,1000,0.1,2,9.780609023615202,89.01713130052181,0.8901266657246473,0.812163069814778,10.121000171644237,529.0525748219518,928.1281930781913,910.9076811414732,0.07391748287336745,0.09780609023615204,0.8901713130052182,0.013035067086958308,0.2336285899219566,0.11417121829497269,0.4833514145235913,0.22059352283499828
2,1.5,1.0,0.2,mean,ols,linear,1000,1000,0.1,0,42.30368033297819,89.01713130052181,0.5247692245871082,1.1553804916426722,41.968776252509734,219.2652956169016,696.472293493407,371.45071229856984,0.4145239182386004,1.692147213319128,3.560685252020873,0.010071505478150807,0.010862896753047649,0.1003568905364789,0.104225221290471,0.0007913912748968421
2,1.5,1.0,0.2,mean,ols,linear,1000,1000,0.1,1,7.616786571614453,89.01713130052181,0.9144345985954077,0.7476942759979592,8.057739841254334,219.2652956169016,466.06592340481825,766.4764873482924,1.1100582249337028,0.3046714628645782,3.560685252020873,0.009918032627767298,0.010774476169362182,0.09958931984789984,0.10380017422606853,0.0008564435415948837
2,1.5,1.0,0.2,mean,ols,linear,1000,1000,0.1,2,9.780609023615202,89.01713130052181,0.8901266657246473,0.812163069814778,10.121000171644237,219.2652956169016,754.6029435864159,718.7913237236759,0.29566993149346976,0.39122436094460816,3.560685252020873,0.00981590559144587,0.009973225800988469,0.09907525216443241,0.09986603927756657,0.00015732020954259927
2,1.5,1.0,0.2,combined,ols,linear,1000,1000,0.1,0,42.30368033297819,89.01713130052181,0.5247692245871082,1.1553804916426722,41.968776252509734,219.2652956169016,696.472293493407,371.45071229856984,0.4145239182386004,1.692147213319128,3.560685252020873,0.010071505478150807,0.010862896753047649,0.1003568905364789,0.104225221290471,0.0007913912748968421
2,1.5,1.0,0.2,combined,ols,linear,1000,1000,0.1,1,7.616786571614453,89.01713130052181,0.9144345985954077,0.7476942759979592,8.057739841254334,219.2652956169016,466.06592340481825,766.4764873482924,1.1100582249337028,0.3046714628645782,3.560685252020873,0.009918032627767298,0.010774476169362182,0.09958931984789984,0.10380017422606853,0.0008564435415948837
2,1.5,1.0,0.2,combined,ols,linear,1000,1000,0.1,2,9.780609023615202,89.01713130052181,0.8901266657246473,0.812163069814778,10.121000171644237,219.2652956169016,754.6029435864159,718.7913237236759,0.29566993149346976,0.39122436094460816,3.560685252020873,0.00981590559144587,0.009973225800988469,0.09907525216443241,0.09986603927756657,0.00015732020954259927
2,1.5,1.0,0.2,mean,rbf_svr,linear,1000,1000,0.1,0,42.30368033297819,89.01713130052181,0.5247692245871082,1.1553804916426722,41.968776252509734,219.2652956169016,696.472293493407,371.45071229856984,0.4145239182386004,1.692147213319128,3.560685252020873,0.016906711401992795,0.4265969540259498,0.13002581052234513,0.6531438999377931,0.40969024262395703
2,1.5,1.0,0.2,mean,rbf_svr,linear,1000,1000,0.1,1,7.616786571614453,89.01713130052181,0.9144345985954077,0.7476942759979592,8.057739841254334,219.2652956169016,466.06592340481825,766.4764873482924,1.1100582249337028,0.3046714628645782,3.560685252020873,0.01778785610497299,0.46631740264604254,0.13337112170546137,0.6828743681278735,0.4485295465410696
2,1.5,1.0,0.2,mean,rbf_svr,linear,1000,1000,0.1,2,9.780609023615202,89.01713130052181,0.8901266657246473,0.812163069814778,10.121000171644237,219.2652956169016,754.6029435864159,718.7913237236759,0.29566993149346976,0.39122436094460816,3.560685252020873,0.013035067086958308,0.44071174066249397,0.11417121829497269,0.6638612359992817,0.4276766735755357
2,1.5,1.0,0.2,combined,rbf_svr,linear,1000,1000,0.1,0,42.30368033297819,89.01713130052181,0.5247692245871082,1.1553804916426722,41.968776252509734,219.2652956169016,696.472293493407,371.45071229856984,0.4145239182386004,1.692147213319128,3.560685252020873,0.016906711401992795,0.4265969540259498,0.13002581052234513,0.6531438999377931,0.40969024262395703
2,1.5,1.0,0.2,combined,rbf_svr,linear,1000,1000,0.1,1,7.616786571614453,89.01713130052181,0.9144345985954077,0.7476942759979592,8.057739841254334,219.2652956169016,466.06592340481825,766.4764873482924,1.1100582249337028,0.3046714628645782,3.560685252020873,0.01778785610497299,0.46631740264604254,0.13337112170546137,0.6828743681278735,0.4485295465410696
2,1.5,1.0,0.2,combined,rbf_svr,linear,1000,1000,0.1,2,9.780609023615202,89.01713130052181,0.8901266657246473,0.812163069814778,10.121000171644237,219.2652956169016,754.6029435864159,718.7913237236759,0.29566993149346976,0.39122436094460816,3.560685252020873,0.013035067086958308,0.44071174066249397,0.11417121829497269,0.6638612359992817,0.4276766735755357
2,1.5,1.0,0.3,mean,ols,linear,1000,1000,0.1,0,42.30368033297819,89.01713130052181,0.5247692245871082,1.1553804916426722,41.968776252509734,110.96880204321074,498.3981071229954,208.01562284000323,0.9326788160368491,3.807331229968037,8.011541817046963,0.010071505478150807,0.01085418498068531,0.1003568905364789,0.1041834198934039,0.0007826795025345033
2,1.5,1.0,0.3,mean,ols,linear,1000,1000,0.1,1,7.616786571614453,89.01713130052181,0.9144345985954077,0.7476942759979592,8.057739841254334,110.96880204321074,276.20941115538085,593.2919593724552,2.497631006100832,0.6855107914453007,8.011541817046963,0.009918032627767298,0.010764701551045093,0.09958931984789984,0.1037530797183635,0.0008466689232777946
2,1.5,1.0,0.3,mean,ols,linear,1000,1000,0.1,2,9.780609023615202,89.01713130052181,0.8901266657246473,0.812163069814778,10.121000171644237,110.96880204321074,565.2488658821425,531.8428085125538,0.6652573458603067,0.8802548121253682,8.011541817046963,0.00981590559144587,0.009976535110027475,0.09907525216443241,0.09988260664413737,0.00016062951858160542
2,1.5,1.0,0.3,combined,ols,linear,1000,1000,0.1,0,42.30368033297819,89.01713130052181,0.5247692245871082,1.1553804916426722,41.968776252509734,110.96880204321074,498.3981071229954,208.01562284000323,0.9326788160368491,3.807331229968037,8.011541817046963,0.010071505478150807,0.01085418498068531,0.1003568905364789,0.1041834198934039,0.0007826795025345033
2,1.5,1.0,0.3,combined,ols,linear,1000,1000,0.1,1,7.616786571614453,89.01713130052181,0.9144345985954077,0.7476942759979592,8.057739841254334,110.96880204321074,276.20941115538085,593.2919593724552,2.497631006100832,0.6855107914453007,8.011541817046963,0.009918032627767298,0.010764701551045093,0.09958931984789984,0.1037530797183635,0.0008466689232777946
2,1.5,1.0,0.3,combined,ols,linear,1000,1000,0.1,2,9.780609023615202,89.01713130052181,0.8901266657246473,0.812163069814778,10.121000171644237,110.96880204321074,565.2488658821425,531.8428085125538,0.6652573458603067,0.8802548121253682,8.011541817046963,0.00981590559144587,0.009976535110027475,0.09907525216443241,0.09988260664413737,0.00016062951858160542
2,1.5,1.0,0.3,mean,rbf_svr,linear,1000,1000,0.1,0,42.30368033297819,89.01713130052181,0.5247692245871082,1.1553804916426722,41.968776252509734,110.96880204321074,498.3981071229954,208.01562284000323,0.9326788160368491,3.807331229968037,8.011541817046963,0.016906711401992795,0.6228248560553274,0.13002581052234513,0.7891925342116,0.6059181446533346
2,1.5,1.0,0.3,mean,rbf_svr,linear,1000,1000,0.1,1,7.616786571614453,89.01713130052181,0.9144345985954077,0.7476942759979592,8.057739841254334,110.96880204321074,276.20941115538085,593.2919593724552,2.497631006100832,0.6855107914453007,8.011541817046963,0.01778785610497299,0.5740136096539283,0.13337112170546137,0.7576368586954626,0.5562257535489553
2,1.5,1.0,0.3,mean,rbf_svr,linear,1000,1000,0.1,2,9.780609023615202,89.01713130052181,0.8901266657246473,0.812163069814778,10.121000171644237,110.96880204321074,565.2488658821425,531.8428085125538,0.6652573458603067,0.8802548121253682,8.011541817046963,0.013035067086958308,0.5866373259490121,0.11417121829497269,0.765922532603012,0.5736022588620537
2,1.5,1.0,0.3,combined,rbf_svr,linear,1000,1000,0.1,0,42.30368033297819,89.01713130052181,0.5247692245871082,1.1553804916426722,41.968776252509734,110.96880204321074,498.3981071229954,208.01562284000323,0.9326788160368491,3.807331229968037,8.011541817046963,0.016906711401992795,0.6228248560553274,0.13002581052234513,0.7891925342116,0.6059181446533346
2,1.5,1.0,0.3,combined,rbf_svr,linear,1000,1000,0.1,1,7.616786571614453,89.01713130052181,0.9144345985954077,0.7476942759979592,8.057739841254334,110.96880204321074,276.20941115538085,593.2919593724552,2.497631006100832,0.6855107914453007,8.011541817046963,0.01778785610497299,0.5740136096539283,0.13337112170546137,0.7576368586954626,0.5562257535489553
2,1.5,1.0,0.3,combined,rbf_svr,linear,1000,1000,0.1,2,9.780609023615202,89.01713130052181,0.8901266657246473,0.812163069814778,10.121000171644237,110.96880204321074,565.2488658821425,531.8428085125538,0.6652573458603067,0.8802548121253682,8.011541817046963,0.013035067086958308,0.5866373259490121,0.11417121829497269,0.765922532603012,0.5736022588620537
2,1.5,1.5,0.0,mean,ols,linear,1000,1000,0.1,0,42.30368033297819,89.01713130052181,0.5247692245871082,1.1553804916426722,41.968776252509734,1000.0,1000.0,1000.0,0.0,0.0,0.0,0.010071505478150807,0.010857801666782858,0.1003568905364789,0.10420077574942932,0.0007862961886320515
2,1.5,1.5,0.0,mean,ols,linear,1000,1000,0.1,1,7.616786571614453,89.01713130052181,0.9144345985954077,0.7476942759979592,8.057739841254334,1000.0,1000.0,1000.0,0.0,0.0,0.0,0.009918032627767298,0.01079957119626674,0.09958931984789984,0.10392098535073048,0.0008815385684994414
2,1.5,1.5,0.0,mean,ols,linear,1000,1000,0.1,2,9.780609023615202,89.01713130052181,0.8901266657246473,0.812163069814778,10.121000171644237,1000.0,1000.0,1000.0,0.0,0.0,0.0,0.00981590559144587,0.009957270353718663,0.09907525216443241,0.09978612305184856,0.00014136476227279322
2,1.5,1.5,0.0,combined,ols,linear,1000,1000,0.1,0,85.40405175694906,10803.111903433844,0.9920944953157615,1.1931143174490717,84.98052998244715,1000.0,1000.0,1000.0,0.0,0.0,0.0,0.010071505478150807,0.010857801666782858,0.1003568905364789,0.10420077574942932,0.0007862961886320515
2,1.5,1.5,0.0,combined,ols,linear,1000,1000,0.1,1,5.5329820315630736,10803.111903433844,0.9994878344239122,0.7051855796746176,6.035695329782046,1000.0,1000.0,1000.0,0.0,0.0,0.0,0.009918032627767298,0.01079957119626674,0.09958931984789984,0.10392098535073048,0.0008815385684994414
2,1.5,1.5,0.0,combined,ols,linear,1000,1000,0.1,2,5.733212899593273,10803.111903433844,0.9994692998692561,0.7338476161409713,6.194680575877487,1000.0,1000.0,1000.0,0.0,0.0,0.0,0.00981590559144587,0.009957270353718663,0.09907525216443241,0.09978612305184856,0.00014136476227279322
2,1.5,1.5,0.0,mean,rbf_svr,linear,1000,1000,0.1,0,42.30368033297819,89.01713130052181,0.5247692245871082,1.1553804916426722,41.968776252509734,1000.0,1000.0,1000.0,0.0,0.0,0.0,0.016906711401992795,0.017825017305255535,0.13002581052234513,0.13351036403686245,0.0009183059032627401
2,1.5,1.5,0.0,mean,rbf_svr,linear,1000,1000,0.1,1,7.616786571614453,89.01713130052181,0.9144345985954077,0.7476942759979592,8.057739841254334,1000.0,1000.0,1000.0,0.0,0.0,0.0,0.01778785610497299,0.023189854819599686,0.13337112170546137,0.15228215528944844,0.005401998714626696
2,1.5,1.5,0.0,mean,rbf_svr,linear,1000,1000,0.1,2,9.780609023615202,89.01713130052181,0.8901266657246473,0.812163069814778,10.121000171644237,1000.0,1000.0,1000.0,0.0,0.0,0.0,0.013035067086958308,0.027723983432472957,0.11417121829497269,0.16650520542155117,0.01468891634551465
2,1.5,1.5,0.0,combined,rbf_svr,linear,1000,1000,0.1,0,85.40405175694906,10803.111903433844,0.9920944953157615,1.1931143174490717,84.98052998244715,1000.0,1000.0,1000.0,0.0,0.0,0.0,0.016906711401992795,0.017825017305255535,0.13002581052234513,0.13351036403686245,0.0009183059032627401
2,1.5,1.5,0.0,combined,rbf_svr,linear,1000,1000,0.1,1,5.5329820315630736,10803.111903433844,0.9994878344239122,0.7051855796746176,6.035695329782046,1000.0,1000.0,1000.0,0.0,0.0,0.0,0.01778785610497299,0.023189854819599686,0.13337112170546137,0.15228215528944844,0.005401998714626696
2,1.5,1.5,0.0,combined,rbf_svr,linear,1000,1000,0.1,2,5.733212899593273,10803.111903433844,0.9994692998692561,0.7338476161409713,6.194680575877487,1000.0,1000.0,1000.0,0.0,0.0,0.0,0.013035067086958308,0.027723983432472957,0.11417121829497269,0.16650520542155117,0.01468891634551465
2,1.5,1.5,0.1,mean,ols,linear,1000,1000,0.1,0,42.30368033297819,89.01713130052181,0.5247692245871082,1.1553804916426722,41.968776252509734,529.0525748219518,904.0057541693261,702.7225140348354,0.1036309795596501,0.423036803329782,0.8901713130052182,0.010071505478150807,0.010866813170950822,0.1003568905364789,0.1042440078419418,0.0007953076928000156
2,1.5,1.5,0.1,mean,ols,linear,1000,1000,0.1,1,7.616786571614453,89.01713130052181,0.9144345985954077,0.7476942759979592,8.057739841254334,529.0525748219518,780.1742118885173,929.2230625512516,0.2775145562334257,0.07616786571614455,0.8901713130052182,0.009918032627767298,0.010778999102250844,0.09958931984789984,0.10382195867084595,0.0008609664744835457
2,1.5,1.5,0.1,mean,ols,linear,1000,1000,0.1,2,9.780609023615202,89.01713130052181,0.8901266657246473,0.812163069814778,10.121000171644237,529.0525748219518,928.1281930781913,910.9076811414732,0.07391748287336745,0.09780609023615204,0.8901713130052182,0.00981590559144587,0.009962313574424552,0.09907525216443241,0.0998113900034688,0.00014640798297868227
2,1.5,1.5,0.1,combined,ols,linear,1000,1000,0.1,0,85.40405175694906,10803.111903433844,0.9920944953157615,1.1931143174490717,84.98052998244715,9.171693447308911,931.1289286993417,539.3625384794318,0.07115546920087729,0.8540405175694907,108.03111903433846,0.010071505478150807,0.010866959090558391,0.1003568905364789,0.10424470773405425,0.0007954536124075845
2,1.5,1.5,0.1,combined,ols,linear,1000,1000,0.1,1,5.5329820315630736,10803.111903433844,0.9994878344239122,0.7051855796746176,6.035695329782046,9.171693447308911,824.4218266571983,947.5710633296778,0.2062491857768237,0.055329820315630746,108.03111903433846,0.009918032627767298,0.01077805354897101,0.09958931984789984,0.10381740484606139,0.0008600209212037118
2,1.5,1.5,0.1,combined,ols,linear,1000,1000,0.1,2,5.733212899593273,10803.111903433844,0.9994692998692561,0.7338476161409713,6.194680575877487,9.171693447308911,945.6677708315127,945.776613210102,0.05437713786025433,0.057332128995932735,108.03111903433846,0.00981590559144587,0.009962600105914276,0.09907525216443241,0.09981282535783803,0.0001466945144684064
2,1.5,1.5,0.1,mean,rbf_svr,linear,1000,1000,0.1,0,42.30368033297819,89.01713130052181,0.5247692245871082,1.1553804916426722,41.968776252509734,529.0525748219518,904.0057541693261,702.7225140348354,0.1036309795596501,0.423036803329782,0.8901713130052182,0.016906711401992795,0.21675607979781267,0.13002581052234513,0.46557070332851985,0.19984936839581988
2,1.5,1.5,0.1,mean,rbf_svr,linear,1000,1000,0.1,1,7.616786571614453,89.01713130052181,0.9144345985954077,0.7476942759979592,8.057739841254334,529.0525748219518,780.1742118885173,929.2230625512516,0.2775145562334257,0.07616786571614455,0.8901713130052182,0.01778785610497299,0.22261312454647367,0.13337112170546137,0.47181895314460787,0.20482526844150067
2,1.5,1.5,0.1,mean,rbf_svr,linear,1000,1000,0.1,2,9.780609023615202,89.01713130052181,0.8901266657246473,0.812163069814778,10.121000171644237,529.0525748219518,928.1281930781913,910.9076811414732,0.07391748287336745,0.09780609023615204,0.8901713130052182,0.013035067086958308,0.2336285899219566,0.11417121829497269,0.4833514145235913,0.22059352283499828
2,1.5,1.5,0.1,combined,rbf_svr,linear,1000,1000,0.1,0,85.40405175694906,10803.111903433844,0.9920944953157615,1.1931143174490717,84.98052998244715,9.171693447308911,931.1289286993417,539.3625384794318,0.07115546920087729,0.8540405175694907,108.03111903433846,0.016906711401992795,0.35846146566977577,0.13002581052234513,0.5987165152806257,0.341554754267783
2,1.5,1.5,0.1,combined,rbf_svr,linear,1000,1000,0.1,1,5.5329820315630736,10803.111903433844,0.9994878344239122,0.7051855796746176,6.035695329782046,9.171693447308911,824.4218266571983,947.5710633296778,0.2062491857768237,0.055329820315630746,108.03111903433846,0.01778785610497299,0.4174026144161312,0.13337112170546137,0.6460670355436278,0.3996147583111582
2,1.5,1.5,0.1,combined,rbf_svr,linear,1000,1000,0.1,2,5.733212899593273,10803.111903433844,0.9994692998692561,0.7338476161409713,6.194680575877487,9.171693447308911,945.6677708315127,945.776613210102,0.05437713786025433,0.057332128995932735,108.03111903433846,0.013035067086958308,0.40520209604600954,0.11417121829497269,0.6365548649142583,0.39216702895905126
2,1.5,1.5,0.2,mean,ols,linear,1000,1000,0.1,0,42.30368033297819,89.01713130052181,0.5247692245871082,1.1553804916426722,41.968776252509734,219.2652956169016,696.472293493407,371.45071229856984,0.4145239182386004,1.692147213319128,3.560685252020873,0.010071505478150807,0.010862896753047649,0.1003568905364789,0.104225221290471,0.0007913912748968421
2,1.5,1.5,0.2,mean,ols,linear,1000,1000,0.1,1,7.616786571614453,89.01713130052181,0.9144345985954077,0.7476942759979592,8.057739841254334,219.2652956169016,466.06592340481825,766.4764873482924,1.1100582249337028,0.3046714628645782,3.560685252020873,0.009918032627767298,0.010774476169362182,0.09958931984789984,0.10380017422606853,0.0008564435415948837
2,1.5,1.5,0.2,mean,ols,linear,1000,1000,0.1,2,9.780609023615202,89.01713130052181,0.8901266657246473,0.812163069814778,10.121000171644237,219.2652956169016,754.6029435864159,718.7913237236759,0.29566993149346976,0.39122436094460816,3.560685252020873,0.00981590559144587,0.009973225800988469,0.09907525216443241,0.09986603927756657,0.00015732020954259927
2,1.5,1.5,0.2,combined,ols,linear,1000,1000,0.1,0,85.40405175694906,10803.111903433844,0.9920944953157615,1.1931143174490717,84.98052998244715,2.308805101291197,764.4682848943834,226.44096482108,0.2846218768035091,3.416162070277963,432.12447613735384,0.010071505478150807,0.010863112234419606,0.1003568905364789,0.1042262550148455,0.0007916067562687996
2,1.5,1.5,0.2,combined,ols,linear,1000,1000,0.1,1,5.5329820315630736,10803.111903433844,0.9994878344239122,0.7051855796746176,6.035695329782046,2.308805101291197,531.6264006915878,818.7867131404518,0.8249967431072948,0.22131928126252298,432.12447613735384,0.009918032627767298,0.010773480906325322,0.09958931984789984,0.10379537998545658,0.0008554482785580238
2,1.5,1.5,0.2,combined,ols,linear,1000,1000,0.1,2,5.733212899593273,10803.111903433844,0.9994692998692561,0.7338476161409713,6.194680575877487,2.308805101291197,804.2112318155666,813.4522115105918,0.2175085514410173,0.22932851598373094,432.12447613735384,0.00981590559144587,0.009973949375778479,0.09907525216443241,0.09986966193884146,0.00015804378433260935
2,1.5,1.5,0.2,mean,rbf_svr,linear,1000,1000,0.1,0,42.30368033297819,89.01713130052181,0.5247692245871082,1.1553804916426722,41.968776252509734,219.2652956169016,696.472293493407,371.45071229856984,0.4145239182386004,1.692147213319128,3.560685252020873,0.016906711401992795,0.4265969540259498,0.13002581052234513,0.6531438999377931,0.40969024262395703
2,1.5,1.5,0.2,mean,rbf_svr,linear,1000,1000,0.1,1,7.616786571614453,89.01713130052181,0.9144345985954077,0.7476942759979592,8.057739841254334,219.2652956169016,466.06592340481825,766.4764873482924,1.1100582249337028,0.3046714628645782,3.560685252020873,0.01778785610497299,0.46631740264604254,0.13337112170546137,0.6828743681278735,0.4485295465410696
2,1.5,1.5,0.2,mean,rbf_svr,linear,1000,1000,0.1,2,9.780609023615202,89.01713130052181,0.8901266657246473,0.812163069814778,10.121000171644237,219.2652956169016,754.6029435864159,718.7913237236759,0.29566993149346976,0.39122436094460816,3.560685252020873,0.013035067086958308,0.44071174066249397,0.11417121829497269,0.6638612359992817,0.4276766735755357
2,1.5,1.5,0.2,combined,rbf_svr,linear,1000,1000,0.1,0,85.40405175694906,10803.111903433844,0.9920944953157615,1.1931143174490717,84.98052998244715,2.308805101291197,764.4682848943834,226.44096482108,0.2846218768035091,3.416162070277963,432.12447613735384,0.016906711401992795,0.734817759521603,0.13002581052234513,0.8572151185796965,0.7179110481196102
2,1.5,1.5,0.2,combined,rbf_svr,linear,1000,1000,0.1,1,5.5329820315630736,10803.111903433844,0.9994878344239122,0.7051855796746176,6.035695329782046,2.308805101291197,531.6264006915878,818.7867131404518,0.8249967431072948,0.22131928126252298,432.12447613735384,0.01778785610497299,0.875566469552211,0.13337112170546137,0.9357170884151956,0.8577786134472379
2,1.5,1.5,0.2,combined,rbf_svr,linear,1000,1000,0.1,2,5.733212899593273,10803.111903433844,0.9994692998692561,0.7338476161409713,6.194680575877487,2.308805101291197,804.2112318155666,813.4522115105918,0.2175085514410173,0.22932851598373094,432.12447613735384,0.013035067086958308,0.8030993419029853,0.11417121829497269,0.8961581009526083,0.7900642748160269
2,1.5,1.5,0.3,mean,ols,linear,1000,1000,0.1,0,42.30368033297819,89.01713130052181,0.5247692245871082,1.1553804916426722,41.968776252509734,110.96880204321074,498.3981071229954,208.01562284000323,0.9326788160368491,3.807331229968037,8.011541817046963,0.010071505478150807,0.01085418498068531,0.1003568905364789,0.1041834198934039,0.0007826795025345033
2,1.5,1.5,0.3,mean,ols,linear,1000,1000,0.1,1,7.616786571614453,89.01713130052181,0.9144345985954077,0.7476942759979592,8.057739841254334,110.96880204321074,276.20941115538085,593.2919593724552,2.497631006100832,0.6855107914453007,8.011541817046963,0.009918032627767298,0.010764701551045093,0.09958931984789984,0.1037530797183635,0.0008466689232777946
2,1.5,1.5,0.3,mean,ols,linear,1000,1000,0.1,2,9.780609023615202,89.01713130052181,0.8901266657246473,0.812163069814778,10.121000171644237,110.96880204321074,565.2488658821425,531.8428085125538,0.6652573458603067,0.8802548121253682,8.011541817046963,0.00981590559144587,0.009976535110027475,0.09907525216443241,0.09988260664413737,0.00016062951858160542
2,1.5,1.5,0.3,combined,ols,linear,1000,1000,0.1,0,85.40405175694906,10803.111903433844,0.9920944953157615,1.1931143174490717,84.98052998244715,1.0274534838209686,580.5506073257409,115.12295872411691,0.6403992228078947,7.686364658125415,972.280071309046,0.010071505478150807,0.010853857595027609,0.1003568905364789,0.10418184868309646,0.0007823521168768017
2,1.5,1.5,0.3,combined,ols,linear,1000,1000,0.1,1,5.5329820315630736,10803.111903433844,0.9994878344239122,0.7051855796746176,6.035695329782046,1.0274534838209686,327.7323028219712,667.5708322385598,1.856242671991413,0.4979683828406766,972.280071309046,0.009918032627767298,0.010762746729002778,0.09958931984789984,0.10374365874116248,0.00084471410123548
2,1.5,1.5,0.3,combined,ols,linear,1000,1000,0.1,2,5.733212899593273,10803.111903433844,0.9994692998692561,0.7338476161409713,6.194680575877487,1.0274534838209686,632.4008049378702,659.6353230945998,0.4893942407422891,0.5159891609633945,972.280071309046,0.00981590559144587,0.009977852481832177,0.09907525216443241,0.0998892010270989,0.0001619468903863077
2,1.5,1.5,0.3,mean,rbf_svr,linear,1000,1000,0.1,0,42.30368033297819,89.01713130052181,0.5247692245871082,1.1553804916426722,41.968776252509734,110.96880204321074,498.3981071229954,208.01562284000323,0.9326788160368491,3.807331229968037,8.011541817046963,0.016906711401992795,0.6228248560553274,0.13002581052234513,0.7891925342116,0.6059181446533346
2,1.5,1.5,0.3,mean,rbf_svr,linear,1000,1000,0.1,1,7.616786571614453,89.01713130052181,0.9144345985954077,0.7476942759979592,8.057739841254334,110.96880204321074,276.20941115538085,593.2919593724552,2.497631006100832,0.6855107914453007,8.011541817046963,0.01778785610497299,0.5740136096539283,0.13337112170546137,0.7576368586954626,0.5562257535489553
2,1.5,1.5,0.3,mean,rbf_svr,linear,1000,1000,0.1,2,9.780609023615202,89.01713130052181,0.8901266657246473,0.812163069814778,10.121000171644237,110.96880204321074,565.2488658821425,531.8428085125538,0.6652573458603067,0.8802548121253682,8.011541817046963,0.013035067086958308,0.5866373259490121,0.11417121829497269,0.765922532603012,0.5736022588620537
2,1.5,1.5,0.3,combined,rbf_svr,linear,1000,1000,0.1,0,85.40405175694906,10803.111903433844,0.9920944953157615,1.1931143174490717,84.98052998244715,1.0274534838209686,580.5506073257409,115.12295872411691,0.6403992228078947,7.686364658125415,972.280071309046,0.016906711401992795,1.0928386173758835,0.13002581052234513,1.045389218126858,1.0759319059738908
2,1.5,1.5,0.3,combined,rbf_svr,linear,1000,1000,0.1,1,5.5329820315630736,10803.111903433844,0.9994878344239122,0.7051855796746176,6.035695329782046,1.0274534838209686,327.7323028219712,667.5708322385598,1.856242671991413,0.4979683828406766,972.280071309046,0.01778785610497299,1.0793402573987574,0.13337112170546137,1.0389130172438679,1.0615524012937845
2,1.5,1.5,0.3,combined,rbf_svr,linear,1000,1000,0.1,2,5.733212899593273,10803.111903433844,0.9994692998692561,0.7338476161409713,6.194680575877487,1.0274534838209686,632.4008049378702,659.6353230945998,0.4893942407422891,0.5159891609633945,972.280071309046,0.013035067086958308,1.0835148359224736,0.11417121829497269,1.0409201871048872,1.0704797688355152
2,1.5,2.0,0.0,mean,ols,linear,1000,1000,0.1,0,42.30368033297819,89.01713130052181,0.5247692245871082,1.1553804916426722,41.968776252509734,1000.0,1000.0,1000.0,0.0,0.0,0.0,0.010071505478150807,0.010857801666782858,0.1003568905364789,0.10420077574942932,0.0007862961886320515
2,1.5,2.0,0.0,mean,ols,linear,1000,1000,0.1,1,7.616786571614453,89.01713130052181,0.9144345985954077,0.7476942759979592,8.057739841254334,1000.0,1000.0,1000.0,0.0,0.0,0.0,0.009918032627767298,0.01079957119626674,0.09958931984789984,0.10392098535073048,0.0008815385684994414
2,1.5,2.0,0.0,mean,ols,linear,1000,1000,0.1,2,9.780609023615202,89.01713130052181,0.8901266657246473,0.812163069814778,10.121000171644237,1000.0,1000.0,1000.0,0.0,0.0,0.0,0.00981590559144587,0.009957270353718663,0.09907525216443241,0.09978612305184856,0.00014136476227279322
2,1.5,2.0,0.0,combined,ols,linear,1000,1000,0.1,0,109.2784052538941,inf,inf,1.1834612828454922,108.87782464589979,,1000.0,1000.0,0.0,0.0,,0.010071505478150807,0.010857801666782858,0.1003568905364789,0.10420077574942932,0.0007862961886320515
2,1.5,2.0,0.0,combined,ols,linear,1000,1000,0.1,1,4.59309272018308,inf,inf,0.672502244504258,5.140833451319819,,1000.0,1000.0,0.0,0.0,,0.009918032627767298,0.01079957119626674,0.09958931984789984,0.10392098535073048,0.0008815385684994414
2,1.5,2.0,0.0,combined,ols,linear,1000,1000,0.1,2,3.766004321108392,inf,inf,0.6857991966517223,4.295683782980245,,1000.0,1000.0,0.0,0.0,,0.00981590559144587,0.009957270353718663,0.09907525216443241,0.09978612305184856,0.00014136476227279322
2,1.5,2.0,0.0,mean,rbf_svr,linear,1000,1000,0.1,0,42.30368033297819,89.01713130052181,0.5247692245871082,1.1553804916426722,41.968776252509734,1000.0,1000.0,1000.0,0.0,0.0,0.0,0.016906711401992795,0.017825017305255535,0.13002581052234513,0.13351036403686245,0.0009183059032627401
2,1.5,2.0,0.0,mean,rbf_svr,linear,1000,1000,0.1,1,7.616786571614453,89.01713130052181,0.9144345985954077,0.7476942759979592,8.057739841254334,1000.0,1000.0,1000.0,0.0,0.0,0.0,0.01778785610497299,0.023189854819599686,0.13337112170546137,0.15228215528944844,0.005401998714626696
2,1.5,2.0,0.0,mean,rbf_svr,linear,1000,1000,0.1,2,9.780609023615202,89.01713130052181,0.8901266657246473,0.812163069814778,10.121000171644237,1000.0,1000.0,1000.0,0.0,0.0,0.0,0.013035067086958308,0.027723983432472957,0.11417121829497269,0.16650520542155117,0.01468891634551465
2,1.5,2.0,0.0,combined,rbf_svr,linear,1000,1000,0.1,0,109.2784052538941,inf,inf,1.1834612828454922,108.87782464589979,,1000.0,1000.0,0.0,0.0,,0.016906711401992795,0.017825017305255535,0.13002581052234513,0.13351036403686245,0.0009183059032627401
2,1.5,2.0,0.0,combined,rbf_svr,linear,1000,1000,0.1,1,4.59309272018308,inf,inf,0.672502244504258,5.140833451319819,,1000.0,1000.0,0.0,0.0,,0.01778785610497299,0.023189854819599686,0.13337112170546137,0.15228215528944844,0.005401998714626696
2,1.5,2.0,0.0,combined,rbf_svr,linear,1000,1000,0.1,2,3.766004321108392,inf,inf,0.6857991966517223,4.295683782980245,,1000.0,1000.0,0.0,0.0,,0.013035067086958308,0.027723983432472957,0.11417121829497269,0.16650520542155117,0.01468891634551465
2,1.5,2.0,0.1,mean,ols,linear,1000,1000,0.1,0,42.30368033297819,89.01713130052181,0.5247692245871082,1.1553804916426722,41.968776252509734,529.0525748219518,904.0057541693261,702.7225140348354,0.1036309795596501,0.423036803329782,0.8901713130052182,0.010071505478150807,0.010866813170950822,0.1003568905364789,0.1042440078419418,0.0007953076928000156
2,1.5,2.0,0.1,mean,ols,linear,1000,1000,0.1,1,7.616786571614453,89.01713130052181,0.9144345985954077,0.7476942759979592,8.057739841254334,529.0525748219518,780.1742118885173,929.2230625512516,0.2775145562334257,0.07616786571614455,0.8901713130052182,0.009918032627767298,0.010778999102250844,0.09958931984789984,0.10382195867084595,0.0008609664744835457
2,1.5,2.0,0.1,mean,ols,linear,1000,1000,0.1,2,9.780609023615202,89.01713130052181,0.8901266657246473,0.812163069814778,10.121000171644237,529.0525748219518,928.1281930781913,910.9076811414732,0.07391748287336745,0.09780609023615204,0.8901713130052182,0.00981590559144587,0.009962313574424552,0.09907525216443241,0.0998113900034688,0.00014640798297868227
2,1.5,2.0,0.1,combined,ols,linear,1000,1000,0.1,0,109.2784052538941,inf,inf,1.1834612828454922,108.87782464589979,0.0,946.6628265884954,477.83238733437963,0.0535920364053338,1.0927840525389412,inf,0.010071505478150807,0.010867095711342763,0.1003568905364789,0.10424536302082103,0.0007955902331919559
2,1.5,2.0,0.1,combined,ols,linear,1000,1000,0.1,1,4.59309272018308,inf,inf,0.672502244504258,5.140833451319819,0.0,863.1443951750583,956.0860798669473,0.15139548251244325,0.045930927201830805,inf,0.009918032627767298,0.010777304525486107,0.09958931984789984,0.10381379737533016,0.000859271897718809
2,1.5,2.0,0.1,combined,ols,linear,1000,1000,0.1,2,3.766004321108392,inf,inf,0.6857991966517223,4.295683782980245,0.0,954.0077986752715,963.7067617111446,0.045254992851722416,0.037660043211083925,inf,0.00981590559144587,0.009962876747956671,0.09907525216443241,0.09981421115230371,0.0001469711565108018
2,1.5,2.0,0.1,mean,rbf_svr,linear,1000,1000,0.1,0,42.30368033297819,89.01713130052181,0.5247692245871082,1.1553804916426722,41.968776252509734,529.0525748219518,904.0057541693261,702.7225140348354,0.1036309795596501,0.423036803329782,0.8901713130052182,0.016906711401992795,0.21675607979781267,0.13002581052234513,0.46557070332851985,0.19984936839581988
2,1.5,2.0,0.1,mean,rbf_svr,linear,1000,1000,0.1,1,7.616786571614453,89.01713130052181,0.9144345985954077,0.7476942759979592,8.057739841254334,529.0525748219518,780.1742118885173,929.2230625512516,0.2775145562334257,0.07616786571614455,0.8901713130052182,0.01778785610497299,0.22261312454647367,0.13337112170546137,0.47181895314460787,0.20482526844150067
2,1.5,2.0,0.1,mean,rbf_svr,linear,1000,1000,0.1,2,9.780609023615202,89.01713130052181,0.8901266657246473,0.812163069814778,10.121000171644237,529.0525748219518,928.1281930781913,910.9076811414732,0.07391748287336745,0.09780609023615204,0.8901713130052182,0.013035067086958308,0.2336285899219566,0.11417121829497269,0.4833514145235913,0.22059352283499828
2,1.5,2.0,0.1,combined,rbf_svr,linear,1000,1000,0.1,0,109.2784052538941,inf,inf,1.1834612828454922,108.87782464589979,0.0,946.6628265884954,477.83238733437963,0.0535920364053338,1.0927840525389412,inf,0.016906711401992795,0.50102702814636,0.13002581052234513,0.7078326272123658,0.48412031674436723
2,1.5,2.0,0.1,combined,rbf_svr,linear,1000,1000,0.1,1,4.59309272018308,inf,inf,0.672502244504258,5.140833451319819,0.0,863.1443951750583,956.0860798669473,0.15139548251244325,0.045930927201830805,inf,0.01778785610497299,0.6107885744395962,0.13337112170546137,0.7815296375951434,0.5930007183346232
2,1.5,2.0,0.1,combined,rbf_svr,linear,1000,1000,0.1,2,3.766004321108392,inf,inf,0.6857991966517223,4.295683782980245,0.0,954.0077986752715,963.7067617111446,0.045254992851722416,0.037660043211083925,inf,0.013035067086958308,0.5666644803198732,0.11417121829497269,0.7527712005117313,0.5536294132329148
2,1.5,2.0,0.2,mean,ols,linear,1000,1000,0.1,0,42.30368033297819,89.01713130052181,0.5247692245871082,1.1553804916426722,41.968776252509734,219.2652956169016,696.472293493407,371.45071229856984,0.4145239182386004,1.692147213319128,3.560685252020873,0.010071505478150807,0.010862896753047649,0.1003568905364789,0.104225221290471,0.0007913912748968421
2,1.5,2.0,0.2,mean,ols,linear,1000,1000,0.1,1,7.616786571614453,89.01713130052181,0.9144345985954077,0.7476942759979592,8.057739841254334,219.2652956169016,466.06592340481825,766.4764873482924,1.1100582249337028,0.3046714628645782,3.560685252020873,0.009918032627767298,0.010774476169362182,0.09958931984789984,0.10380017422606853,0.0008564435415948837
2,1.5,2.0,0.2,mean,ols,linear,1000,1000,0.1,2,9.780609023615202,89.01713130052181,0.8901266657246473,0.812163069814778,10.121000171644237,219.2652956169016,754.6029435864159,718.7913237236759,0.29566993149346976,0.39122436094460816,3.560685252020873,0.00981590559144587,0.009973225800988469,0.09907525216443241,0.09986603927756657,0.00015732020954259927
2,1.5,2.0,0.2,combined,ols,linear,1000,1000,0.1,0,109.2784052538941,inf,inf,1.1834612828454922,108.87782464589979,0.0,808.0877201027392,186.1803463686503,0.21436814562133516,4.371136210155765,inf,0.010071505478150807,0.010863321023628395,0.1003568905364789,0.10422725662526283,0.000791815545477588
2,1.5,2.0,0.2,combined,ols,linear,1000,1000,0.1,1,4.59309272018308,inf,inf,0.672502244504258,5.140833451319819,0.0,600.3720224449885,844.7917301644347,0.6055819300497731,0.18372370880732322,inf,0.009918032627767298,0.01077273864109533,0.09958931984789984,0.10379180430600159,0.0008547060133280316
2,1.5,2.0,0.2,combined,ols,linear,1000,1000,0.1,2,3.766004321108392,inf,inf,0.6857991966517223,4.295683782980245,0.0,829.1380315541571,869.0814240633027,0.18101997140688966,0.1506401728443357,inf,0.00981590559144587,0.009974622497637822,0.09907525216443241,0.0998730318836763,0.0001587169061919528
2,1.5,2.0,0.2,mean,rbf_svr,linear,1000,1000,0.1,0,42.30368033297819,89.01713130052181,0.5247692245871082,1.1553804916426722,41.968776252509734,219.2652956169016,696.472293493407,371.45071229856984,0.4145239182386004,1.692147213319128,3.560685252020873,0.016906711401992795,0.4265969540259498,0.13002581052234513,0.6531438999377931,0.40969024262395703
2,1.5,2.0,0.2,mean,rbf_svr,linear,1000,1000,0.1,1,7.616786571614453,89.01713130052181,0.9144345985954077,0.7476942759979592,8.057739841254334,219.2652956169016,466.06592340481825,766.4764873482924,1.1100582249337028,0.3046714628645782,3.560685252020873,0.01778785610497299,0.46631740264604254,0.13337112170546137,0.6828743681278735,0.4485295465410696
2,1.5,2.0,0.2,mean,rbf_svr,linear,1000,1000,0.1,2,9.780609023615202,89.01713130052181,0.8901266657246473,0.812163069814778,10.121000171644237,219.2652956169016,754.6029435864159,718.7913237236759,0.29566993149346976,0.39122436094460816,3.560685252020873,0.013035067086958308,0.44071174066249397,0.11417121829497269,0.6638612359992817,0.4276766735755357
2,1.5,2.0,0.2,combined,rbf_svr,linear,1000,1000,0.1,0,109.2784052538941,inf,inf,1.1834612828454922,108.87782464589979,0.0,808.0877201027392,186.1803463686503,0.21436814562133516,4.371136210155765,inf,0.016906711401992795,1.0452850105671259,0.13002581052234513,1.0223918087343646,1.0283782991651331
2,1.5,2.0,0.2,combined,rbf_svr,linear,1000,1000,0.1,1,4.59309272018308,inf,inf,0.672502244504258,5.140833451319819,0.0,600.3720224449885,844.7917301644347,0.6055819300497731,0.18372370880732322,inf,0.01778785610497299,1.2747191302517453,0.13337112170546137,1.129034600998457,1.2569312741467724
2,1.5,2.0,0.2,combined,rbf_svr,linear,1000,1000,0.1,2,3.766004321108392,inf,inf,0.6857991966517223,4.295683782980245,0.0,829.1380315541571,869.0814240633027,0.18101997140688966,0.1506401728443357,inf,0.013035067086958308,1.1593744049918744,0.11417121829497269,1.0767424970678339,1.146339337904916
2,1.5,2.0,0.3,mean,ols,linear,1000,1000,0.1,0,42.30368033297819,89.01713130052181,0.5247692245871082,1.1553804916426722,41.968776252509734,110.96880204321074,498.3981071229954,208.01562284000323,0.9326788160368491,3.807331229968037,8.011541817046963,0.010071505478150807,0.01085418498068531,0.1003568905364789,0.1041834198934039,0.0007826795025345033
2,1.5,2.0,0.3,mean,ols,linear,1000,1000,0.1,1,7.616786571614453,89.01713130052181,0.9144345985954077,0.7476942759979592,8.057739841254334,110.96880204321074,276.20941115538085,593.2919593724552,2.497631006100832,0.6855107914453007,8.011541817046963,0.009918032627767298,0.010764701551045093,0.09958931984789984,0.1037530797183635,0.0008466689232777946
2,1.5,2.0,0.3,mean,ols,linear,1000,1000,0.1,2,9.780609023615202,89.01713130052181,0.8901266657246473,0.812163069814778,10.121000171644237,110.96880204321074,565.2488658821425,531.8428085125538,0.6652573458603067,0.8802548121253682,8.011541817046963,0.00981590559144587,0.009976535110027475,0.09907525216443241,0.09988260664413737,0.00016062951858160542
2,1.5,2.0,0.3,combined,ols,linear,1000,1000,0.1,0,109.2784052538941,inf,inf,1.1834612828454922,108.87782464589979,0.0,639.434409217272,92.2930122704678,0.4823283276480044,9.83505647285047,inf,0.010071505478150807,0.010853621574173557,0.1003568905364789,0.10418071594193215,0.0007821160960227499
2,1.5,2.0,0.3,combined,ols,linear,1000,1000,0.1,1,4.59309272018308,inf,inf,0.672502244504258,5.140833451319819,0.0,388.5388528809369,707.5246367453344,1.3625593426119897,0.4133783448164772,inf,0.009918032627767298,0.010761229887456215,0.09958931984789984,0.10373634795700211,0.0008431972596889166
2,1.5,2.0,0.3,combined,ols,linear,1000,1000,0.1,2,3.766004321108392,inf,inf,0.6857991966517223,4.295683782980245,0.0,668.1759583622338,746.8592390597224,0.4072949356655019,0.33894038889975525,inf,0.00981590559144587,0.00997905555923516,0.09907525216443241,0.0998952229049776,0.000163149967789291
2,1.5,2.0,0.3,mean,rbf_svr,linear,1000,1000,0.1,0,42.30368033297819,89.01713130052181,0.5247692245871082,1.1553804916426722,41.968776252509734,110.96880204321074,498.3981071229954,208.01562284000323,0.9326788160368491,3.807331229968037,8.011541817046963,0.016906711401992795,0.6228248560553274,0.13002581052234513,0.7891925342116,0.6059181446533346
2,1.5,2.0,0.3,mean,rbf_svr,linear,1000,1000,0.1,1,7.616786571614453,89.01713130052181,0.9144345985954077,0.7476942759979592,8.057739841254334,110.96880204321074,276.20941115538085,593.2919593724552,2.497631006100832,0.6855107914453007,8.011541817046963,0.01778785610497299,0.5740136096539283,0.13337112170546137,0.7576368586954626,0.5562257535489553
2,1.5,2.0,0.3,mean,rbf_svr,linear,1000,1000,0.1,2,9.780609023615202,89.01713130052181,0.8901266657246473,0.812163069814778,10.121000171644237,110.96880204321074,565.2488658821425,531.8428085125538,0.6652573458603067,0.8802548121253682,8.011541817046963,0.013035067086958308,0.5866373259490121,0.11417121829497269,0.765922532603012,0.5736022588620537
2,1.5,2.0,0.3,combined,rbf_svr,linear,1000,1000,0.1,0,109.2784052538941,inf,inf,1.1834612828454922,108.87782464589979,0.0,639.434409217272,92.2930122704678,0.4823283276480044,9.83505647285047,inf,0.016906711401992795,1.560752352466589,0.13002581052234513,1.2493007454038394,1.5438456410645962
2,1.5,2.0,0.3,combined,rbf_svr,linear,1000,1000,0.1,1,4.59309272018308,inf,inf,0.672502244504258,5.140833451319819,0.0,388.5388528809369,707.5246367453344,1.3625593426119897,0.4133783448164772,inf,0.01778785610497299,1.5772480706604068,0.13337112170546137,1.2558853732170014,1.559460214555434
2,1.5,2.0,0.3,combined,rbf_svr,linear,1000,1000,0.1,2,3.766004321108392,inf,inf,0.6857991966517223,4.295683782980245,0.0,668.1759583622338,746.8592390597224,0.4072949356655019,0.33894038889975525,inf,0.013035067086958308,1.5765895105117809,0.11417121829497269,1.2556231562502265,1.5635544434248225
2,2.0,1.0,0.0,mean,ols,linear,1000,1000,0.1,0,139.7345622881643,2979.9579870417283,0.9531085461956857,1.0830455687856166,139.56157458409814,1000.0,1000.0,1000.0,0.0,0.0,0.0,0.010071505478150807,0.010857801666782858,0.1003568905364789,0.10420077574942932,0.0007862961886320515
2,2.0,1.0,0.0,mean,ols,linear,1000,1000,0.1,1,9.332974750757145,2979.9579870417283,0.9968680851235684,0.5123405542891487,10.07048190718783,1000.0,1000.0,1000.0,0.0,0.0,0.0,0.009918032627767298,0.01079957119626674,0.09958931984789984,0.10392098535073048,0.0008815385684994414
2,2.0,1.0,0.0,mean,ols,linear,1000,1000,0.1,2,14.3070200794415,2979.9579870417283,0.9951989188634017,0.5779774058282781,14.972962197793514,1000.0,1000.0,1000.0,0.0,0.0,0.0,0.00981590559144587,0.009957270353718663,0.09907525216443241,0.09978612305184856,0.00014136476227279322
2,2.0,1.0,0.0,combined,ols,linear,1000,1000,0.1,0,139.7345622881643,2979.9579870417283,0.9531085461956857,1.0830455687856166,139.56157458409814,1000.0,1000.0,1000.0,0.0,0.0,0.0,0.010071505478150807,0.010857801666782858,0.1003568905364789,0.10420077574942932,0.0007862961886320515
2,2.0,1.0,0.0,combined,ols,linear,1000,1000,0.1,1,9.332974750757145,2979.9579870417283,0.9968680851235684,0.5123405542891487,10.07048190718783,1000.0,1000.0,1000.0,0.0,0.0,0.0,0.009918032627767298,0.01079957119626674,0.09958931984789984,0.10392098535073048,0.0008815385684994414
2,2.0,1.0,0.0,combined,ols,linear,1000,1000,0.1,2,14.3070200794415,2979.9579870417283,0.9951989188634017,0.5779774058282781,14.972962197793514,1000.0,1000.0,1000.0,0.0,0.0,0.0,0.00981590559144587,0.009957270353718663,0.09907525216443241,0.09978612305184856,0.00014136476227279322
2,2.0,1.0,0.0,mean,rbf_svr,linear,1000,1000,0.1,0,139.7345622881643,2979.9579870417283,0.9531085461956857,1.0830455687856166,139.56157458409814,1000.0,1000.0,1000.0,0.0,0.0,0.0,0.016906711401992795,0.017825017305255535,0.13002581052234513,0.13351036403686245,0.0009183059032627401
2,2.0,1.0,0.0,mean,rbf_svr,linear,1000,1000,0.1,1,9.332974750757145,2979.9579870417283,0.9968680851235684,0.5123405542891487,10.07048190718783,1000.0,1000.0,1000.0,0.0,0.0,0.0,0.01778785610497299,0.023189854819599686,0.13337112170546137,0.15228215528944844,0.005401998714626696
2,2.0,1.0,0.0,mean,rbf_svr,linear,1000,1000,0.1,2,14.3070200794415,2979.9579870417283,0.9951989188634017,0.5779774058282781,14.972962197793514,1000.0,1000.0,1000.0,0.0,0.0,0.0,0.013035067086958308,0.027723983432472957,0.11417121829497269,0.16650520542155117,0.01468891634551465
2,2.0,1.0,0.0,combined,rbf_svr,linear,1000,1000,0.1,0,139.7345622881643,2979.9579870417283,0.9531085461956857,1.0830455687856166,139.56157458409814,1000.0,1000.0,1000.0,0.0,0.0,0.0,0.016906711401992795,0.017825017305255535,0.13002581052234513,0.13351036403686245,0.0009183059032627401
2,2.0,1.0,0.0,combined,rbf_svr,linear,1000,1000,0.1,1,9.332974750757145,2979.9579870417283,0.9968680851235684,0.5123405542891487,10.07048190718783,1000.0,1000.0,1000.0,0.0,0.0,0.0,0.01778785610497299,0.023189854819599686,0.13337112170546137,0.15228215528944844,0.005401998714626696
2,2.0,1.0,0.0,combined,rbf_svr,linear,1000,1000,0.1,2,14.3070200794415,2979.9579870417283,0.9951989188634017,0.5779774058282781,14.972962197793514,1000.0,1000.0,1000.0,0.0,0.0,0.0,0.013035067086958308,0.027723983432472957,0.11417121829497269,0.16650520542155117,0.01468891634551465
2,2.0,1.0,0.1,mean,ols,linear,1000,1000,0.1,0,139.7345622881643,2979.9579870417283,0.9531085461956857,1.0830455687856166,139.56157458409814,32.467975349251134,864.014185710346,417.1280062646894,0.14596412377018902,1.3973456228816434,29.79957987041729,0.010071505478150807,0.010868624898031082,0.1003568905364789,0.10425269731777247,0.0007971194198802753
2,2.0,1.0,0.1,mean,ols,linear,1000,1000,0.1,1,9.332974750757145,2979.9579870417283,0.9968680851235684,0.5123405542891487,10.07048190718783,32.467975349251134,563.930145035614,914.6371460940012,0.7449319999099766,0.09332974750757148,29.79957987041729,0.009918032627767298,0.010774312884225055,0.09958931984789984,0.10379938768713935,0.000856280256457757
2,2.0,1.0,0.1,mean,ols,linear,1000,1000,0.1,2,14.3070200794415,2979.9579870417283,0.9951989188634017,0.5779774058282781,14.972962197793514,32.467975349251134,914.830343802974,874.8369079213301,0.08437649568687544,0.14307020079441504,29.79957987041729,0.00981590559144587,0.009962484671641268,0.09907525216443241,0.09981224710245365,0.00014657908019539805
2,2.0,1.0,0.1,combined,ols,linear,1000,1000,0.1,0,139.7345622881643,2979.9579870417283,0.9531085461956857,1.0830455687856166,139.56157458409814,32.467975349251134,864.014185710346,417.1280062646894,0.14596412377018902,1.3973456228816434,29.79957987041729,0.010071505478150807,0.010868624898031082,0.1003568905364789,0.10425269731777247,0.0007971194198802753
2,2.0,1.0,0.1,combined,ols,linear,1000,1000,0.1,1,9.332974750757145,2979.9579870417283,0.9968680851235684,0.5123405542891487,10.07048190718783,32.467975349251134,563.930145035614,914.6371460940012,0.7449319999099766,0.09332974750757148,29.79957987041729,0.009918032627767298,0.010774312884225055,0.09958931984789984,0.10379938768713935,0.000856280256457757
2,2.0,1.0,0.1,combined,ols,linear,1000,1000,0.1,2,14.3070200794415,2979.9579870417283,0.9951989188634017,0.5779774058282781,14.972962197793514,32.467975349251134,914.830343802974,874.8369079213301,0.08437649568687544,0.14307020079441504,29.79957987041729,0.00981590559144587,0.009962484671641268,0.09907525216443241,0.09981224710245365,0.00014657908019539805
2,2.0,1.0,0.1,mean,rbf_svr,linear,1000,1000,0.1,0,139.7345622881643,2979.9579870417283,0.9531085461956857,1.0830455687856166,139.56157458409814,32.467975349251134,864.014185710346,417.1280062646894,0.14596412377018902,1.3973456228816434,29.79957987041729,0.016906711401992795,0.5961783444783871,0.13002581052234513,0.7721258605165269,0.5792716330763943
2,2.0,1.0,0.1,mean,rbf_svr,linear,1000,1000,0.1,1,9.332974750757145,2979.9579870417283,0.9968680851235684,0.5123405542891487,10.07048190718783,32.467975349251134,563.930145035614,914.6371460940012,0.7449319999099766,0.09332974750757148,29.79957987041729,0.01778785610497299,0.666246458263973,0.13337112170546137,0.8162392163232376,0.648458602159
2,2.0,1.0,0.1,mean,rbf_svr,linear,1000,1000,0.1,2,14.3070200794415,2979.9579870417283,0.9951989188634017,0.5779774058282781,14.972962197793514,32.467975349251134,914.830343802974,874.8369079213301,0.08437649568687544,0.14307020079441504,29.79957987041729,0.013035067086958308,0.6531988304268604,0.11417121829497269,0.8082071704871595,0.6401637633399021
2,2.0,1.0,0.1,combined,rbf_svr,linear,1000,1000,0.1,0,139.7345622881643,2979.9579870417283,0.9531085461956857,1.0830455687856166,139.56157458409814,32.467975349251134,864.014185710346,417.1280062646894,0.14596412377018902,1.3973456228816434,29.79957987041729,0.016906711401992795,0.5961783444783871,0.13002581052234513,0.7721258605165269,0.5792716330763943
2,2.0,1.0,0.1,combined,rbf_svr,linear,1000,1000,0.1,1,9.332974750757145,2979.9579870417283,0.9968680851235684,0.5123405542891487,10.07048190718783,32.467975349251134,563.930145035614,914.6371460940012,0.7449319999099766,0.09332974750757148,29.79957987041729,0.01778785610497299,0.666246458263973,0.13337112170546137,0.8162392163232376,0.648458602159
2,2.0,1.0,0.1,combined,rbf_svr,linear,1000,1000,0.1,2,14.3070200794415,2979.9579870417283,0.9951989188634017,0.5779774058282781,14.972962197793514,32.467975349251134,914.830343802974,874.8369079213301,0.08437649568687544,0.14307020079441504,29.79957987041729,0.013035067086958308,0.6531988304268604,0.11417121829497269,0.8082071704871595,0.6401637633399021
2,2.0,1.0,0.2,mean,ols,linear,1000,1000,0.1,0,139.7345622881643,2979.9579870417283,0.9531085461956857,1.0830455687856166,139.56157458409814,8.319583870326115,594.6824419133911,151.75928871725404,0.5838564950807561,5.589382491526574,119.19831948166916,0.010071505478150807,0.010863469415815074,0.1003568905364789,0.10422796849125994,0.0007919639376642671
2,2.0,1.0,0.2,mean,ols,linear,1000,1000,0.1,1,9.332974750757145,2979.9579870417283,0.9968680851235684,0.5123405542891487,10.07048190718783,8.319583870326115,237.17136228316735,728.1629448508149,2.9797279996399064,0.3733189900302859,119.19831948166916,0.009918032627767298,0.01077063736295139,0.09958931984789984,0.10378168124939675,0.0008526047351840923
2,2.0,1.0,0.2,mean,ols,linear,1000,1000,0.1,2,14.3070200794415,2979.9579870417283,0.9951989188634017,0.5779774058282781,14.972962197793514,8.319583870326115,707.4908330008459,636.0187047879417,0.33750598274750176,0.5722808031776602,119.19831948166916,0.00981590559144587,0.009975035841412601,0.09907525216443241,0.09987510120852244,0.00015913024996673172
2,2.0,1.0,0.2,combined,ols,linear,1000,1000,0.1,0,139.7345622881643,2979.9579870417283,0.9531085461956857,1.0830455687856166,139.56157458409814,8.319583870326115,594.6824419133911,151.75928871725404,0.5838564950807561,5.589382491526574,119.19831948166916,0.010071505478150807,0.010863469415815074,0.1003568905364789,0.10422796849125994,0.0007919639376642671
2,2.0,1.0,0.2,combined,ols,linear,1000,1000,0.1,1,9.332974750757145,2979.9579870417283,0.9968680851235684,0.5123405542891487,10.07048190718783,8.319583870326115,237.17136228316735,728.1629448508149,2.9797279996399064,0.3733189900302859,119.19831948166916,0.009918032627767298,0.01077063736295139,0.09958931984789984,0.10378168124939675,0.0008526047351840923
2,2.0,1.0,0.2,combined,ols,linear,1000,1000,0.1,2,14.3070200794415,2979.9579870417283,0.9951989188634017,0.5779774058282781,14.972962197793514,8.319583870326115,707.4908330008459,636.0187047879417,0.33750598274750176,0.5722808031776602,119.19831948166916,0.00981590559144587,0.009975035841412601,0.09907525216443241,0.09987510120852244,0.00015913024996673172
2,2.0,1.0,0.2,mean,rbf_svr,linear,1000,1000,0.1,0,139.7345622881643,2979.9579870417283,0.9531085461956857,1.0830455687856166,139.56157458409814,8.319583870326115,594.6824419133911,151.75928871725404,0.5838564950807561,5.589382491526574,119.19831948166916,0.016906711401992795,1.2503922780135257,0.13002581052234513,1.1182094070492905,1.233485566611533
2,2.0,1.0,0.2,mean,rbf_svr,linear,1000,1000,0.1,1,9.332974750757145,2979.9579870417283,0.9968680851235684,0.5123405542891487,10.07048190718783,8.319583870326115,237.17136228316735,728.1629448508149,2.9797279996399064,0.3733189900302859,119.19831948166916,0.01778785610497299,1.3961986986897745,0.13337112170546137,1.1816085217574281,1.3784108425848016
2,2.0,1.0,0.2,mean,rbf_svr,linear,1000,1000,0.1,2,14.3070200794415,2979.9579870417283,0.9951989188634017,0.5779774058282781,14.972962197793514,8.319583870326115,707.4908330008459,636.0187047879417,0.33750598274750176,0.5722808031776602,119.19831948166916,0.013035067086958308,1.401198661993899,0.11417121829497269,1.183722375387869,1.3881635949069406
2,2.0,1.0,0.2,combined,rbf_svr,linear,1000,1000,0.1,0,139.7345622881643,2979.9579870417283,0.9531085461956857,1.0830455687856166,139.56157458409814,8.319583870326115,594.6824419133911,151.75928871725404,0.5838564950807561,5.589382491526574,119.19831948166916,0.016906711401992795,1.2503922780135257,0.13002581052234513,1.1182094070492905,1.233485566611533
2,2.0,1.0,0.2,combined,rbf_svr,linear,1000,1000,0.1,1,9.332974750757145,2979.9579870417283,0.9968680851235684,0.5123405542891487,10.07048190718783,8.319583870326115,237.17136228316735,728.1629448508149,2.9797279996399064,0.3733189900302859,119.19831948166916,0.01778785610497299,1.3961986986897745,0.13337112170546137,1.1816085217574281,1.3784108425848016
2,2.0,1.0,0.2,combined,rbf_svr,linear,1000,1000,0.1,2,14.3070200794415,2979.9579870417283,0.9951989188634017,0.5779774058282781,14.972962197793514,8.319583870326115,707.4908330008459,636.0187047879417,0.33750598274750176,0.5722808031776602,119.19831948166916,0.013035067086958308,1.401198661993899,0.11417121829497269,1.183722375387869,1.3881635949069406
2,2.0,1.0,0.3,mean,ols,linear,1000,1000,0.1,0,139.7345622881643,2979.9579870417283,0.9531085461956857,1.0830455687856166,139.56157458409814,3.7147624299194137,375.1365659725276,73.65879882879346,1.3136771139317005,12.576110605934788,268.19621883375555,0.010071505478150807,0.010853992894205572,0.1003568905364789,0.10418249802248732,0.0007824874160547654
2,2.0,1.0,0.3,mean,ols,linear,1000,1000,0.1,1,9.332974750757145,2979.9579870417283,0.9968680851235684,0.5123405542891487,10.07048190718783,3.7147624299194137,117.21789994787822,543.4877933004208,6.704387999189803,0.8399677275681431,268.19621883375555,0.009918032627767298,0.01076093281468092,0.09958931984789984,0.10373491608268125,0.0008429001869136223
2,2.0,1.0,0.3,mean,ols,linear,1000,1000,0.1,2,14.3070200794415,2979.9579870417283,0.9951989188634017,0.5779774058282781,14.972962197793514,3.7147624299194137,490.49051754691357,437.13328205815856,0.7593884611818787,1.287631807149735,268.19621883375555,0.00981590559144587,0.00997982517374083,0.09907525216443241,0.09989907493936483,0.00016391958229496073
2,2.0,1.0,0.3,combined,ols,linear,1000,1000,0.1,0,139.7345622881643,2979.9579870417283,0.9531085461956857,1.0830455687856166,139.56157458409814,3.7147624299194137,375.1365659725276,73.65879882879346,1.3136771139317005,12.576110605934788,268.19621883375555,0.010071505478150807,0.010853992894205572,0.1003568905364789,0.10418249802248732,0.0007824874160547654
2,2.0,1.0,0.3,combined,ols,linear,1000,1000,0.1,1,9.332974750757145,2979.9579870417283,0.9968680851235684,0.5123405542891487,10.07048190718783,3.7147624299194137,117.21789994787822,543.4877933004208,6.704387999189803,0.8399677275681431,268.19621883375555,0.009918032627767298,0.01076093281468092,0.09958931984789984,0.10373491608268125,0.0008429001869136223
2,2.0,1.0,0.3,combined,ols,linear,1000,1000,0.1,2,14.3070200794415,2979.9579870417283,0.9951989188634017,0.5779774058282781,14.972962197793514,3.7147624299194137,490.49051754691357,437.13328205815856,0.7593884611818787,1.287631807149735,268.19621883375555,0.00981590559144587,0.00997982517374083,0.09907525216443241,0.09989907493936483,0.00016391958229496073
2,2.0,1.0,0.3,mean,rbf_svr,linear,1000,1000,0.1,0,139.7345622881643,2979.9579870417283,0.9531085461956857,1.0830455687856166,139.56157458409814,3.7147624299194137,375.1365659725276,73.65879882879346,1.3136771139317005,12.576110605934788,268.19621883375555,0.016906711401992795,1.8659097300137344,0.13002581052234513,1.3659830635896386,1.8490030186117417
2,2.0,1.0,0.3,mean,rbf_svr,linear,1000,1000,0.1,1,9.332974750757145,2979.9579870417283,0.9968680851235684,0.5123405542891487,10.07048190718783,3.7147624299194137,117.21789994787822,543.4877933004208,6.704387999189803,0.8399677275681431,268.19621883375555,0.01778785610497299,1.7556050748811918,0.13337112170546137,1.3249924810659084,1.7378172187762189
2,2.0,1.0,0.3,mean,rbf_svr,linear,1000,1000,0.1,2,14.3070200794415,2979.9579870417283,0.9951989188634017,0.5779774058282781,14.972962197793514,3.7147624299194137,490.49051754691357,437.13328205815856,0.7593884611818787,1.287631807149735,268.19621883375555,0.013035067086958308,1.9138876640150055,0.11417121829497269,1.383433288603034,1.9008525969280472
2,2.0,1.0,0.3,combined,rbf_svr,linear,1000,1000,0.1,0,139.7345622881643,2979.9579870417283,0.9531085461956857,1.0830455687856166,139.56157458409814,3.7147624299194137,375.1365659725276,73.65879882879346,1.3136771139317005,12.576110605934788,268.19621883375555,0.016906711401992795,1.8659097300137344,0.13002581052234513,1.3659830635896386,1.8490030186117417
2,2.0,1.0,0.3,combined,rbf_svr,linear,1000,1000,0.1,1,9.332974750757145,2979.9579870417283,0.9968680851235684,0.5123405542891487,10.07048190718783,3.7147624299194137,117.21789994787822,543.4877933004208,6.704387999189803,0.8399677275681431,268.19621883375555,0.01778785610497299,1.7556050748811918,0.13337112170546137,1.3249924810659084,1.7378172187762189
2,2.0,1.0,0.3,combined,rbf_svr,linear,1000,1000,0.1,2,14.3070200794415,2979.9579870417283,0.9951989188634017,0.5779774058282781,14.972962197793514,3.7147624299194137,490.49051754691357,437.13328205815856,0.7593884611818787,1.287631807149735,268.19621883375555,0.013035067086958308,1.9138876640150055,0.11417121829497269,1.383433288603034,1.9008525969280472
2,2.0,1.5,0.0,mean,ols,linear,1000,1000,0.1,0,139.7345622881643,2979.9579870417283,0.9531085461956857,1.0830455687856166,139.56157458409814,1000.0,1000.0,1000.0,0.0,0.0,0.0,0.010071505478150807,0.010857801666782858,0.1003568905364789,0.10420077574942932,0.0007862961886320515
2,2.0,1.5,0.0,mean,ols,linear,1000,1000,0.1,1,9.332974750757145,2979.9579870417283,0.9968680851235684,0.5123405542891487,10.07048190718783,1000.0,1000.0,1000.0,0.0,0.0,0.0,0.009918032627767298,0.01079957119626674,0.09958931984789984,0.10392098535073048,0.0008815385684994414
2,2.0,1.5,0.0,mean,ols,linear,1000,1000,0.1,2,14.3070200794415,2979.9579870417283,0.9951989188634017,0.5779774058282781,14.972962197793514,1000.0,1000.0,1000.0,0.0,0.0,0.0,0.00981590559144587,0.009957270353718663,0.09907525216443241,0.09978612305184856,0.00014136476227279322
2,2.0,1.5,0.0,combined,ols,linear,1000,1000,0.1,0,205.3716898974948,11848146.360677162,0.9999826663442833,1.149289055609577,205.0508245641508,1000.0,1000.0,1000.0,0.0,0.0,0.0,0.010071505478150807,0.010857801666782858,0.1003568905364789,0.10420077574942932,0.0007862961886320515
2,2.0,1.5,0.0,combined,ols,linear,1000,1000,0.1,1,6.049507976904048,11848146.360677162,0.999999489413129,0.5018921836433267,6.797612212901778,1000.0,1000.0,1000.0,0.0,0.0,0.0,0.009918032627767298,0.01079957119626674,0.09958931984789984,0.10392098535073048,0.0008815385684994414
2,2.0,1.5,0.0,combined,ols,linear,1000,1000,0.1,2,7.224756507539734,11848146.360677162,0.9999993902205216,0.5271598621953889,7.94685898722987,1000.0,1000.0,1000.0,0.0,0.0,0.0,0.00981590559144587,0.009957270353718663,0.09907525216443241,0.09978612305184856,0.00014136476227279322
2,2.0,1.5,0.0,mean,rbf_svr,linear,1000,1000,0.1,0,139.7345622881643,2979.9579870417283,0.9531085461956857,1.0830455687856166,139.56157458409814,1000.0,1000.0,1000.0,0.0,0.0,0.0,0.016906711401992795,0.017825017305255535,0.13002581052234513,0.13351036403686245,0.0009183059032627401
2,2.0,1.5,0.0,mean,rbf_svr,linear,1000,1000,0.1,1,9.332974750757145,2979.9579870417283,0.9968680851235684,0.5123405542891487,10.07048190718783,1000.0,1000.0,1000.0,0.0,0.0,0.0,0.01778785610497299,0.023189854819599686,0.13337112170546137,0.15228215528944844,0.005401998714626696
2,2.0,1.5,0.0,mean,rbf_svr,linear,1000,1000,0.1,2,14.3070200794415,2979.9579870417283,0.9951989188634017,0.5779774058282781,14.972962197793514,1000.0,1000.0,1000.0,0.0,0.0,0.0,0.013035067086958308,0.027723983432472957,0.11417121829497269,0.16650520542155117,0.01468891634551465
2,2.0,1.5,0.0,combined,rbf_svr,linear,1000,1000,0.1,0,205.3716898974948,11848146.360677162,0.9999826663442833,1.149289055609577,205.0508245641508,1000.0,1000.0,1000.0,0.0,0.0,0.0,0.016906711401992795,0.017825017305255535,0.13002581052234513,0.13351036403686245,0.0009183059032627401
2,2.0,1.5,0.0,combined,rbf_svr,linear,1000,1000,0.1,1,6.049507976904048,11848146.360677162,0.999999489413129,0.5018921836433267,6.797612212901778,1000.0,1000.0,1000.0,0.0,0.0,0.0,0.01778785610497299,0.023189854819599686,0.13337112170546137,0.15228215528944844,0.005401998714626696
2,2.0,1.5,0.0,combined,rbf_svr,linear,1000,1000,0.1,2,7.224756507539734,11848146.360677162,0.9999993902205216,0.5271598621953889,7.94685898722987,1000.0,1000.0,1000.0,0.0,0.0,0.0,0.013035067086958308,0.027723983432472957,0.11417121829497269,0.16650520542155117,0.01468891634551465
2,2.0,1.5,0.1,mean,ols,linear,1000,1000,0.1,0,139.7345622881643,2979.9579870417283,0.9531085461956857,1.0830455687856166,139.56157458409814,32.467975349251134,864.014185710346,417.1280062646894,0.14596412377018902,1.3973456228816434,29.79957987041729,0.010071505478150807,0.010868624898031082,0.1003568905364789,0.10425269731777247,0.0007971194198802753
2,2.0,1.5,0.1,mean,ols,linear,1000,1000,0.1,1,9.332974750757145,2979.9579870417283,0.9968680851235684,0.5123405542891487,10.07048190718783,32.467975349251134,563.930145035614,914.6371460940012,0.7449319999099766,0.09332974750757148,29.79957987041729,0.009918032627767298,0.010774312884225055,0.09958931984789984,0.10379938768713935,0.000856280256457757
2,2.0,1.5,0.1,mean,ols,linear,1000,1000,0.1,2,14.3070200794415,2979.9579870417283,0.9951989188634017,0.5779774058282781,14.972962197793514,32.467975349251134,914.830343802974,874.8369079213301,0.08437649568687544,0.14307020079441504,29.79957987041729,0.00981590559144587,0.009962484671641268,0.09907525216443241,0.09981224710245365,0.00014657908019539805
2,2.0,1.5,0.1,combined,ols,linear,1000,1000,0.1,0,205.3716898974948,11848146.360677162,0.9999826663442833,1.149289055609577,205.0508245641508,0.008440067580961802,915.4885559194321,327.46977964318614,0.08502351916515617,2.0537168989749484,118481.46360677165,0.010071505478150807,0.010868765163000033,0.1003568905364789,0.10425337003186051,0.0007972596848492258
2,2.0,1.5,0.1,combined,ols,linear,1000,1000,0.1,1,6.049507976904048,11848146.360677162,0.999999489413129,0.5018921836433267,6.797612212901778,0.008440067580961802,701.4287679328822,942.9558128810787,0.4009606898840083,0.06049507976904049,118481.46360677165,0.009918032627767298,0.010773375801233751,0.09958931984789984,0.10379487367511823,0.0008553431734664527
2,2.0,1.5,0.1,combined,ols,linear,1000,1000,0.1,2,7.224756507539734,11848146.360677162,0.9999993902205216,0.5271598621953889,7.94685898722987,0.008440067580961802,941.4935155010273,932.620443796189,0.056286285750800046,0.07224756507539735,118481.46360677165,0.00981590559144587,0.009962771595001087,0.09907525216443241,0.0998136844075054,0.0001468660035552176
2,2.0,1.5,0.1,mean,rbf_svr,linear,1000,1000,0.1,0,139.7345622881643,2979.9579870417283,0.9531085461956857,1.0830455687856166,139.56157458409814,32.467975349251134,864.014185710346,417.1280062646894,0.14596412377018902,1.3973456228816434,29.79957987041729,0.016906711401992795,0.5961783444783871,0.13002581052234513,0.7721258605165269,0.5792716330763943
2,2.0,1.5,0.1,mean,rbf_svr,linear,1000,1000,0.1,1,9.332974750757145,2979.9579870417283,0.9968680851235684,0.5123405542891487,10.07048190718783,32.467975349251134,563.930145035614,914.6371460940012,0.7449319999099766,0.09332974750757148,29.79957987041729,0.01778785610497299,0.666246458263973,0.13337112170546137,0.8162392163232376,0.648458602159
2,2.0,1.5,0.1,mean,rbf_svr,linear,1000,1000,0.1,2,14.3070200794415,2979.9579870417283,0.9951989188634017,0.5779774058282781,14.972962197793514,32.467975349251134,914.830343802974,874.8369079213301,0.08437649568687544,0.14307020079441504,29.79957987041729,0.013035067086958308,0.6531988304268604,0.11417121829497269,0.8082071704871595,0.6401637633399021
2,2.0,1.5,0.1,combined,rbf_svr,linear,1000,1000,0.1,0,205.3716898974948,11848146.360677162,0.9999826663442833,1.149289055609577,205.0508245641508,0.008440067580961802,915.4885559194321,327.46977964318614,0.08502351916515617,2.0537168989749484,118481.46360677165,0.016906711401992795,0.8264911810492451,0.13002581052234513,0.909115603787134,0.8095844696472523
2,2.0,1.5,0.1,combined,rbf_svr,linear,1000,1000,0.1,1,6.049507976904048,11848146.360677162,0.999999489413129,0.5018921836433267,6.797612212901778,0.008440067580961802,701.4287679328822,942.9558128810787,0.4009606898840083,0.06049507976904049,118481.46360677165,0.01778785610497299,0.9624663862293255,0.13337112170546137,0.981053712204039,0.9446785301243524
2,2.0,1.5,0.1,combined,rbf_svr,linear,1000,1000,0.1,2,7.224756507539734,11848146.360677162,0.9999993902205216,0.5271598621953889,7.94685898722987,0.008440067580961802,941.4935155010273,932.620443796189,0.056286285750800046,0.07224756507539735,118481.46360677165,0.013035067086958308,0.8810928329859355,0.11417121829497269,0.9386654531759095,0.8680577658989772
2,2.0,1.5,0.2,mean,ols,linear,1000,1000,0.1,0,139.7345622881643,2979.9579870417283,0.9531085461956857,1.0830455687856166,139.56157458409814,8.319583870326115,594.6824419133911,151.75928871725404,0.5838564950807561,5.589382491526574,119.19831948166916,0.010071505478150807,0.010863469415815074,0.1003568905364789,0.10422796849125994,0.0007919639376642671
2,2.0,1.5,0.2,mean,ols,linear,1000,1000,0.1,1,9.332974750757145,2979.9579870417283,0.9968680851235684,0.5123405542891487,10.07048190718783,8.319583870326115,237.17136228316735,728.1629448508149,2.9797279996399064,0.3733189900302859,119.19831948166916,0.009918032627767298,0.01077063736295139,0.09958931984789984,0.10378168124939675,0.0008526047351840923
2,2.0,1.5,0.2,mean,ols,linear,1000,1000,0.1,2,14.3070200794415,2979.9579870417283,0.9951989188634017,0.5779774058282781,14.972962197793514,8.319583870326115,707.4908330008459,636.0187047879417,0.33750598274750176,0.5722808031776602,119.19831948166916,0.00981590559144587,0.009975035841412601,0.09907525216443241,0.09987510120852244,0.00015913024996673172
2,2.0,1.5,0.2,combined,ols,linear,1000,1000,0.1,0,205.3716898974948,11848146.360677162,0.9999826663442833,1.149289055609577,205.0508245641508,0.002110030251838893,712.8779027705182,108.52027873357135,0.34009407666062474,8.214867595899793,473925.8544270866,0.010071505478150807,0.01086367615350288,0.1003568905364789,0.10422896024379635,0.0007921706753520729
2,2.0,1.5,0.2,combined,ols,linear,1000,1000,0.1,1,6.049507976904048,11848146.360677162,0.999999489413129,0.5018921836433267,6.797612212901778,0.002110030251838893,355.5181465070477,805.1657378466695,1.6038427595360332,0.24198031907616196,473925.8544270866,0.009918032627767298,0.010769664717234026,0.09958931984789984,0.10377699512528789,0.0008516320894667272
2,2.0,1.5,0.2,combined,ols,linear,1000,1000,0.1,2,7.224756507539734,11848146.360677162,0.9999993902205216,0.5271598621953889,7.94685898722987,0.002110030251838893,783.604865839864,775.8010520312439,0.22514514300320013,0.2889902603015894,473925.8544270866,0.00981590559144587,0.009975761673764124,0.09907525216443241,0.09987873484262866,0.00015985608231825453
2,2.0,1.5,0.2,mean,rbf_svr,linear,1000,1000,0.1,0,139.7345622881643,2979.9579870417283,0.9531085461956857,1.0830455687856166,139.56157458409814,8.319583870326115,594.6824419133911,151.75928871725404,0.5838564950807561,5.589382491526574,119.19831948166916,0.016906711401992795,1.2503922780135257,0.13002581052234513,1.1182094070492905,1.233485566611533
2,2.0,1.5,0.2,mean,rbf_svr,linear,1000,1000,0.1,1,9.332974750757145,2979.9579870417283,0.9968680851235684,0.5123405542891487,10.07048190718783,8.319583870326115,237.17136228316735,728.1629448508149,2.9797279996399064,0.3733189900302859,119.19831948166916,0.01778785610497299,1.3961986986897745,0.13337112170546137,1.1816085217574281,1.3784108425848016
2,2.0,1.5,0.2,mean,rbf_svr,linear,1000,1000,0.1,2,14.3070200794415,2979.9579870417283,0.9951989188634017,0.5779774058282781,14.972962197793514,8.319583870326115,707.4908330008459,636.0187047879417,0.33750598274750176,0.5722808031776602,119.19831948166916,0.013035067086958308,1.401198661993899,0.11417121829497269,1.183722375387869,1.3881635949069406
2,2.0,1.5,0.2,combined,rbf_svr,linear,1000,1000,0.1,0,205.3716898974948,11848146.360677162,0.9999826663442833,1.149289055609577,205.0508245641508,0.002110030251838893,712.8779027705182,108.52027873357135,0.34009407666062474,8.214867595899793,473925.8544270866,0.016906711401992795,1.739053639308821,0.13002581052234513,1.3187318299445194,1.7221469279068282
2,2.0,1.5,0.2,combined,rbf_svr,linear,1000,1000,0.1,1,6.049507976904048,11848146.360677162,0.999999489413129,0.5018921836433267,6.797612212901778,0.002110030251838893,355.5181465070477,805.1657378466695,1.6038427595360332,0.24198031907616196,473925.8544270866,0.01778785610497299,2.018677828139258,0.13337112170546137,1.4208018257798158,2.000889972034285
2,2.0,1.5,0.2,combined,rbf_svr,linear,1000,1000,0.1,2,7.224756507539734,11848146.360677162,0.9999993902205216,0.5271598621953889,7.94685898722987,0.002110030251838893,783.604865839864,775.8010520312439,0.22514514300320013,0.2889902603015894,473925.8544270866,0.013035067086958308,1.9261520289884613,0.11417121829497269,1.3878587928850907,1.913116961901503
2,2.0,1.5,0.3,mean,ols,linear,1000,1000,0.1,0,139.7345622881643,2979.9579870417283,0.9531085461956857,1.0830455687856166,139.56157458409814,3.7147624299194137,375.1365659725276,73.65879882879346,1.3136771139317005,12.576110605934788,268.19621883375555,0.010071505478150807,0.010853992894205572,0.1003568905364789,0.10418249802248732,0.0007824874160547654
2,2.0,1.5,0.3,mean,ols,linear,1000,1000,0.1,1,9.332974750757145,2979.9579870417283,0.9968680851235684,0.5123405542891487,10.07048190718783,3.7147624299194137,117.21789994787822,543.4877933004208,6.704387999189803,0.8399677275681431,268.19621883375555,0.009918032627767298,0.01076093281468092,0.09958931984789984,0.10373491608268125,0.0008429001869136223
2,2.0,1.5,0.3,mean,ols,linear,1000,1000,0.1,2,14.3070200794415,2979.9579870417283,0.9951989188634017,0.5779774058282781,14.972962197793514,3.7147624299194137,490.49051754691357,437.13328205815856,0.7593884611818787,1.287631807149735,268.19621883375555,0.00981590559144587,0.00997982517374083,0.09907525216443241,0.09989907493936483,0.00016391958229496073
2,2.0,1.5,0.3,combined,ols,linear,1000,1000,0.1,0,205.3716898974948,11848146.360677162,0.9999826663442833,1.149289055609577,205.0508245641508,0.0009377923223562694,501.91321249935646,51.325606742631756,0.7652116724864082,18.48345209077453,1066333.1724609446,0.010071505478150807,0.010853652611041572,0.1003568905364789,0.10418086489870187,0.0007821471328907648
2,2.0,1.5,0.3,combined,ols,linear,1000,1000,0.1,1,6.049507976904048,11848146.360677162,0.999999489413129,0.5018921836433267,6.797612212901778,0.0009377923223562694,186.86419895967555,647.4772882099005,3.608646208956077,0.5444557179213643,1066333.1724609446,0.009918032627767298,0.010759001123818387,0.09958931984789984,0.10372560495759177,0.0008409684960510883
2,2.0,1.5,0.3,combined,ols,linear,1000,1000,0.1,2,7.224756507539734,11848146.360677162,0.9999993902205216,0.5271598621953889,7.94685898722987,0.0009377923223562694,590.1983768056475,605.9768396129306,0.5065765717572003,0.650228085678576,1066333.1724609446,0.00981590559144587,0.009981145659552451,0.09907525216443241,0.09990568382005326,0.00016524006810658166
2,2.0,1.5,0.3,mean,rbf_svr,linear,1000,1000,0.1,0,139.7345622881643,2979.9579870417283,0.9531085461956857,1.0830455687856166,139.56157458409814,3.7147624299194137,375.1365659725276,73.65879882879346,1.3136771139317005,12.576110605934788,268.19621883375555,0.016906711401992795,1.8659097300137344,0.13002581052234513,1.3659830635896386,1.8490030186117417
2,2.0,1.5,0.3,mean,rbf_svr,linear,1000,1000,0.1,1,9.332974750757145,2979.9579870417283,0.9968680851235684,0.5123405542891487,10.07048190718783,3.7147624299194137,117.21789994787822,543.4877933004208,6.704387999189803,0.8399677275681431,268.19621883375555,0.01778785610497299,1.7556050748811918,0.13337112170546137,1.3249924810659084,1.7378172187762189
2,2.0,1.5,0.3,mean,rbf_svr,linear,1000,1000,0.1,2,14.3070200794415,2979.9579870417283,0.9951989188634017,0.5779774058282781,14.972962197793514,3.7147624299194137,490.49051754691357,437.13328205815856,0.7593884611818787,1.287631807149735,268.19621883375555,0.013035067086958308,1.9138876640150055,0.11417121829497269,1.383433288603034,1.9008525969280472
2,2.0,1.5,0.3,combined,rbf_svr,linear,1000,1000,0.1,0,205.3716898974948,11848146.360677162,0.9999826663442833,1.149289055609577,205.0508245641508,0.0009377923223562694,501.91321249935646,51.325606742631756,0.7652116724864082,18.48345209077453,1066333.1724609446,0.016906711401992795,2.5933365024614523,0.13002581052234513,1.6103839611910733,2.5764297910594594
2,2.0,1.5,0.3,combined,rbf_svr,linear,1000,1000,0.1,1,6.049507976904048,11848146.360677162,0.999999489413129,0.5018921836433267,6.797612212901778,0.0009377923223562694,186.86419895967555,647.4772882099005,3.608646208956077,0.5444557179213643,1066333.1724609446,0.01778785610497299,2.54675245899534,0.13337112170546137,1.5958547737796631,2.528964602890367
2,2.0,1.5,0.3,combined,rbf_svr,linear,1000,1000,0.1,2,7.224756507539734,11848146.360677162,0.9999993902205216,0.5271598621953889,7.94685898722987,0.0009377923223562694,590.1983768056475,605.9768396129306,0.5065765717572003,0.650228085678576,1066333.1724609446,0.013035067086958308,2.64580379062635,0.11417121829497269,1.6265926935242117,2.632768723539392
2,2.0,2.0,0.0,mean,ols,linear,1000,1000,0.1,0,139.7345622881643,2979.9579870417283,0.9531085461956857,1.0830455687856166,139.56157458409814,1000.0,1000.0,1000.0,0.0,0.0,0.0,0.010071505478150807,0.010857801666782858,0.1003568905364789,0.10420077574942932,0.0007862961886320515
2,2.0,2.0,0.0,mean,ols,linear,1000,1000,0.1,1,9.332974750757145,2979.9579870417283,0.9968680851235684,0.5123405542891487,10.07048190718783,1000.0,1000.0,1000.0,0.0,0.0,0.0,0.009918032627767298,0.01079957119626674,0.09958931984789984,0.10392098535073048,0.0008815385684994414
2,2.0,2.0,0.0,mean,ols,linear,1000,1000,0.1,2,14.3070200794415,2979.9579870417283,0.9951989188634017,0.5779774058282781,14.972962197793514,1000.0,1000.0,1000.0,0.0,0.0,0.0,0.00981590559144587,0.009957270353718663,0.09907525216443241,0.09978612305184856,0.00014136476227279322
2,2.0,2.0,0.0,combined,ols,linear,1000,1000,0.1,0,213.62029189131937,inf,inf,1.1357929210442106,213.33026633182521,,1000.0,1000.0,0.0,0.0,,0.010071505478150807,0.010857801666782858,0.1003568905364789,0.10420077574942932,0.0007862961886320515
2,2.0,2.0,0.0,combined,ols,linear,1000,1000,0.1,1,4.689724488049887,inf,inf,0.4926085669906562,5.447061287777306,,1000.0,1000.0,0.0,0.0,,0.009918032627767298,0.01079957119626674,0.09958931984789984,0.10392098535073048,0.0008815385684994414
2,2.0,2.0,0.0,combined,ols,linear,1000,1000,0.1,2,4.258458590599057,inf,inf,0.49981949164177775,5.00863906637401,,1000.0,1000.0,0.0,0.0,,0.00981590559144587,0.009957270353718663,0.09907525216443241,0.09978612305184856,0.00014136476227279322
2,2.0,2.0,0.0,mean,rbf_svr,linear,1000,1000,0.1,0,139.7345622881643,2979.9579870417283,0.9531085461956857,1.0830455687856166,139.56157458409814,1000.0,1000.0,1000.0,0.0,0.0,0.0,0.016906711401992795,0.017825017305255535,0.13002581052234513,0.13351036403686245,0.0009183059032627401
2,2.0,2.0,0.0,mean,rbf_svr,linear,1000,1000,0.1,1,9.332974750757145,2979.9579870417283,0.9968680851235684,0.5123405542891487,10.07048190718783,1000.0,1000.0,1000.0,0.0,0.0,0.0,0.01778785610497299,0.023189854819599686,0.13337112170546137,0.15228215528944844,0.005401998714626696
2,2.0,2.0,0.0,mean,rbf_svr,linear,1000,1000,0.1,2,14.3070200794415,2979.9579870417283,0.9951989188634017,0.5779774058282781,14.972962197793514,1000.0,1000.0,1000.0,0.0,0.0,0.0,0.013035067086958308,0.027723983432472957,0.11417121829497269,0.16650520542155117,0.01468891634551465
2,2.0,2.0,0.0,combined,rbf_svr,linear,1000,1000,0.1,0,213.62029189131937,inf,inf,1.1357929210442106,213.33026633182521,,1000.0,1000.0,0.0,0.0,,0.016906711401992795,0.017825017305255535,0.13002581052234513,0.13351036403686245,0.0009183059032627401
2,2.0,2.0,0.0,combined,rbf_svr,linear,1000,1000,0.1,1,4.689724488049887,inf,inf,0.4926085669906562,5.447061287777306,,1000.0,1000.0,0.0,0.0,,0.01778785610497299,0.023189854819599686,0.13337112170546137,0.15228215528944844,0.005401998714626696
2,2.0,2.0,0.0,combined,rbf_svr,linear,1000,1000,0.1,2,4.258458590599057,inf,inf,0.49981949164177775,5.00863906637401,,1000.0,1000.0,0.0,0.0,,0.013035067086958308,0.027723983432472957,0.11417121829497269,0.16650520542155117,0.01468891634551465
2,2.0,2.0,0.1,mean,ols,linear,1000,1000,0.1,0,139.7345622881643,2979.9579870417283,0.9531085461956857,1.0830455687856166,139.56157458409814,32.467975349251134,864.014185710346,417.1280062646894,0.14596412377018902,1.3973456228816434,29.79957987041729,0.010071505478150807,0.010868624898031082,0.1003568905364789,0.10425269731777247,0.0007971194198802753
2,2.0,2.0,0.1,mean,ols,linear,1000,1000,0.1,1,9.332974750757145,2979.9579870417283,0.9968680851235684,0.5123405542891487,10.07048190718783,32.467975349251134,563.930145035614,914.6371460940012,0.7449319999099766,0.09332974750757148,29.79957987041729,0.009918032627767298,0.010774312884225055,0.09958931984789984,0.10379938768713935,0.000856280256457757
2,2.0,2.0,0.1,mean,ols,linear,1000,1000,0.1,2,14.3070200794415,2979.9579870417283,0.9951989188634017,0.5779774058282781,14.972962197793514,32.467975349251134,914.830343802974,874.8369079213301,0.08437649568687544,0.14307020079441504,29.79957987041729,0.00981590559144587,0.009962484671641268,0.09907525216443241,0.09981224710245365,0.00014657908019539805
2,2.0,2.0,0.1,combined,ols,linear,1000,1000,0.1,0,213.62029189131937,inf,inf,1.1357929210442106,213.33026633182521,0.0,939.5695757930854,318.8569189733857,0.05889021551226362,2.136202918913194,inf,0.010071505478150807,0.010868897016703538,0.1003568905364789,0.10425400240136365,0.0007973915385527316
2,2.0,2.0,0.1,combined,ols,linear,1000,1000,0.1,1,4.689724488049887,inf,inf,0.4926085669906562,5.447061287777306,0.0,788.3315974418596,955.2035836278734,0.24928123206651753,0.04689724488049888,inf,0.009918032627767298,0.010772633918532391,0.09958931984789984,0.10379129982099844,0.0008546012907650925
2,2.0,2.0,0.1,combined,ols,linear,1000,1000,0.1,2,4.258458590599057,inf,inf,0.49981949164177775,5.00863906637401,0.0,952.8859642734695,959.1547904297998,0.04468442752560767,0.042584585905990575,inf,0.00981590559144587,0.009963048567405252,0.09907525216443241,0.09981507184491353,0.00014714297595938217
2,2.0,2.0,0.1,mean,rbf_svr,linear,1000,1000,0.1,0,139.7345622881643,2979.9579870417283,0.9531085461956857,1.0830455687856166,139.56157458409814,32.467975349251134,864.014185710346,417.1280062646894,0.14596412377018902,1.3973456228816434,29.79957987041729,0.016906711401992795,0.5961783444783871,0.13002581052234513,0.7721258605165269,0.5792716330763943
2,2.0,2.0,0.1,mean,rbf_svr,linear,1000,1000,0.1,1,9.332974750757145,2979.9579870417283,0.9968680851235684,0.5123405542891487,10.07048190718783,32.467975349251134,563.930145035614,914.6371460940012,0.7449319999099766,0.09332974750757148,29.79957987041729,0.01778785610497299,0.666246458263973,0.13337112170546137,0.8162392163232376,0.648458602159
2,2.0,2.0,0.1,mean,rbf_svr,linear,1000,1000,0.1,2,14.3070200794415,2979.9579870417283,0.9951989188634017,0.5779774058282781,14.972962197793514,32.467975349251134,914.830343802974,874.8369079213301,0.08437649568687544,0.14307020079441504,29.79957987041729,0.013035067086958308,0.6531988304268604,0.11417121829497269,0.8082071704871595,0.6401637633399021
2,2.0,2.0,0.1,combined,rbf_svr,linear,1000,1000,0.1,0,213.62029189131937,inf,inf,1.1357929210442106,213.33026633182521,0.0,939.5695757930854,318.8569189733857,0.05889021551226362,2.136202918913194,inf,0.016906711401992795,1.0306598621899055,0.13002581052234513,1.015214195226754,1.0137531507879127
2,2.0,2.0,0.1,combined,rbf_svr,linear,1000,1000,0.1,1,4.689724488049887,inf,inf,0.4926085669906562,5.447061287777306,0.0,788.3315974418596,955.2035836278734,0.24928123206651753,0.04689724488049888,inf,0.01778785610497299,1.2144126881528696,0.13337112170546137,1.1020039419860845,1.1966248320478967
2,2.0,2.0,0.1,combined,rbf_svr,linear,1000,1000,0.1,2,4.258458590599057,inf,inf,0.49981949164177775,5.00863906637401,0.0,952.8859642734695,959.1547904297998,0.04468442752560767,0.042584585905990575,inf,0.013035067086958308,1.0703784068795252,0.11417121829497269,1.0345909369792128,1.057343339792567
2,2.0,2.0,0.2,mean,ols,linear,1000,1000,0.1,0,139.7345622881643,2979.9579870417283,0.9531085461956857,1.0830455687856166,139.56157458409814,8.319583870326115,594.6824419133911,151.75928871725404,0.5838564950807561,5.589382491526574,119.19831948166916,0.010071505478150807,0.010863469415815074,0.1003568905364789,0.10422796849125994,0.0007919639376642671
2,2.0,2.0,0.2,mean,ols,linear,1000,1000,0.1,1,9.332974750757145,2979.9579870417283,0.9968680851235684,0.5123405542891487,10.07048190718783,8.319583870326115,237.17136228316735,728.1629448508149,2.9797279996399064,0.3733189900302859,119.19831948166916,0.009918032627767298,0.01077063736295139,0.09958931984789984,0.10378168124939675,0.0008526047351840923
2,2.0,2.0,0.2,mean,ols,linear,1000,1000,0.1,2,14.3070200794415,2979.9579870417283,0.9951989188634017,0.5779774058282781,14.972962197793514,8.319583870326115,707.4908330008459,636.0187047879417,0.33750598274750176,0.5722808031776602,119.19831948166916,0.00981590559144587,0.009975035841412601,0.09907525216443241,0.09987510120852244,0.00015913024996673172
2,2.0,2.0,0.2,combined,ols,linear,1000,1000,0.1,0,213.62029189131937,inf,inf,1.1357929210442106,213.33026633182521,0.0,779.7693919546282,104.76896076963293,0.2355608620490545,8.544811675652776,inf,0.010071505478150807,0.010863877571444951,0.1003568905364789,0.1042299264676175,0.0007923720932941445
2,2.0,2.0,0.2,combined,ols,linear,1000,1000,0.1,1,4.689724488049887,inf,inf,0.4926085669906562,5.447061287777306,0.0,462.66535139937906,842.0421688339512,0.9971249282660701,0.18758897952199552,inf,0.009918032627767298,0.010768941519286385,0.09958931984789984,0.10377351068209259,0.0008509088915190869
2,2.0,2.0,0.2,combined,ols,linear,1000,1000,0.1,2,4.258458590599057,inf,inf,0.49981949164177775,5.00863906637401,0.0,819.4932202732023,854.4537615536818,0.17873771010243059,0.1703383436239623,inf,0.00981590559144587,0.009976436698835862,0.09907525216443241,0.09988211400864452,0.00016053110738999295
2,2.0,2.0,0.2,mean,rbf_svr,linear,1000,1000,0.1,0,139.7345622881643,2979.9579870417283,0.9531085461956857,1.0830455687856166,139.56157458409814,8.319583870326115,594.6824419133911,151.75928871725404,0.5838564950807561,5.589382491526574,119.19831948166916,0.016906711401992795,1.2503922780135257,0.13002581052234513,1.1182094070492905,1.233485566611533
2,2.0,2.0,0.2,mean,rbf_svr,linear,1000,1000,0.1,1,9.332974750757145,2979.9579870417283,0.9968680851235684,0.5123405542891487,10.07048190718783,8.319583870326115,237.17136228316735,728.1629448508149,2.9797279996399064,0.3733189900302859,119.19831948166916,0.01778785610497299,1.3961986986897745,0.13337112170546137,1.1816085217574281,1.3784108425848016
2,2.0,2.0,0.2,mean,rbf_svr,linear,1000,1000,0.1,2,14.3070200794415,2979.9579870417283,0.9951989188634017,0.5779774058282781,14.972962197793514,8.319583870326115,707.4908330008459,636.0187047879417,0.33750598274750176,0.5722808031776602,119.19831948166916,0.013035067086958308,1.401198661993899,0.11417121829497269,1.183722375387869,1.3881635949069406
2,2.0,2.0,0.2,combined,rbf_svr,linear,1000,1000,0.1,0,213.62029189131937,inf,inf,1.1357929210442106,213.33026633182521,0.0,779.7693919546282,104.76896076963293,0.2355608620490545,8.544811675652776,inf,0.016906711401992795,2.166192968485583,0.13002581052234513,1.4717992283207595,2.14928625708359
2,2.0,2.0,0.2,combined,rbf_svr,linear,1000,1000,0.1,1,4.689724488049887,inf,inf,0.4926085669906562,5.447061287777306,0.0,462.66535139937906,842.0421688339512,0.9971249282660701,0.18758897952199552,inf,0.01778785610497299,2.554981394999883,0.13337112170546137,1.598430916555321,2.5371935388949103
2,2.0,2.0,0.2,combined,rbf_svr,linear,1000,1000,0.1,2,4.258458590599057,inf,inf,0.49981949164177775,5.00863906637401,0.0,819.4932202732023,854.4537615536818,0.17873771010243059,0.1703383436239623,inf,0.013035067086958308,2.368890232671566,0.11417121829497269,1.5391199539579643,2.355855165584608
2,2.0,2.0,0.3,mean,ols,linear,1000,1000,0.1,0,139.7345622881643,2979.9579870417283,0.9531085461956857,1.0830455687856166,139.56157458409814,3.7147624299194137,375.1365659725276,73.65879882879346,1.3136771139317005,12.576110605934788,268.19621883375555,0.010071505478150807,0.010853992894205572,0.1003568905364789,0.10418249802248732,0.0007824874160547654
2,2.0,2.0,0.3,mean,ols,linear,1000,1000,0.1,1,9.332974750757145,2979.9579870417283,0.9968680851235684,0.5123405542891487,10.07048190718783,3.7147624299194137,117.21789994787822,543.4877933004208,6.704387999189803,0.8399677275681431,268.19621883375555,0.009918032627767298,0.01076093281468092,0.09958931984789984,0.10373491608268125,0.0008429001869136223
2,2.0,2.0,0.3,mean,ols,linear,1000,1000,0.1,2,14.3070200794415,2979.9579870417283,0.9951989188634017,0.5779774058282781,14.972962197793514,3.7147624299194137,490.49051754691357,437.13328205815856,0.7593884611818787,1.287631807149735,268.19621883375555,0.00981590559144587,0.00997982517374083,0.09907525216443241,0.09989907493936483,0.00016391958229496073
2,2.0,2.0,0.3,combined,ols,linear,1000,1000,0.1,0,213.62029189131937,inf,inf,1.1357929210442106,213.33026633182521,0.0,587.9539376813364,49.441737837550654,0.5300119396103721,19.225826270218743,inf,0.010071505478150807,0.010853405717086746,0.1003568905364789,0.10417967996248954,0.000781900238935939
2,2.0,2.0,0.3,combined,ols,linear,1000,1000,0.1,1,4.689724488049887,inf,inf,0.4926085669906562,5.447061287777306,0.0,260.77351284144106,703.1976911209111,2.243531088598654,0.4220752039244898,inf,0.009918032627767298,0.010757503782758434,0.09958931984789984,0.10371838690781127,0.0008394711549911359
2,2.0,2.0,0.3,combined,ols,linear,1000,1000,0.1,2,4.258458590599057,inf,inf,0.49981949164177775,5.00863906637401,0.0,642.9388655052684,722.9292248744466,0.4021598477304688,0.3832612731539151,inf,0.00981590559144587,0.009982351362184711,0.09907525216443241,0.09991171784222665,0.00016644577073884198
2,2.0,2.0,0.3,mean,rbf_svr,linear,1000,1000,0.1,0,139.7345622881643,2979.9579870417283,0.9531085461956857,1.0830455687856166,139.56157458409814,3.7147624299194137,375.1365659725276,73.65879882879346,1.3136771139317005,12.576110605934788,268.19621883375555,0.016906711401992795,1.8659097300137344,0.13002581052234513,1.3659830635896386,1.8490030186117417
2,2.0,2.0,0.3,mean,rbf_svr,linear,1000,1000,0.1,1,9.332974750757145,2979.9579870417283,0.9968680851235684,0.5123405542891487,10.07048190718783,3.7147624299194137,117.21789994787822,543.4877933004208,6.704387999189803,0.8399677275681431,268.19621883375555,0.01778785610497299,1.7556050748811918,0.13337112170546137,1.3249924810659084,1.7378172187762189
2,2.0,2.0,0.3,mean,rbf_svr,linear,1000,1000,0.1,2,14.3070200794415,2979.9579870417283,0.9951989188634017,0.5779774058282781,14.972962197793514,3.7147624299194137,490.49051754691357,437.13328205815856,0.7593884611818787,1.287631807149735,268.19621883375555,0.013035067086958308,1.9138876640150055,0.11417121829497269,1.383433288603034,1.9008525969280472
2,2.0,2.0,0.3,combined,rbf_svr,linear,1000,1000,0.1,0,213.62029189131937,inf,inf,1.1357929210442106,213.33026633182521,0.0,587.9539376813364,49.441737837550654,0.5300119396103721,19.225826270218743,inf,0.016906711401992795,3.226664150658776,0.13002581052234513,1.7962917777072789,3.209757439256783
2,2.0,2.0,0.3,combined,rbf_svr,linear,1000,1000,0.1,1,4.689724488049887,inf,inf,0.4926085669906562,5.447061287777306,0.0,260.77351284144106,703.1976911209111,2.243531088598654,0.4220752039244898,inf,0.01778785610497299,3.23368161537576,0.13337112170546137,1.798244036657917,3.215893759270787
2,2.0,2.0,0.3,combined,rbf_svr,linear,1000,1000,0.1,2,4.258458590599057,inf,inf,0.49981949164177775,5.00863906637401,0.0,642.9388655052684,722.9292248744466,0.4021598477304688,0.3832612731539151,inf,0.013035067086958308,3.266866656606684,0.11417121829497269,1.8074475529338836,3.253831589519726
10,0.0,1.0,0.0,mean,ols,linear,1000,1000,0.1,0,0.0,0.0,0.0,1.0,0.0,1000.0,1000.0,1000.0,0.0,0.0,0.0,0.009750614876492487,0.010500961618376301,0.09874520178971982,0.10247419976938732,0.0007503467418838138
10,0.0,1.0,0.0,mean,ols,linear,1000,1000,0.1,1,0.0,0.0,0.0,1.0,0.0,1000.0,1000.0,1000.0,0.0,0.0,0.0,0.010253464399086833,0.010282274999573598,0.10125939165868435,0.10140155324043906,2.881060048676512e-05
10,0.0,1.0,0.0,mean,ols,linear,1000,1000,0.1,2,0.0,0.0,0.0,1.0,0.0,1000.0,1000.0,1000.0,0.0,0.0,0.0,0.009448532564935838,0.00971849253032748,0.09720356251154501,0.09858241491426085,0.0002699599653916418
10,0.0,1.0,0.0,combined,ols,linear,1000,1000,0.1,0,0.0,0.0,0.0,1.0,0.0,1000.0,1000.0,1000.0,0.0,0.0,0.0,0.009750614876492487,0.010500961618376301,0.09874520178971982,0.10247419976938732,0.0007503467418838138
10,0.0,1.0,0.0,combined,ols,linear,1000,1000,0.1,1,0.0,0.0,0.0,1.0,0.0,1000.0,1000.0,1000.0,0.0,0.0,0.0,0.010253464399086833,0.010282274999573598,0.10125939165868435,0.10140155324043906,2.881060048676512e-05
10,0.0,1.0,0.0,combined,ols,linear,1000,1000,0.1,2,0.0,0.0,0.0,1.0,0.0,1000.0,1000.0,1000.0,0.0,0.0,0.0,0.009448532564935838,0.00971849253032748,0.09720356251154501,0.09858241491426085,0.0002699599653916418
10,0.0,1.0,0.0,mean,rbf_svr,linear,1000,1000,0.1,0,0.0,0.0,0.0,1.0,0.0,1000.0,1000.0,1000.0,0.0,0.0,0.0,0.3726423360938297,0.6332057159229931,0.6104443759212052,0.7957422421381142,0.26056337982916344
10,0.0,1.0,0.0,mean,rbf_svr,linear,1000,1000,0.1,1,0.0,0.0,0.0,1.0,0.0,1000.0,1000.0,1000.0,0.0,0.0,0.0,0.3954393160428208,0.7187992287171141,0.6288396584526303,0.847820280906935,0.3233599126742933
10,0.0,1.0,0.0,mean,rbf_svr,linear,1000,1000,0.1,2,0.0,0.0,0.0,1.0,0.0,1000.0,1000.0,1000.0,0.0,0.0,0.0,0.4227741804770725,0.6623028543508742,0.6502108738533003,0.81381991518448,0.23952867387380172
10,0.0,1.0,0.0,combined,rbf_svr,linear,1000,1000,0.1,0,0.0,0.0,0.0,1.0,0.0,1000.0,1000.0,1000.0,0.0,0.0,0.0,0.3726423360938297,0.6332057159229931,0.6104443759212052,0.7957422421381142,0.26056337982916344
10,0.0,1.0,0.0,combined,rbf_svr,linear,1000,1000,0.1,1,0.0,0.0,0.0,1.0,0.0,1000.0,1000.0,1000.0,0.0,0.0,0.0,0.3954393160428208,0.7187992287171141,0.6288396584526303,0.847820280906935,0.3233599126742933
10,0.0,1.0,0.0,combined,rbf_svr,linear,1000,1000,0.1,2,0.0,0.0,0.0,1.0,0.0,1000.0,1000.0,1000.0,0.0,0.0,0.0,0.4227741804770725,0.6623028543508742,0.6502108738533003,0.81381991518448,0.23952867387380172
10,0.0,1.0,0.1,mean,ols,linear,1000,1000,0.1,0,0.0,0.0,0.0,1.0,0.0,1000.0,1000.0,1000.0,0.0,0.0,0.0,0.009750614876492487,0.010462783840665457,0.09874520178971982,0.10228775019847419,0.0007121689641729698
10,0.0,1.0,0.1,mean,ols,linear,1000,1000,0.1,1,0.0,0.0,0.0,1.0,0.0,1000.0,1000.0,1000.0,0.0,0.0,0.0,0.010253464399086833,0.01029555294830092,0.10125939165868435,0.10146700423438607,4.208854921408656e-05
10,0.0,1.0,0.1,mean,ols,linear,1000,1000,0.1,2,0.0,0.0,0.0,1.0,0.0,1000.0,1000.0,1000.0,0.0,0.0,0.0,0.009448532564935838,0.009697785807645297,0.09720356251154501,0.09847733651782677,0.00024925324270945806
10,0.0,1.0,0.1,combined,ols,linear,1000,1000,0.1,0,0.0,0.0,0.0,1.0,0.0,1000.0,1000.0,1000.0,0.0,0.0,0.0,0.009750614876492487,0.010462783840665457,0.09874520178971982,0.10228775019847419,0.0007121689641729698
10,0.0,1.0,0.1,combined,ols,linear,1000,1000,0.1,1,0.0,0.0,0.0,1.0,0.0,1000.0,1000.0,1000.0,0.0,0.0,0.0,0.010253464399086833,0.01029555294830092,0.10125939165868435,0.10146700423438607,4.208854921408656e-05
10,0.0,1.0,0.1,combined,ols,linear,1000,1000,0.1,2,0.0,0.0,0.0,1.0,0.0,1000.0,1000.0,1000.0,0.0,0.0,0.0,0.009448532564935838,0.009697785807645297,0.09720356251154501,0.09847733651782677,0.00024925324270945806
10,0.0,1.0,0.1,mean,rbf_svr,linear,1000,1000,0.1,0,0.0,0.0,0.0,1.0,0.0,1000.0,1000.0,1000.0,0.0,0.0,0.0,0.3726423360938297,0.5940523538714788,0.6104443759212052,0.7707479184996083,0.22141001777764913
10,0.0,1.0,0.1,mean,rbf_svr,linear,1000,1000,0.1,1,0.0,0.0,0.0,1.0,0.0,1000.0,1000.0,1000.0,0.0,0.0,0.0,0.3954393160428208,0.7579671838611303,0.6288396584526303,0.8706131080228061,0.3625278678183095
10,0.0,1.0,0.1,mean,rbf_svr,linear,1000,1000,0.1,2,0.0,0.0,0.0,1.0,0.0,1000.0,1000.0,1000.0,0.0,0.0,0.0,0.4227741804770725,0.658685087302197,0.6502108738533003,0.8115941641622351,0.2359109068251245
10,0.0,1.0,0.1,combined,rbf_svr,linear,1000,1000,0.1,0,0.0,0.0,0.0,1.0,0.0,1000.0,1000.0,1000.0,0.0,0.0,0.0,0.3726423360938297,0.5940523538714788,0.6104443759212052,0.7707479184996083,0.22141001777764913
10,0.0,1.0,0.1,combined,rbf_svr,linear,1000,1000,0.1,1,0.0,0.0,0.0,1.0,0.0,1000.0,1000.0,1000.0,0.0,0.0,0.0,0.3954393160428208,0.7579671838611303,0.6288396584526303,0.8706131080228061,0.3625278678183095
10,0.0,1.0,0.1,combined,rbf_svr,linear,1000,1000,0.1,2,0.0,0.0,0.0,1.0,0.0,1000.0,1000.0,1000.0,0.0,0.0,0.0,0.4227741804770725,0.658685087302197,0.6502108738533003,0.8115941641622351,0.2359109068251245
10,0.0,1.0,0.2,mean,ols,linear,1000,1000,0.1,0,0.0,0.0,0.0,1.0,0.0,1000.0,1000.0,1000.0,0.0,0.0,0.0,0.009750614876492487,0.010477973043726102,0.09874520178971982,0.102361970690907,0.000727358167233615
10,0.0,1.0,0.2,mean,ols,linear,1000,1000,0.1,1,0.0,0.0,0.0,1.0,0.0,1000.0,1000.0,1000.0,0.0,0.0,0.0,0.010253464399086833,0.010276847612394054,0.10125939165868435,0.1013747878537561,2.338321330722093e-05
10,0.0,1.0,0.2,mean,ols,linear,1000,1000,0.1,2,0.0,0.0,0.0,1.0,0.0,1000.0,1000.0,1000.0,0.0,0.0,0.0,0.009448532564935838,0.00970741594007944,0.09720356251154501,0.09852621955641777,0.00025888337514360163
10,0.0,1.0,0.2,combined,ols,linear,1000,1000,0.1,0,0.0,0.0,0.0,1.0,0.0,1000.0,1000.0,1000.0,0.0,0.0,0.0,0.009750614876492487,0.010477973043726102,0.09874520178971982,0.102361970690907,0.000727358167233615
10,0.0,1.0,0.2,combined,ols,linear,1000,1000,0.1,1,0.0,0.0,0.0,1.0,0.0,1000.0,1000.0,1000.0,0.0,0.0,0.0,0.010253464399086833,0.010276847612394054,0.10125939165868435,0.1013747878537561,2.338321330722093e-05
10,0.0,1.0,0.2,combined,ols,linear,1000,1000,0.1,2,0.0,0.0,0.0,1.0,0.0,1000.0,1000.0,1000.0,0.0,0.0,0.0,0.009448532564935838,0.00970741594007944,0.09720356251154501,0.09852621955641777,0.00025888337514360163
10,0.0,1.0,0.2,mean,rbf_svr,linear,1000,1000,0.1,0,0.0,0.0,0.0,1.0,0.0,1000.0,1000.0,1000.0,0.0,0.0,0.0,0.3726423360938297,0.5893427601046395,0.6104443759212052,0.7676866288432015,0.2167004240108098
10,0.0,1.0,0.2,mean,rbf_svr,linear,1000,1000,0.1,1,0.0,0.0,0.0,1.0,0.0,1000.0,1000.0,1000.0,0.0,0.0,0.0,0.3954393160428208,0.7581231028536042,0.6288396584526303,0.8707026489299342,0.3626837868107834
10,0.0,1.0,0.2,mean,rbf_svr,linear,1000,1000,0.1,2,0.0,0.0,0.0,1.0,0.0,1000.0,1000.0,1000.0,0.0,0.0,0.0,0.4227741804770725,0.708850334516274,0.6502108738533003,0.8419324999762594,0.2860761540392015
10,0.0,1.0,0.2,combined,rbf_svr,linear,1000,1000,0.1,0,0.0,0.0,0.0,1.0,0.0,1000.0,1000.0,1000.0,0.0,0.0,0.0,0.3726423360938297,0.5893427601046395,0.6104443759212052,0.7676866288432015,0.2167004240108098
10,0.0,1.0,0.2,combined,rbf_svr,linear,1000,1000,0.1,1,0.0,0.0,0.0,1.0,0.0,1000.0,1000.0,1000.0,0.0,0.0,0.0,0.3954393160428208,0.7581231028536042,0.6288396584526303,0.8707026489299342,0.3626837868107834
10,0.0,1.0,0.2,combined,rbf_svr,linear,1000,1000,0.1,2,0.0,0.0,0.0,1.0,0.0,1000.0,1000.0,1000.0,0.0,0.0,0.0,0.4227741804770725,0.708850334516274,0.6502108738533003,0.8419324999762594,0.2860761540392015
10,0.0,1.0,0.3,mean,ols,linear,1000,1000,0.1,0,0.0,0.0,0.0,1.0,0.0,1000.0,1000.0,1000.0,0.0,0.0,0.0,0.009750614876492487,0.010444491683162152,0.09874520178971982,0.10219829589167401,0.0006938768066696646
10,0.0,1.0,0.3,mean,ols,linear,1000,1000,0.1,1,0.0,0.0,0.0,1.0,0.0,1000.0,1000.0,1000.0,0.0,0.0,0.0,0.010253464399086833,0.010286635911613743,0.10125939165868435,0.10142305414260479,3.3171512526910044e-05
10,0.0,1.0,0.3,mean,ols,linear,1000,1000,0.1,2,0.0,0.0,0.0,1.0,0.0,1000.0,1000.0,1000.0,0.0,0.0,0.0,0.009448532564935838,0.00966771098702758,0.09720356251154501,0.09832451874800904,0.0002191784220917422
10,0.0,1.0,0.3,combined,ols,linear,1000,1000,0.1,0,0.0,0.0,0.0,1.0,0.0,1000.0,1000.0,1000.0,0.0,0.0,0.0,0.009750614876492487,0.010444491683162152,0.09874520178971982,0.10219829589167401,0.0006938768066696646
10,0.0,1.0,0.3,combined,ols,linear,1000,1000,0.1,1,0.0,0.0,0.0,1.0,0.0,1000.0,1000.0,1000.0,0.0,0.0,0.0,0.010253464399086833,0.010286635911613743,0.10125939165868435,0.10142305414260479,3.3171512526910044e-05
10,0.0,1.0,0.3,combined,ols,linear,1000,1000,0.1,2,0.0,0.0,0.0,1.0,0.0,1000.0,1000.0,1000.0,0.0,0.0,0.0,0.009448532564935838,0.00966771098702758,0.09720356251154501,0.09832451874800904,0.0002191784220917422
10,0.0,1.0,0.3,mean,rbf_svr,linear,1000,1000,0.1,0,0.0,0.0,0.0,1.0,0.0,1000.0,1000.0,1000.0,0.0,0.0,0.0,0.3726423360938297,0.5862055832443019,0.6104443759212052,0.7656406358366188,0.21356324715047226
10,0.0,1.0,0.3,mean,rbf_svr,linear,1000,1000,0.1,1,0.0,0.0,0.0,1.0,0.0,1000.0,1000.0,1000.0,0.0,0.0,0.0,0.3954393160428208,0.8257283920968405,0.6288396584526303,0.9086959844176932,0.43028907605401967
10,0.0,1.0,0.3,mean,rbf_svr,linear,1000,1000,0.1,2,0.0,0.0,0.0,1.0,0.0,1000.0,1000.0,1000.0,0.0,0.0,0.0,0.4227741804770725,0.6142994490836579,0.6502108738533003,0.7837725748478687,0.19152526860658536
10,0.0,1.0,0.3,combined,rbf_svr,linear,1000,1000,0.1,0,0.0,0.0,0.0,1.0,0.0,1000.0,1000.0,1000.0,0.0,0.0,0.0,0.3726423360938297,0.5862055832443019,0.6104443759212052,0.7656406358366188,0.21356324715047226
10,0.0,1.0,0.3,combined,rbf_svr,linear,1000,1000,0.1,1,0.0,0.0,0.0,1.0,0.0,1000.0,1000.0,1000.0,0.0,0.0,0.0,0.3954393160428208,0.8257283920968405,0.6288396584526303,0.9086959844176932,0.43028907605401967
10,0.0,1.0,0.3,combined,rbf_svr,linear,1000,1000,0.1,2,0.0,0.0,0.0,1.0,0.0,1000.0,1000.0,1000.0,0.0,0.0,0.0,0.4227741804770725,0.6142994490836579,0.6502108738533003,0.7837725748478687,0.19152526860658536
10,0.0,1.5,0.0,mean,ols,linear,1000,1000,0.1,0,0.0,0.0,0.0,1.0,0.0,1000.0,1000.0,1000.0,0.0,0.0,0.0,0.009750614876492487,0.010500961618376301,0.09874520178971982,0.10247419976938732,0.0007503467418838138
10,0.0,1.5,0.0,mean,ols,linear,1000,1000,0.1,1,0.0,0.0,0.0,1.0,0.0,1000.0,1000.0,1000.0,0.0,0.0,0.0,0.010253464399086833,0.010282274999573598,0.10125939165868435,0.10140155324043906,2.881060048676512e-05
10,0.0,1.5,0.0,mean,ols,linear,1000,1000,0.1,2,0.0,0.0,0.0,1.0,0.0,1000.0,1000.0,1000.0,0.0,0.0,0.0,0.009448532564935838,0.00971849253032748,0.09720356251154501,0.09858241491426085,0.0002699599653916418
10,0.0,1.5,0.0,combined,ols,linear,1000,1000,0.1,0,2.559027064862856,3.2139917695473255,0.20378543308364416,1.0284155452262667,2.5013885311998143,1000.0,1000.0,1000.0,0.0,0.0,0.0,0.009750614876492487,0.010500961618376301,0.09874520178971982,0.10247419976938732,0.0007503467418838138
10,0.0,1.5,0.0,combined,ols,linear,1000,1000,0.1,1,1.7195422143120322,3.2139917695473255,0.464982384023273,0.9819172527760239,1.7553807230128178,1000.0,1000.0,1000.0,0.0,0.0,0.0,0.010253464399086833,0.010282274999573598,0.10125939165868435,0.10140155324043906,2.881060048676512e-05
10,0.0,1.5,0.0,combined,ols,linear,1000,1000,0.1,2,2.718196762397955,3.2139917695473255,0.15426144268539954,1.008697709374745,2.700725693500102,1000.0,1000.0,1000.0,0.0,0.0,0.0,0.009448532564935838,0.00971849253032748,0.09720356251154501,0.09858241491426085,0.0002699599653916418
10,0.0,1.5,0.0,mean,rbf_svr,linear,1000,1000,0.1,0,0.0,0.0,0.0,1.0,0.0,1000.0,1000.0,1000.0,0.0,0.0,0.0,0.3726423360938297,0.6332057159229931,0.6104443759212052,0.7957422421381142,0.26056337982916344
10,0.0,1.5,0.0,mean,rbf_svr,linear,1000,1000,0.1,1,0.0,0.0,0.0,1.0,0.0,1000.0,1000.0,1000.0,0.0,0.0,0.0,0.3954393160428208,0.7187992287171141,0.6288396584526303,0.847820280906935,0.3233599126742933
10,0.0,1.5,0.0,mean,rbf_svr,linear,1000,1000,0.1,2,0.0,0.0,0.0,1.0,0.0,1000.0,1000.0,1000.0,0.0,0.0,0.0,0.4227741804770725,0.6623028543508742,0.6502108738533003,0.81381991518448,0.23952867387380172
10,0.0,1.5,0.0,combined,rbf_svr,linear,1000,1000,0.1,0,2.559027064862856,3.2139917695473255,0.20378543308364416,1.0284155452262667,2.5013885311998143,1000.0,1000.0,1000.0,0.0,0.0,0.0,0.3726423360938297,0.6332057159229931,0.6104443759212052,0.7957422421381142,0.26056337982916344
10,0.0,1.5,0.0,combined,rbf_svr,linear,1000,1000,0.1,1,1.7195422143120322,3.2139917695473255,0.464982384023273,0.9819172527760239,1.7553807230128178,1000.0,1000.0,1000.0,0.0,0.0,0.0,0.3954393160428208,0.7187992287171141,0.6288396584526303,0.847820280906935,0.3233599126742933
10,0.0,1.5,0.0,combined,rbf_svr,linear,1000,1000,0.1,2,2.718196762397955,3.2139917695473255,0.15426144268539954,1.008697709374745,2.700725693500102,1000.0,1000.0,1000.0,0.0,0.0,0.0,0.4227741804770725,0.6623028543508742,0.6502108738533003,0.81381991518448,0.23952867387380172
10,0.0,1.5,0.1,mean,ols,linear,1000,1000,0.1,0,0.0,0.0,0.0,1.0,0.0,1000.0,1000.0,1000.0,0.0,0.0,0.0,0.009750614876492487,0.010462783840665457,0.09874520178971982,0.10228775019847419,0.0007121689641729698
10,0.0,1.5,0.1,mean,ols,linear,1000,1000,0.1,1,0.0,0.0,0.0,1.0,0.0,1000.0,1000.0,1000.0,0.0,0.0,0.0,0.010253464399086833,0.01029555294830092,0.10125939165868435,0.10146700423438607,4.208854921408656e-05
10,0.0,1.5,0.1,mean,ols,linear,1000,1000,0.1,2,0.0,0.0,0.0,1.0,0.0,1000.0,1000.0,1000.0,0.0,0.0,0.0,0.009448532564935838,0.009697785807645297,0.09720356251154501,0.09847733651782677,0.00024925324270945806
10,0.0,1.5,0.1,combined,ols,linear,1000,1000,0.1,0,2.559027064862856,3.2139917695473255,0.20378543308364416,1.0284155452262667,2.5013885311998143,968.8608907140863,978.6033055955432,975.0482513524195,0.02191562362171337,0.025590270648628566,0.03213991769547326,0.009750614876492487,0.010460868573514415,0.09874520178971982,0.10227838761690768,0.0007102536970219273
10,0.0,1.5,0.1,combined,ols,linear,1000,1000,0.1,1,1.7195422143120322,3.2139917695473255,0.464982384023273,0.9819172527760239,1.7553807230128178,968.8608907140863,937.8618213792113,983.0952619636339,0.06643519323615885,0.017195422143120326,0.03213991769547326,0.010253464399086833,0.010297801105609735,0.10125939165868435,0.10147808189756907,4.433670652290167e-05
10,0.0,1.5,0.1,combined,ols,linear,1000,1000,0.1,2,2.718196762397955,3.2139917695473255,0.15426144268539954,1.008697709374745,2.700725693500102,968.8608907140863,985.5377453880756,973.5373395554681,0.014481173395454485,0.027181967623979553,0.03213991769547326,0.009448532564935838,0.009698494860481336,0.09720356251154501,0.09848093653332779,0.0002499622955454972
10,0.0,1.5,0.1,mean,rbf_svr,linear,1000,1000,0.1,0,0.0,0.0,0.0,1.0,0.0,1000.0,1000.0,1000.0,0.0,0.0,0.0,0.3726423360938297,0.5940523538714788,0.6104443759212052,0.7707479184996083,0.22141001777764913
10,0.0,1.5,0.1,mean,rbf_svr,linear,1000,1000,0.1,1,0.0,0.0,0.0,1.0,0.0,1000.0,1000.0,1000.0,0.0,0.0,0.0,0.3954393160428208,0.7579671838611303,0.6288396584526303,0.8706131080228061,0.3625278678183095
10,0.0,1.5,0.1,mean,rbf_svr,linear,1000,1000,0.1,2,0.0,0.0,0.0,1.0,0.0,1000.0,1000.0,1000.0,0.0,0.0,0.0,0.4227741804770725,0.658685087302197,0.6502108738533003,0.8115941641622351,0.2359109068251245
10,0.0,1.5,0.1,combined,rbf_svr,linear,1000,1000,0.1,0,2.559027064862856,3.2139917695473255,0.20378543308364416,1.0284155452262667,2.5013885311998143,968.8608907140863,978.6033055955432,975.0482513524195,0.02191562362171337,0.025590270648628566,0.03213991769547326,0.3726423360938297,0.7701117455475114,0.6104443759212052,0.8775601093643166,0.3974694094536817
10,0.0,1.5,0.1,combined,rbf_svr,linear,1000,1000,0.1,1,1.7195422143120322,3.2139917695473255,0.464982384023273,0.9819172527760239,1.7553807230128178,968.8608907140863,937.8618213792113,983.0952619636339,0.06643519323615885,0.017195422143120326,0.03213991769547326,0.3954393160428208,1.0338477314841574,0.6288396584526303,1.0167830306826315,0.6384084154413366
10,0.0,1.5,0.1,combined,rbf_svr,linear,1000,1000,0.1,2,2.718196762397955,3.2139917695473255,0.15426144268539954,1.008697709374745,2.700725693500102,968.8608907140863,985.5377453880756,973.5373395554681,0.014481173395454485,0.027181967623979553,0.03213991769547326,0.4227741804770725,0.8541186189894194,0.6502108738533003,0.9241853812896087,0.43134443851234694
10,0.0,1.5,0.2,mean,ols,linear,1000,1000,0.1,0,0.0,0.0,0.0,1.0,0.0,1000.0,1000.0,1000.0,0.0,0.0,0.0,0.009750614876492487,0.010477973043726102,0.09874520178971982,0.102361970690907,0.000727358167233615
10,0.0,1.5,0.2,mean,ols,linear,1000,1000,0.1,1,0.0,0.0,0.0,1.0,0.0,1000.0,1000.0,1000.0,0.0,0.0,0.0,0.010253464399086833,0.010276847612394054,0.10125939165868435,0.1013747878537561,2.338321330722093e-05
10,0.0,1.5,0.2,mean,ols,linear,1000,1000,0.1,2,0.0,0.0,0.0,1.0,0.0,1000.0,1000.0,1000.0,0.0,0.0,0.0,0.009448532564935838,0.00970741594007944,0.09720356251154501,0.09852621955641777,0.00025888337514360163
10,0.0,1.5,0.2,combined,ols,linear,1000,1000,0.1,0,2.559027064862856,3.2139917695473255,0.20378543308364416,1.0284155452262667,2.5013885311998143,886.0851808634773,919.6741981803632,907.1437805536481,0.08766249448685345,0.10236108259451426,0.12855967078189304,0.009750614876492487,0.010478789474756074,0.09874520178971982,0.10236595857391301,0.0007281745982635861
10,0.0,1.5,0.2,combined,ols,linear,1000,1000,0.1,1,1.7195422143120322,3.2139917695473255,0.464982384023273,0.9819172527760239,1.7553807230128178,886.0851808634773,790.7842891635568,935.6447726342042,0.26574077294463533,0.0687816885724813,0.12855967078189304,0.010253464399086833,0.010285856709362086,0.10125939165868435,0.10141921272304417,3.239231027525255e-05
10,0.0,1.5,0.2,combined,ols,linear,1000,1000,0.1,2,2.718196762397955,3.2139917695473255,0.15426144268539954,1.008697709374745,2.700725693500102,886.0851808634773,943.7994663815612,901.9345743989588,0.05792469358181794,0.10872787049591821,0.12855967078189304,0.009448532564935838,0.009711446259544185,0.09720356251154501,0.09854667046402017,0.00026291369460834657
10,0.0,1.5,0.2,mean,rbf_svr,linear,1000,1000,0.1,0,0.0,0.0,0.0,1.0,0.0,1000.0,1000.0,1000.0,0.0,0.0,0.0,0.3726423360938297,0.5893427601046395,0.6104443759212052,0.7676866288432015,0.2167004240108098
10,0.0,1.5,0.2,mean,rbf_svr,linear,1000,1000,0.1,1,0.0,0.0,0.0,1.0,0.0,1000.0,1000.0,1000.0,0.0,0.0,0.0,0.3954393160428208,0.7581231028536042,0.6288396584526303,0.8707026489299342,0.3626837868107834
10,0.0,1.5,0.2,mean,rbf_svr,linear,1000,1000,0.1,2,0.0,0.0,0.0,1.0,0.0,1000.0,1000.0,1000.0,0.0,0.0,0.0,0.4227741804770725,0.708850334516274,0.6502108738533003,0.8419324999762594,0.2860761540392015
10,0.0,1.5,0.2,combined,rbf_svr,linear,1000,1000,0.1,0,2.559027064862856,3.2139917695473255,0.20378543308364416,1.0284155452262667,2.5013885311998143,886.0851808634773,919.6741981803632,907.1437805536481,0.08766249448685345,0.10236108259451426,0.12855967078189304,0.3726423360938297,1.0060917623443413,0.6104443759212052,1.0030412565514648,0.6334494262505116
10,0.0,1.5,0.2,combined,rbf_svr,linear,1000,1000,0.1,1,1.7195422143120322,3.2139917695473255,0.464982384023273,0.9819172527760239,1.7553807230128178,886.0851808634773,790.7842891635568,935.6447726342042,0.26574077294463533,0.0687816885724813,0.12855967078189304,0.3954393160428208,1.2513764226773565,0.6288396584526303,1.1186493743248402,0.8559371066345357
10,0.0,1.5,0.2,combined,rbf_svr,linear,1000,1000,0.1,2,2.718196762397955,3.2139917695473255,0.15426144268539954,1.008697709374745,2.700725693500102,886.0851808634773,943.7994663815612,901.9345743989588,0.05792469358181794,0.10872787049591821,0.12855967078189304,0.4227741804770725,1.2143943170655485,0.6502108738533003,1.1019956066453025,0.791620136588476
10,0.0,1.5,0.3,mean,ols,linear,1000,1000,0.1,0,0.0,0.0,0.0,1.0,0.0,1000.0,1000.0,1000.0,0.0,0.0,0.0,0.009750614876492487,0.010444491683162152,0.09874520178971982,0.10219829589167401,0.0006938768066696646
10,0.0,1.5,0.3,mean,ols,linear,1000,1000,0.1,1,0.0,0.0,0.0,1.0,0.0,1000.0,1000.0,1000.0,0.0,0.0,0.0,0.010253464399086833,0.010286635911613743,0.10125939165868435,0.10142305414260479,3.3171512526910044e-05
10,0.0,1.5,0.3,mean,ols,linear,1000,1000,0.1,2,0.0,0.0,0.0,1.0,0.0,1000.0,1000.0,1000.0,0.0,0.0,0.0,0.009448532564935838,0.00966771098702758,0.09720356251154501,0.09832451874800904,0.0002191784220917422
10,0.0,1.5,0.3,combined,ols,linear,1000,1000,0.1,0,2.559027064862856,3.2139917695473255,0.20378543308364416,1.0284155452262667,2.5013885311998143,775.6391841424878,835.9408082199768,812.8016679918795,0.19724061259542025,0.23031243583765704,0.28925925925925927,0.009750614876492487,0.010444310473366962,0.09874520178971982,0.1021974093280596,0.0006936955968744746
10,0.0,1.5,0.3,combined,ols,linear,1000,1000,0.1,1,1.7195422143120322,3.2139917695473255,0.464982384023273,0.9819172527760239,1.7553807230128178,775.6391841424878,627.2505158316383,865.9817103073881,0.5979167391254298,0.1547587992880829,0.28925925925925927,0.010253464399086833,0.010304895614175219,0.10125939165868435,0.10151303174556073,5.143121508838569e-05
10,0.0,1.5,0.3,combined,ols,linear,1000,1000,0.1,2,2.718196762397955,3.2139917695473255,0.15426144268539954,1.008697709374745,2.700725693500102,775.6391841424878,880.3332640550748,803.4466520479425,0.13033056055909034,0.24463770861581594,0.28925925925925927,0.009448532564935838,0.009665861304218452,0.09720356251154501,0.09831511228808343,0.00021732873928261356
10,0.0,1.5,0.3,mean,rbf_svr,linear,1000,1000,0.1,0,0.0,0.0,0.0,1.0,0.0,1000.0,1000.0,1000.0,0.0,0.0,0.0,0.3726423360938297,0.5862055832443019,0.6104443759212052,0.7656406358366188,0.21356324715047226
10,0.0,1.5,0.3,mean,rbf_svr,linear,1000,1000,0.1,1,0.0,0.0,0.0,1.0,0.0,1000.0,1000.0,1000.0,0.0,0.0,0.0,0.3954393160428208,0.8257283920968405,0.6288396584526303,0.9086959844176932,0.43028907605401967
10,0.0,1.5,0.3,mean,rbf_svr,linear,1000,1000,0.1,2,0.0,0.0,0.0,1.0,0.0,1000.0,1000.0,1000.0,0.0,0.0,0.0,0.4227741804770725,0.6142994490836579,0.6502108738533003,0.7837725748478687,0.19152526860658536
10,0.0,1.5,0.3,combined,rbf_svr,linear,1000,1000,0.1,0,2.559027064862856,3.2139917695473255,0.20378543308364416,1.0284155452262667,2.5013885311998143,775.6391841424878,835.9408082199768,812.8016679918795,0.19724061259542025,0.23031243583765704,0.28925925925925927,0.3726423360938297,1.1441256004547167,0.6104443759212052,1.0696380698417183,0.771483264360887
10,0.0,1.5,0.3,combined,rbf_svr,linear,1000,1000,0.1,1,1.7195422143120322,3.2139917695473255,0.464982384023273,0.9819172527760239,1.7553807230128178,775.6391841424878,627.2505158316383,865.9817103073881,0.5979167391254298,0.1547587992880829,0.28925925925925927,0.3954393160428208,1.5386840573465803,0.6288396584526303,1.2404370428790734,1.1432447413037594
10,0.0,1.5,0.3,combined,rbf_svr,linear,1000,1000,0.1,2,2.718196762397955,3.2139917695473255,0.15426144268539954,1.008697709374745,2.700725693500102,775.6391841424878,880.3332640550748,803.4466520479425,0.13033056055909034,0.24463770861581594,0.28925925925925927,0.4227741804770725,1.3660026631396514,0.6502108738533003,1.16876116599571,0.9432284826625789
10,0.0,2.0,0.0,mean,ols,linear,1000,1000,0.1,0,0.0,0.0,0.0,1.0,0.0,1000.0,1000.0,1000.0,0.0,0.0,0.0,0.009750614876492487,0.010500961618376301,0.09874520178971982,0.10247419976938732,0.0007503467418838138
10,0.0,2.0,0.0,mean,ols,linear,1000,1000,0.1,1,0.0,0.0,0.0,1.0,0.0,1000.0,1000.0,1000.0,0.0,0.0,0.0,0.010253464399086833,0.010282274999573598,0.10125939165868435,0.10140155324043906,2.881060048676512e-05
10,0.0,2.0,0.0,mean,ols,linear,1000,1000,0.1,2,0.0,0.0,0.0,1.0,0.0,1000.0,1000.0,1000.0,0.0,0.0,0.0,0.009448532564935838,0.00971849253032748,0.09720356251154501,0.09858241491426085,0.0002699599653916418
10,0.0,2.0,0.0,combined,ols,linear,1000,1000,0.1,0,22.49552466393351,inf,inf,1.0203177837953221,22.454476284004546,,1000.0,1000.0,0.0,0.0,,0.009750614876492487,0.010500961618376301,0.09874520178971982,0.10247419976938732,0.0007503467418838138
10,0.0,2.0,0.0,combined,ols,linear,1000,1000,0.1,1,7.6377211205494575,inf,inf,0.9199011555929723,7.791502984488159,,1000.0,1000.0,0.0,0.0,,0.010253464399086833,0.010282274999573598,0.10125939165868435,0.10140155324043906,2.881060048676512e-05
10,0.0,2.0,0.0,combined,ols,linear,1000,1000,0.1,2,24.11663204546334,inf,inf,1.0242162939143418,24.067613028743747,,1000.0,1000.0,0.0,0.0,,0.009448532564935838,0.00971849253032748,0.09720356251154501,0.09858241491426085,0.0002699599653916418
10,0.0,2.0,0.0,mean,rbf_svr,linear,1000,1000,0.1,0,0.0,0.0,0.0,1.0,0.0,1000.0,1000.0,1000.0,0.0,0.0,0.0,0.3726423360938297,0.6332057159229931,0.6104443759212052,0.7957422421381142,0.26056337982916344
10,0.0,2.0,0.0,mean,rbf_svr,linear,1000,1000,0.1,1,0.0,0.0,0.0,1.0,0.0,1000.0,1000.0,1000.0,0.0,0.0,0.0,0.3954393160428208,0.7187992287171141,0.6288396584526303,0.847820280906935,0.3233599126742933
10,0.0,2.0,0.0,mean,rbf_svr,linear,1000,1000,0.1,2,0.0,0.0,0.0,1.0,0.0,1000.0,1000.0,1000.0,0.0,0.0,0.0,0.4227741804770725,0.6623028543508742,0.6502108738533003,0.81381991518448,0.23952867387380172
10,0.0,2.0,0.0,combined,rbf_svr,linear,1000,1000,0.1,0,22.49552466393351,inf,inf,1.0203177837953221,22.454476284004546,,1000.0,1000.0,0.0,0.0,,0.3726423360938297,0.6332057159229931,0.6104443759212052,0.7957422421381142,0.26056337982916344
10,0.0,2.0,0.0,combined,rbf_svr,linear,1000,1000,0.1,1,7.6377211205494575,inf,inf,0.9199011555929723,7.791502984488159,,1000.0,1000.0,0.0,0.0,,0.3954393160428208,0.7187992287171141,0.6288396584526303,0.847820280906935,0.3233599126742933
10,0.0,2.0,0.0,combined,rbf_svr,linear,1000,1000,0.1,2,24.11663204546334,inf,inf,1.0242162939143418,24.067613028743747,,1000.0,1000.0,0.0,0.0,,0.4227741804770725,0.6623028543508742,0.6502108738533003,0.81381991518448,0.23952867387380172
10,0.0,2.0,0.1,mean,ols,linear,1000,1000,0.1,0,0.0,0.0,0.0,1.0,0.0,1000.0,1000.0,1000.0,0.0,0.0,0.0,0.009750614876492487,0.010462783840665457,0.09874520178971982,0.10228775019847419,0.0007121689641729698
10,0.0,2.0,0.1,mean,ols,linear,1000,1000,0.1,1,0.0,0.0,0.0,1.0,0.0,1000.0,1000.0,1000.0,0.0,0.0,0.0,0.010253464399086833,0.01029555294830092,0.10125939165868435,0.10146700423438607,4.208854921408656e-05
10,0.0,2.0,0.1,mean,ols,linear,1000,1000,0.1,2,0.0,0.0,0.0,1.0,0.0,1000.0,1000.0,1000.0,0.0,0.0,0.0,0.009448532564935838,0.009697785807645297,0.09720356251154501,0.09847733651782677,0.00024925324270945806
10,0.0,2.0,0.1,combined,ols,linear,1000,1000,0.1,0,22.49552466393351,inf,inf,1.0203177837953221,22.454476284004546,0.0,840.9054461274214,816.3563548492895,0.18801765872809362,0.22495524663933514,inf,0.009750614876492487,0.010459708882613836,0.09874520178971982,0.10227271817358644,0.0007090940061213486
10,0.0,2.0,0.1,combined,ols,linear,1000,1000,0.1,1,7.6377211205494575,inf,inf,0.9199011555929723,7.791502984488159,0.0,388.88796487048916,929.0423371933381,1.6517282630104344,0.0763772112054946,inf,0.010253464399086833,0.010300250067697754,0.10125939165868435,0.10149014763856516,4.678566861092068e-05
10,0.0,2.0,0.1,combined,ols,linear,1000,1000,0.1,2,24.11663204546334,inf,inf,1.0242162939143418,24.067613028743747,0.0,922.7149326841472,805.6937926205608,0.08080876572175785,0.24116632045463346,inf,0.009448532564935838,0.009699613422582229,0.09720356251154501,0.09848661544891381,0.0002510808576463904
10,0.0,2.0,0.1,mean,rbf_svr,linear,1000,1000,0.1,0,0.0,0.0,0.0,1.0,0.0,1000.0,1000.0,1000.0,0.0,0.0,0.0,0.3726423360938297,0.5940523538714788,0.6104443759212052,0.7707479184996083,0.22141001777764913
10,0.0,2.0,0.1,mean,rbf_svr,linear,1000,1000,0.1,1,0.0,0.0,0.0,1.0,0.0,1000.0,1000.0,1000.0,0.0,0.0,0.0,0.3954393160428208,0.7579671838611303,0.6288396584526303,0.8706131080228061,0.3625278678183095
10,0.0,2.0,0.1,mean,rbf_svr,linear,1000,1000,0.1,2,0.0,0.0,0.0,1.0,0.0,1000.0,1000.0,1000.0,0.0,0.0,0.0,0.4227741804770725,0.658685087302197,0.6502108738533003,0.8115941641622351,0.2359109068251245
10,0.0,2.0,0.1,combined,rbf_svr,linear,1000,1000,0.1,0,22.49552466393351,inf,inf,1.0203177837953221,22.454476284004546,0.0,840.9054461274214,816.3563548492895,0.18801765872809362,0.22495524663933514,inf,0.3726423360938297,1.133282371031327,0.6104443759212052,1.0645573592020896,0.7606400349374972
10,0.0,2.0,0.1,combined,rbf_svr,linear,1000,1000,0.1,1,7.6377211205494575,inf,inf,0.9199011555929723,7.791502984488159,0.0,388.88796487048916,929.0423371933381,1.6517282630104344,0.0763772112054946,inf,0.3954393160428208,1.491224665103727,0.6288396584526303,1.2211571009103321,1.0957853490609062
10,0.0,2.0,0.1,combined,rbf_svr,linear,1000,1000,0.1,2,24.11663204546334,inf,inf,1.0242162939143418,24.067613028743747,0.0,922.7149326841472,805.6937926205608,0.08080876572175785,0.24116632045463346,inf,0.4227741804770725,1.1924014627769508,0.6502108738533003,1.0919713653649306,0.7696272822998783
10,0.0,2.0,0.2,mean,ols,linear,1000,1000,0.1,0,0.0,0.0,0.0,1.0,0.0,1000.0,1000.0,1000.0,0.0,0.0,0.0,0.009750614876492487,0.010477973043726102,0.09874520178971982,0.102361970690907,0.000727358167233615
10,0.0,2.0,0.2,mean,ols,linear,1000,1000,0.1,1,0.0,0.0,0.0,1.0,0.0,1000.0,1000.0,1000.0,0.0,0.0,0.0,0.010253464399086833,0.010276847612394054,0.10125939165868435,0.1013747878537561,2.338321330722093e-05
10,0.0,2.0,0.2,mean,ols,linear,1000,1000,0.1,2,0.0,0.0,0.0,1.0,0.0,1000.0,1000.0,1000.0,0.0,0.0,0.0,0.009448532564935838,0.00970741594007944,0.09720356251154501,0.09852621955641777,0.00025888337514360163
10,0.0,2.0,0.2,combined,ols,linear,1000,1000,0.1,0,22.49552466393351,inf,inf,1.0203177837953221,22.454476284004546,0.0,567.4415991158759,526.3653823574698,0.7520706349123745,0.8998209865573406,inf,0.009750614876492487,0.010480455325557737,0.09874520178971982,0.10237409499261879,0.0007298404490652492
10,0.0,2.0,0.2,combined,ols,linear,1000,1000,0.1,1,7.6377211205494575,inf,inf,0.9199011555929723,7.791502984488159,0.0,142.99738033965457,765.9848525471782,6.606913052041738,0.3055088448219784,inf,0.010253464399086833,0.010294623154457892,0.10125939165868435,0.10146242237625658,4.115875537105858e-05
10,0.0,2.0,0.2,combined,ols,linear,1000,1000,0.1,2,24.11663204546334,inf,inf,1.0242162939143418,24.067613028743747,0.0,741.9220878057556,508.9925542300924,0.32323506288703135,0.9646652818185338,inf,0.009448532564935838,0.009715951970158336,0.09720356251154501,0.09856952860878627,0.00026741940522249756
10,0.0,2.0,0.2,mean,rbf_svr,linear,1000,1000,0.1,0,0.0,0.0,0.0,1.0,0.0,1000.0,1000.0,1000.0,0.0,0.0,0.0,0.3726423360938297,0.5893427601046395,0.6104443759212052,0.7676866288432015,0.2167004240108098
10,0.0,2.0,0.2,mean,rbf_svr,linear,1000,1000,0.1,1,0.0,0.0,0.0,1.0,0.0,1000.0,1000.0,1000.0,0.0,0.0,0.0,0.3954393160428208,0.7581231028536042,0.6288396584526303,0.8707026489299342,0.3626837868107834
10,0.0,2.0,0.2,mean,rbf_svr,linear,1000,1000,0.1,2,0.0,0.0,0.0,1.0,0.0,1000.0,1000.0,1000.0,0.0,0.0,0.0,0.4227741804770725,0.708850334516274,0.6502108738533003,0.8419324999762594,0.2860761540392015
10,0.0,2.0,0.2,combined,rbf_svr,linear,1000,1000,0.1,0,22.49552466393351,inf,inf,1.0203177837953221,22.454476284004546,0.0,567.4415991158759,526.3653823574698,0.7520706349123745,0.8998209865573406,inf,0.3726423360938297,1.7839262359401378,0.6104443759212052,1.3356370150381944,1.4112838998463082
10,0.0,2.0,0.2,combined,rbf_svr,linear,1000,1000,0.1,1,7.6377211205494575,inf,inf,0.9199011555929723,7.791502984488159,0.0,142.99738033965457,765.9848525471782,6.606913052041738,0.3055088448219784,inf,0.3954393160428208,2.105436215915717,0.6288396584526303,1.451012134999469,1.709996899872896
10,0.0,2.0,0.2,combined,rbf_svr,linear,1000,1000,0.1,2,24.11663204546334,inf,inf,1.0242162939143418,24.067613028743747,0.0,741.9220878057556,508.9925542300924,0.32323506288703135,0.9646652818185338,inf,0.4227741804770725,2.062902087106121,0.6502108738533003,1.4362806435742708,1.6401279066290488
10,0.0,2.0,0.3,mean,ols,linear,1000,1000,0.1,0,0.0,0.0,0.0,1.0,0.0,1000.0,1000.0,1000.0,0.0,0.0,0.0,0.009750614876492487,0.010444491683162152,0.09874520178971982,0.10219829589167401,0.0006938768066696646
10,0.0,2.0,0.3,mean,ols,linear,1000,1000,0.1,1,0.0,0.0,0.0,1.0,0.0,1000.0,1000.0,1000.0,0.0,0.0,0.0,0.010253464399086833,0.010286635911613743,0.10125939165868435,0.10142305414260479,3.3171512526910044e-05
10,0.0,2.0,0.3,mean,ols,linear,1000,1000,0.1,2,0.0,0.0,0.0,1.0,0.0,1000.0,1000.0,1000.0,0.0,0.0,0.0,0.009448532564935838,0.00966771098702758,0.09720356251154501,0.09832451874800904,0.0002191784220917422
10,0.0,2.0,0.3,combined,ols,linear,1000,1000,0.1,0,22.49552466393351,inf,inf,1.0203177837953221,22.454476284004546,0.0,366.60671224700957,330.62253495072906,1.6921589285528449,2.024597219754016,inf,0.009750614876492487,0.010445550171396856,0.09874520178971982,0.10220347436069312,0.000694935294904369
10,0.0,2.0,0.3,combined,ols,linear,1000,1000,0.1,1,7.6377211205494575,inf,inf,0.9199011555929723,7.791502984488159,0.0,72.09223964721902,592.6295021376385,14.865554367093909,0.6873949008494511,inf,0.010253464399086833,0.010321909395372465,0.10125939165868435,0.10159679815512133,6.844499628563122e-05
10,0.0,2.0,0.3,combined,ols,linear,1000,1000,0.1,2,24.11663204546334,inf,inf,1.0242162939143418,24.067613028743747,0.0,551.5144957718204,315.4079743833228,0.7272788914958191,2.1704968840917007,inf,0.009448532564935838,0.009665859496466464,0.09720356251154501,0.09831510309442015,0.00021732693153062553
10,0.0,2.0,0.3,mean,rbf_svr,linear,1000,1000,0.1,0,0.0,0.0,0.0,1.0,0.0,1000.0,1000.0,1000.0,0.0,0.0,0.0,0.3726423360938297,0.5862055832443019,0.6104443759212052,0.7656406358366188,0.21356324715047226
10,0.0,2.0,0.3,mean,rbf_svr,linear,1000,1000,0.1,1,0.0,0.0,0.0,1.0,0.0,1000.0,1000.0,1000.0,0.0,0.0,0.0,0.3954393160428208,0.8257283920968405,0.6288396584526303,0.9086959844176932,0.43028907605401967
10,0.0,2.0,0.3,mean,rbf_svr,linear,1000,1000,0.1,2,0.0,0.0,0.0,1.0,0.0,1000.0,1000.0,1000.0,0.0,0.0,0.0,0.4227741804770725,0.6142994490836579,0.6502108738533003,0.7837725748478687,0.19152526860658536
10,0.0,2.0,0.3,combined,rbf_svr,linear,1000,1000,0.1,0,22.49552466393351,inf,inf,1.0203177837953221,22.454476284004546,0.0,366.60671224700957,330.62253495072906,1.6921589285528449,2.024597219754016,inf,0.3726423360938297,2.2147838062221155,0.6104443759212052,1.4882149731211938,1.8421414701282859
10,0.0,2.0,0.3,combined,rbf_svr,linear,1000,1000,0.1,1,7.6377211205494575,inf,inf,0.9199011555929723,7.791502984488159,0.0,72.09223964721902,592.6295021376385,14.865554367093909,0.6873949008494511,inf,0.3954393160428208,2.7207354301397944,0.6288396584526303,1.6494651951889723,2.3252961140969735
10,0.0,2.0,0.3,combined,rbf_svr,linear,1000,1000,0.1,2,24.11663204546334,inf,inf,1.0242162939143418,24.067613028743747,0.0,551.5144957718204,315.4079743833228,0.7272788914958191,2.1704968840917007,inf,0.4227741804770725,2.6208518414802184,0.6502108738533003,1.6189045189510771,2.198077661003146
10,0.5,1.0,0.0,mean,ols,linear,1000,1000,0.1,0,43.54775120534197,11.182493960703473,2.894278982700425,1.2781802096477304,42.91400655700685,1000.0,1000.0,1000.0,0.0,0.0,0.0,0.009750614876492487,0.010500961618376301,0.09874520178971982,0.10247419976938732,0.0007503467418838138
10,0.5,1.0,0.0,mean,ols,linear,1000,1000,0.1,1,4.199757746163768,11.182493960703473,0.6244346063657907,0.9341792987603158,4.327066783931452,1000.0,1000.0,1000.0,0.0,0.0,0.0,0.010253464399086833,0.010282274999573598,0.10125939165868435,0.10140155324043906,2.881060048676512e-05
10,0.5,1.0,0.0,mean,ols,linear,1000,1000,0.1,2,3.348603585228366,11.182493960703473,0.7005494841315604,0.8657270322465841,3.5991202908658937,1000.0,1000.0,1000.0,0.0,0.0,0.0,0.009448532564935838,0.00971849253032748,0.09720356251154501,0.09858241491426085,0.0002699599653916418
10,0.5,1.0,0.0,combined,ols,linear,1000,1000,0.1,0,43.54775120534197,11.182493960703473,2.894278982700425,1.2781802096477304,42.91400655700685,1000.0,1000.0,1000.0,0.0,0.0,0.0,0.009750614876492487,0.010500961618376301,0.09874520178971982,0.10247419976938732,0.0007503467418838138
10,0.5,1.0,0.0,combined,ols,linear,1000,1000,0.1,1,4.199757746163768,11.182493960703473,0.6244346063657907,0.9341792987603158,4.327066783931452,1000.0,1000.0,1000.0,0.0,0.0,0.0,0.010253464399086833,0.010282274999573598,0.10125939165868435,0.10140155324043906,2.881060048676512e-05
10,0.5,1.0,0.0,combined,ols,linear,1000,1000,0.1,2,3.348603585228366,11.182493960703473,0.7005494841315604,0.8657270322465841,3.5991202908658937,1000.0,1000.0,1000.0,0.0,0.0,0.0,0.009448532564935838,0.00971849253032748,0.09720356251154501,0.09858241491426085,0.0002699599653916418
10,0.5,1.0,0.0,mean,rbf_svr,linear,1000,1000,0.1,0,43.54775120534197,11.182493960703473,2.894278982700425,1.2781802096477304,42.91400655700685,1000.0,1000.0,1000.0,0.0,0.0,0.0,0.3726423360938297,0.6332057159229931,0.6104443759212052,0.7957422421381142,0.26056337982916344
10,0.5,1.0,0.0,mean,rbf_svr,linear,1000,1000,0.1,1,4.199757746163768,11.182493960703473,0.6244346063657907,0.9341792987603158,4.327066783931452,1000.0,1000.0,1000.0,0.0,0.0,0.0,0.3954393160428208,0.7187992287171141,0.6288396584526303,0.847820280906935,0.3233599126742933
10,0.5,1.0,0.0,mean,rbf_svr,linear,1000,1000,0.1,2,3.348603585228366,11.182493960703473,0.7005494841315604,0.8657270322465841,3.5991202908658937,1000.0,1000.0,1000.0,0.0,0.0,0.0,0.4227741804770725,0.6623028543508742,0.6502108738533003,0.81381991518448,0.23952867387380172
10,0.5,1.0,0.0,combined,rbf_svr,linear,1000,1000,0.1,0,43.54775120534197,11.182493960703473,2.894278982700425,1.2781802096477304,42.91400655700685,1000.0,1000.0,1000.0,0.0,0.0,0.0,0.3726423360938297,0.6332057159229931,0.6104443759212052,0.7957422421381142,0.26056337982916344
10,0.5,1.0,0.0,combined,rbf_svr,linear,1000,1000,0.1,1,4.199757746163768,11.182493960703473,0.6244346063657907,0.9341792987603158,4.327066783931452,1000.0,1000.0,1000.0,0.0,0.0,0.0,0.3954393160428208,0.7187992287171141,0.6288396584526303,0.847820280906935,0.3233599126742933
10,0.5,1.0,0.0,combined,rbf_svr,linear,1000,1000,0.1,2,3.348603585228366,11.182493960703473,0.7005494841315604,0.8657270322465841,3.5991202908658937,1000.0,1000.0,1000.0,0.0,0.0,0.0,0.4227741804770725,0.6623028543508742,0.6502108738533003,0.81381991518448,0.23952867387380172
10,0.5,1.0,0.1,mean,ols,linear,1000,1000,0.1,0,43.54775120534197,11.182493960703473,2.894278982700425,1.2781802096477304,42.91400655700685,899.422170142578,946.2168994858758,696.6322994287256,0.05618117041140563,0.4354775120534198,0.11182493960703475,0.009750614876492487,0.010473362578520174,0.09874520178971982,0.10233944781226921,0.000722747702027687
10,0.5,1.0,0.1,mean,ols,linear,1000,1000,0.1,1,4.199757746163768,11.182493960703473,0.6244346063657907,0.9341792987603158,4.327066783931452,899.422170142578,925.0413852699746,959.695129460909,0.08167821017528402,0.04199757746163769,0.11182493960703475,0.010253464399086833,0.010294427743002679,0.10125939165868435,0.10146145939716557,4.096334391584522e-05
10,0.5,1.0,0.1,mean,ols,linear,1000,1000,0.1,2,3.348603585228366,11.182493960703473,0.7005494841315604,0.8657270322465841,3.5991202908658937,899.422170142578,957.7605337653224,967.5989469710939,0.043404241025862676,0.033486035852283665,0.11182493960703475,0.009448532564935838,0.009693652568419154,0.09720356251154501,0.09845634854299216,0.0002451200034833158
10,0.5,1.0,0.1,combined,ols,linear,1000,1000,0.1,0,43.54775120534197,11.182493960703473,2.894278982700425,1.2781802096477304,42.91400655700685,899.422170142578,946.2168994858758,696.6322994287256,0.05618117041140563,0.4354775120534198,0.11182493960703475,0.009750614876492487,0.010473362578520174,0.09874520178971982,0.10233944781226921,0.000722747702027687
10,0.5,1.0,0.1,combined,ols,linear,1000,1000,0.1,1,4.199757746163768,11.182493960703473,0.6244346063657907,0.9341792987603158,4.327066783931452,899.422170142578,925.0413852699746,959.695129460909,0.08167821017528402,0.04199757746163769,0.11182493960703475,0.010253464399086833,0.010294427743002679,0.10125939165868435,0.10146145939716557,4.096334391584522e-05
10,0.5,1.0,0.1,combined,ols,linear,1000,1000,0.1,2,3.348603585228366,11.182493960703473,0.7005494841315604,0.8657270322465841,3.5991202908658937,899.422170142578,957.7605337653224,967.5989469710939,0.043404241025862676,0.033486035852283665,0.11182493960703475,0.009448532564935838,0.009693652568419154,0.09720356251154501,0.09845634854299216,0.0002451200034833158
10,0.5,1.0,0.1,mean,rbf_svr,linear,1000,1000,0.1,0,43.54775120534197,11.182493960703473,2.894278982700425,1.2781802096477304,42.91400655700685,899.422170142578,946.2168994858758,696.6322994287256,0.05618117041140563,0.4354775120534198,0.11182493960703475,0.3726423360938297,1.113344026950279,0.6104443759212052,1.055151186773857,0.7407016908564493
10,0.5,1.0,0.1,mean,rbf_svr,linear,1000,1000,0.1,1,4.199757746163768,11.182493960703473,0.6244346063657907,0.9341792987603158,4.327066783931452,899.422170142578,925.0413852699746,959.695129460909,0.08167821017528402,0.04199757746163769,0.11182493960703475,0.3954393160428208,1.167104234924576,0.6288396584526303,1.0803259854898317,0.7716649188817551
10,0.5,1.0,0.1,mean,rbf_svr,linear,1000,1000,0.1,2,3.348603585228366,11.182493960703473,0.7005494841315604,0.8657270322465841,3.5991202908658937,899.422170142578,957.7605337653224,967.5989469710939,0.043404241025862676,0.033486035852283665,0.11182493960703475,0.4227741804770725,1.0958938608610564,0.6502108738533003,1.0468494929363326,0.673119680383984
10,0.5,1.0,0.1,combined,rbf_svr,linear,1000,1000,0.1,0,43.54775120534197,11.182493960703473,2.894278982700425,1.2781802096477304,42.91400655700685,899.422170142578,946.2168994858758,696.6322994287256,0.05618117041140563,0.4354775120534198,0.11182493960703475,0.3726423360938297,1.113344026950279,0.6104443759212052,1.055151186773857,0.7407016908564493
10,0.5,1.0,0.1,combined,rbf_svr,linear,1000,1000,0.1,1,4.199757746163768,11.182493960703473,0.6244346063657907,0.9341792987603158,4.327066783931452,899.422170142578,925.0413852699746,959.695129460909,0.08167821017528402,0.04199757746163769,0.11182493960703475,0.3954393160428208,1.167104234924576,0.6288396584526303,1.0803259854898317,0.7716649188817551
10,0.5,1.0,0.1,combined,rbf_svr,linear,1000,1000,0.1,2,3.348603585228366,11.182493960703473,0.7005494841315604,0.8657270322465841,3.5991202908658937,899.422170142578,957.7605337653224,967.5989469710939,0.043404241025862676,0.033486035852283665,0.11182493960703475,0.4227741804770725,1.0958938608610564,0.6502108738533003,1.0468494929363326,0.673119680383984
10,0.5,1.0,0.2,mean,ols,linear,1000,1000,0.1,0,43.54775120534197,11.182493960703473,2.894278982700425,1.2781802096477304,42.91400655700685,690.9418689367187,812.8256182910042,364.7092655907833,0.2247246816456225,1.7419100482136791,0.447299758428139,0.009750614876492487,0.010475060624314669,0.09874520178971982,0.10234774362102307,0.0007244457478221816
10,0.5,1.0,0.2,mean,ols,linear,1000,1000,0.1,1,4.199757746163768,11.182493960703473,0.6244346063657907,0.9341792987603158,4.327066783931452,690.9418689367187,756.4875129792979,856.1714866721616,0.3267128407011361,0.16799030984655075,0.447299758428139,0.010253464399086833,0.010252901372092676,0.10125939165868435,0.10125661149817664,-5.630269941572091e-07
10,0.5,1.0,0.2,mean,ols,linear,1000,1000,0.1,2,3.348603585228366,11.182493960703473,0.7005494841315604,0.8657270322465841,3.5991202908658937,690.9418689367187,847.8513849845193,881.877653156319,0.1736169641034507,0.13394414340913466,0.447299758428139,0.009448532564935838,0.009698771104127452,0.09720356251154501,0.09848233904679281,0.0002502385391916131
10,0.5,1.0,0.2,combined,ols,linear,1000,1000,0.1,0,43.54775120534197,11.182493960703473,2.894278982700425,1.2781802096477304,42.91400655700685,690.9418689367187,812.8256182910042,364.7092655907833,0.2247246816456225,1.7419100482136791,0.447299758428139,0.009750614876492487,0.010475060624314669,0.09874520178971982,0.10234774362102307,0.0007244457478221816
10,0.5,1.0,0.2,combined,ols,linear,1000,1000,0.1,1,4.199757746163768,11.182493960703473,0.6244346063657907,0.9341792987603158,4.327066783931452,690.9418689367187,756.4875129792979,856.1714866721616,0.3267128407011361,0.16799030984655075,0.447299758428139,0.010253464399086833,0.010252901372092676,0.10125939165868435,0.10125661149817664,-5.630269941572091e-07
10,0.5,1.0,0.2,combined,ols,linear,1000,1000,0.1,2,3.348603585228366,11.182493960703473,0.7005494841315604,0.8657270322465841,3.5991202908658937,690.9418689367187,847.8513849845193,881.877653156319,0.1736169641034507,0.13394414340913466,0.447299758428139,0.009448532564935838,0.009698771104127452,0.09720356251154501,0.09848233904679281,0.0002502385391916131
10,0.5,1.0,0.2,mean,rbf_svr,linear,1000,1000,0.1,0,43.54775120534197,11.182493960703473,2.894278982700425,1.2781802096477304,42.91400655700685,690.9418689367187,812.8256182910042,364.7092655907833,0.2247246816456225,1.7419100482136791,0.447299758428139,0.3726423360938297,1.7610347546419916,0.6104443759212052,1.3270398466670064,1.388392418548162
10,0.5,1.0,0.2,mean,rbf_svr,linear,1000,1000,0.1,1,4.199757746163768,11.182493960703473,0.6244346063657907,0.9341792987603158,4.327066783931452,690.9418689367187,756.4875129792979,856.1714866721616,0.3267128407011361,0.16799030984655075,0.447299758428139,0.3954393160428208,1.5016118441376938,0.6288396584526303,1.2254027273258754,1.106172528094873
10,0.5,1.0,0.2,mean,rbf_svr,linear,1000,1000,0.1,2,3.348603585228366,11.182493960703473,0.7005494841315604,0.8657270322465841,3.5991202908658937,690.9418689367187,847.8513849845193,881.877653156319,0.1736169641034507,0.13394414340913466,0.447299758428139,0.4227741804770725,1.7893673403038468,0.6502108738533003,1.3376723591013784,1.3665931598267744
10,0.5,1.0,0.2,combined,rbf_svr,linear,1000,1000,0.1,0,43.54775120534197,11.182493960703473,2.894278982700425,1.2781802096477304,42.91400655700685,690.9418689367187,812.8256182910042,364.7092655907833,0.2247246816456225,1.7419100482136791,0.447299758428139,0.3726423360938297,1.7610347546419916,0.6104443759212052,1.3270398466670064,1.388392418548162
10,0.5,1.0,0.2,combined,rbf_svr,linear,1000,1000,0.1,1,4.199757746163768,11.182493960703473,0.6244346063657907,0.9341792987603158,4.327066783931452,690.9418689367187,756.4875129792979,856.1714866721616,0.3267128407011361,0.16799030984655075,0.447299758428139,0.3954393160428208,1.5016118441376938,0.6288396584526303,1.2254027273258754,1.106172528094873
10,0.5,1.0,0.2,combined,rbf_svr,linear,1000,1000,0.1,2,3.348603585228366,11.182493960703473,0.7005494841315604,0.8657270322465841,3.5991202908658937,690.9418689367187,847.8513849845193,881.877653156319,0.1736169641034507,0.13394414340913466,0.447299758428139,0.4227741804770725,1.7893673403038468,0.6502108738533003,1.3376723591013784,1.3665931598267744
10,0.5,1.0,0.3,mean,ols,linear,1000,1000,0.1,0,43.54775120534197,11.182493960703473,2.894278982700425,1.2781802096477304,42.91400655700685,498.3990285697981,655.8200258056154,203.2810534325101,0.5056305337026507,3.919297608480777,1.0064244564633125,0.009750614876492487,0.010448614361127817,0.09874520178971982,0.10221846389536392,0.0006979994846353296
10,0.5,1.0,0.3,mean,ols,linear,1000,1000,0.1,1,4.199757746163768,11.182493960703473,0.6244346063657907,0.9341792987603158,4.327066783931452,498.3990285697981,581.6313005043296,725.7008870421959,0.7351038915775541,0.3779781971547391,1.0064244564633125,0.010253464399086833,0.010261078845461208,0.10125939165868435,0.1012969833976373,7.6144463743745006e-06
10,0.5,1.0,0.3,mean,ols,linear,1000,1000,0.1,2,3.348603585228366,11.182493960703473,0.7005494841315604,0.8657270322465841,3.5991202908658937,498.3990285697981,708.8218757985417,768.4184193429435,0.39063816923276407,0.3013743226705529,1.0064244564633125,0.009448532564935838,0.009664294561679746,0.09720356251154501,0.09830714400123597,0.00021576199674390797
10,0.5,1.0,0.3,combined,ols,linear,1000,1000,0.1,0,43.54775120534197,11.182493960703473,2.894278982700425,1.2781802096477304,42.91400655700685,498.3990285697981,655.8200258056154,203.2810534325101,0.5056305337026507,3.919297608480777,1.0064244564633125,0.009750614876492487,0.010448614361127817,0.09874520178971982,0.10221846389536392,0.0006979994846353296
10,0.5,1.0,0.3,combined,ols,linear,1000,1000,0.1,1,4.199757746163768,11.182493960703473,0.6244346063657907,0.9341792987603158,4.327066783931452,498.3990285697981,581.6313005043296,725.7008870421959,0.7351038915775541,0.3779781971547391,1.0064244564633125,0.010253464399086833,0.010261078845461208,0.10125939165868435,0.1012969833976373,7.6144463743745006e-06
10,0.5,1.0,0.3,combined,ols,linear,1000,1000,0.1,2,3.348603585228366,11.182493960703473,0.7005494841315604,0.8657270322465841,3.5991202908658937,498.3990285697981,708.8218757985417,768.4184193429435,0.39063816923276407,0.3013743226705529,1.0064244564633125,0.009448532564935838,0.009664294561679746,0.09720356251154501,0.09830714400123597,0.00021576199674390797
10,0.5,1.0,0.3,mean,rbf_svr,linear,1000,1000,0.1,0,43.54775120534197,11.182493960703473,2.894278982700425,1.2781802096477304,42.91400655700685,498.3990285697981,655.8200258056154,203.2810534325101,0.5056305337026507,3.919297608480777,1.0064244564633125,0.3726423360938297,2.0641469648343,0.6104443759212052,1.4367139467668224,1.6915046287404705
10,0.5,1.0,0.3,mean,rbf_svr,linear,1000,1000,0.1,1,4.199757746163768,11.182493960703473,0.6244346063657907,0.9341792987603158,4.327066783931452,498.3990285697981,581.6313005043296,725.7008870421959,0.7351038915775541,0.3779781971547391,1.0064244564633125,0.3954393160428208,2.0668295736197684,0.6288396584526303,1.437647235457909,1.6713902575769475
10,0.5,1.0,0.3,mean,rbf_svr,linear,1000,1000,0.1,2,3.348603585228366,11.182493960703473,0.7005494841315604,0.8657270322465841,3.5991202908658937,498.3990285697981,708.8218757985417,768.4184193429435,0.39063816923276407,0.3013743226705529,1.0064244564633125,0.4227741804770725,2.2715457281255014,0.6502108738533003,1.5071647979320315,1.848771547648429
10,0.5,1.0,0.3,combined,rbf_svr,linear,1000,1000,0.1,0,43.54775120534197,11.182493960703473,2.894278982700425,1.2781802096477304,42.91400655700685,498.3990285697981,655.8200258056154,203.2810534325101,0.5056305337026507,3.919297608480777,1.0064244564633125,0.3726423360938297,2.0641469648343,0.6104443759212052,1.4367139467668224,1.6915046287404705
10,0.5,1.0,0.3,combined,rbf_svr,linear,1000,1000,0.1,1,4.199757746163768,11.182493960703473,0.6244346063657907,0.9341792987603158,4.327066783931452,498.3990285697981,581.6313005043296,725.7008870421959,0.7351038915775541,0.3779781971547391,1.0064244564633125,0.3954393160428208,2.0668295736197684,0.6288396584526303,1.437647235457909,1.6713902575769475
10,0.5,1.0,0.3,combined,rbf_svr,linear,1000,1000,0.1,2,3.348603585228366,11.182493960703473,0.7005494841315604,0.8657270322465841,3.5991202908658937,498.3990285697981,708.8218757985417,768.4184193429435,0.39063816923276407,0.3013743226705529,1.0064244564633125,0.4227741804770725,2.2715457281255014,0.6502108738533003,1.5071647979320315,1.848771547648429
10,0.5,1.5,0.0,mean,ols,linear,1000,1000,0.1,0,43.54775120534197,11.182493960703473,2.894278982700425,1.2781802096477304,42.91400655700685,1000.0,1000.0,1000.0,0.0,0.0,0.0,0.009750614876492487,0.010500961618376301,0.09874520178971982,0.10247419976938732,0.0007503467418838138
10,0.5,1.5,0.0,mean,ols,linear,1000,1000,0.1,1,4.199757746163768,11.182493960703473,0.6244346063657907,0.9341792987603158,4.327066783931452,1000.0,1000.0,1000.0,0.0,0.0,0.0,0.010253464399086833,0.010282274999573598,0.10125939165868435,0.10140155324043906,2.881060048676512e-05
10,0.5,1.5,0.0,mean,ols,linear,1000,1000,0.1,2,3.348603585228366,11.182493960703473,0.7005494841315604,0.8657270322465841,3.5991202908658937,1000.0,1000.0,1000.0,0.0,0.0,0.0,0.009448532564935838,0.00971849253032748,0.09720356251154501,0.09858241491426085,0.0002699599653916418
10,0.5,1.5,0.0,combined,ols,linear,1000,1000,0.1,0,128.573028590872,624.4118309507755,0.7940893778468335,1.3948539793193686,127.627410967249,1000.0,1000.0,1000.0,0.0,0.0,0.0,0.009750614876492487,0.010500961618376301,0.09874520178971982,0.10247419976938732,0.0007503467418838138
10,0.5,1.5,0.0,combined,ols,linear,1000,1000,0.1,1,4.578842138972524,624.4118309507755,0.9926669516623341,0.8231127215422157,4.90132758660789,1000.0,1000.0,1000.0,0.0,0.0,0.0,0.010253464399086833,0.010282274999573598,0.10125939165868435,0.10140155324043906,2.881060048676512e-05
10,0.5,1.5,0.0,combined,ols,linear,1000,1000,0.1,2,5.306640891845292,624.4118309507755,0.9915013767696154,0.8443307795329321,5.593746426578601,1000.0,1000.0,1000.0,0.0,0.0,0.0,0.009448532564935838,0.00971849253032748,0.09720356251154501,0.09858241491426085,0.0002699599653916418
10,0.5,1.5,0.0,mean,rbf_svr,linear,1000,1000,0.1,0,43.54775120534197,11.182493960703473,2.894278982700425,1.2781802096477304,42.91400655700685,1000.0,1000.0,1000.0,0.0,0.0,0.0,0.3726423360938297,0.6332057159229931,0.6104443759212052,0.7957422421381142,0.26056337982916344
10,0.5,1.5,0.0,mean,rbf_svr,linear,1000,1000,0.1,1,4.199757746163768,11.182493960703473,0.6244346063657907,0.9341792987603158,4.327066783931452,1000.0,1000.0,1000.0,0.0,0.0,0.0,0.3954393160428208,0.7187992287171141,0.6288396584526303,0.847820280906935,0.3233599126742933
10,0.5,1.5,0.0,mean,rbf_svr,linear,1000,1000,0.1,2,3.348603585228366,11.182493960703473,0.7005494841315604,0.8657270322465841,3.5991202908658937,1000.0,1000.0,1000.0,0.0,0.0,0.0,0.4227741804770725,0.6623028543508742,0.6502108738533003,0.81381991518448,0.23952867387380172
10,0.5,1.5,0.0,combined,rbf_svr,linear,1000,1000,0.1,0,128.573028590872,624.4118309507755,0.7940893778468335,1.3948539793193686,127.627410967249,1000.0,1000.0,1000.0,0.0,0.0,0.0,0.3726423360938297,0.6332057159229931,0.6104443759212052,0.7957422421381142,0.26056337982916344
10,0.5,1.5,0.0,combined,rbf_svr,linear,1000,1000,0.1,1,4.578842138972524,624.4118309507755,0.9926669516623341,0.8231127215422157,4.90132758660789,1000.0,1000.0,1000.0,0.0,0.0,0.0,0.3954393160428208,0.7187992287171141,0.6288396584526303,0.847820280906935,0.3233599126742933
10,0.5,1.5,0.0,combined,rbf_svr,linear,1000,1000,0.1,2,5.306640891845292,624.4118309507755,0.9915013767696154,0.8443307795329321,5.593746426578601,1000.0,1000.0,1000.0,0.0,0.0,0.0,0.4227741804770725,0.6623028543508742,0.6502108738533003,0.81381991518448,0.23952867387380172
10,0.5,1.5,0.1,mean,ols,linear,1000,1000,0.1,0,43.54775120534197,11.182493960703473,2.894278982700425,1.2781802096477304,42.91400655700685,899.422170142578,946.2168994858758,696.6322994287256,0.05618117041140563,0.4354775120534198,0.11182493960703475,0.009750614876492487,0.010473362578520174,0.09874520178971982,0.10233944781226921,0.000722747702027687
10,0.5,1.5,0.1,mean,ols,linear,1000,1000,0.1,1,4.199757746163768,11.182493960703473,0.6244346063657907,0.9341792987603158,4.327066783931452,899.422170142578,925.0413852699746,959.695129460909,0.08167821017528402,0.04199757746163769,0.11182493960703475,0.010253464399086833,0.010294427743002679,0.10125939165868435,0.10146145939716557,4.096334391584522e-05
10,0.5,1.5,0.1,mean,ols,linear,1000,1000,0.1,2,3.348603585228366,11.182493960703473,0.7005494841315604,0.8657270322465841,3.5991202908658937,899.422170142578,957.7605337653224,967.5989469710939,0.043404241025862676,0.033486035852283665,0.11182493960703475,0.009448532564935838,0.009693652568419154,0.09720356251154501,0.09845634854299216,0.0002451200034833158
10,0.5,1.5,0.1,combined,ols,linear,1000,1000,0.1,0,128.573028590872,624.4118309507755,0.7940893778468335,1.3948539793193686,127.627410967249,138.04302432326656,943.6032542017374,437.49693748422186,0.058239353065566345,1.2857302859087203,6.244118309507757,0.009750614876492487,0.010471455608992103,0.09874520178971982,0.10233013050412915,0.0007208407324996152
10,0.5,1.5,0.1,combined,ols,linear,1000,1000,0.1,1,4.578842138972524,624.4118309507755,0.9926669516623341,0.8231127215422157,4.90132758660789,138.04302432326656,826.5983629506613,956.2163622648661,0.20779985210363192,0.04578842138972525,6.244118309507757,0.010253464399086833,0.010296487784893208,0.10125939165868435,0.10147161073370821,4.302338580637437e-05
10,0.5,1.5,0.1,combined,ols,linear,1000,1000,0.1,2,5.306640891845292,624.4118309507755,0.9915013767696154,0.8443307795329321,5.593746426578601,138.04302432326656,962.4196510044419,949.60772799414,0.03724020273928759,0.05306640891845293,6.244118309507757,0.009448532564935838,0.009694367420052192,0.09720356251154501,0.09845997877336858,0.00024583485511635306
10,0.5,1.5,0.1,mean,rbf_svr,linear,1000,1000,0.1,0,43.54775120534197,11.182493960703473,2.894278982700425,1.2781802096477304,42.91400655700685,899.422170142578,946.2168994858758,696.6322994287256,0.05618117041140563,0.4354775120534198,0.11182493960703475,0.3726423360938297,1.113344026950279,0.6104443759212052,1.055151186773857,0.7407016908564493
10,0.5,1.5,0.1,mean,rbf_svr,linear,1000,1000,0.1,1,4.199757746163768,11.182493960703473,0.6244346063657907,0.9341792987603158,4.327066783931452,899.422170142578,925.0413852699746,959.695129460909,0.08167821017528402,0.04199757746163769,0.11182493960703475,0.3954393160428208,1.167104234924576,0.6288396584526303,1.0803259854898317,0.7716649188817551
10,0.5,1.5,0.1,mean,rbf_svr,linear,1000,1000,0.1,2,3.348603585228366,11.182493960703473,0.7005494841315604,0.8657270322465841,3.5991202908658937,899.422170142578,957.7605337653224,967.5989469710939,0.043404241025862676,0.033486035852283665,0.11182493960703475,0.4227741804770725,1.0958938608610564,0.6502108738533003,1.0468494929363326,0.673119680383984
10,0.5,1.5,0.1,combined,rbf_svr,linear,1000,1000,0.1,0,128.573028590872,624.4118309507755,0.7940893778468335,1.3948539793193686,127.627410967249,138.04302432326656,943.6032542017374,437.49693748422186,0.058239353065566345,1.2857302859087203,6.244118309507757,0.3726423360938297,1.9593498210708313,0.6104443759212052,1.3997677739792524,1.5867074849770018
10,0.5,1.5,0.1,combined,rbf_svr,linear,1000,1000,0.1,1,4.578842138972524,624.4118309507755,0.9926669516623341,0.8231127215422157,4.90132758660789,138.04302432326656,826.5983629506613,956.2163622648661,0.20779985210363192,0.04578842138972525,6.244118309507757,0.3954393160428208,1.906492081370266,0.6288396584526303,1.3807577924351055,1.5110527653274453
10,0.5,1.5,0.1,combined,rbf_svr,linear,1000,1000,0.1,2,5.306640891845292,624.4118309507755,0.9915013767696154,0.8443307795329321,5.593746426578601,138.04302432326656,962.4196510044419,949.60772799414,0.03724020273928759,0.05306640891845293,6.244118309507757,0.4227741804770725,1.7676697990011236,0.6502108738533003,1.3295374379840244,1.3448956185240513
10,0.5,1.5,0.2,mean,ols,linear,1000,1000,0.1,0,43.54775120534197,11.182493960703473,2.894278982700425,1.2781802096477304,42.91400655700685,690.9418689367187,812.8256182910042,364.7092655907833,0.2247246816456225,1.7419100482136791,0.447299758428139,0.009750614876492487,0.010475060624314669,0.09874520178971982,0.10234774362102307,0.0007244457478221816
10,0.5,1.5,0.2,mean,ols,linear,1000,1000,0.1,1,4.199757746163768,11.182493960703473,0.6244346063657907,0.9341792987603158,4.327066783931452,690.9418689367187,756.4875129792979,856.1714866721616,0.3267128407011361,0.16799030984655075,0.447299758428139,0.010253464399086833,0.010252901372092676,0.10125939165868435,0.10125661149817664,-5.630269941572091e-07
10,0.5,1.5,0.2,mean,ols,linear,1000,1000,0.1,2,3.348603585228366,11.182493960703473,0.7005494841315604,0.8657270322465841,3.5991202908658937,690.9418689367187,847.8513849845193,881.877653156319,0.1736169641034507,0.13394414340913466,0.447299758428139,0.009448532564935838,0.009698771104127452,0.09720356251154501,0.09848233904679281,0.0002502385391916131
10,0.5,1.5,0.2,combined,ols,linear,1000,1000,0.1,0,128.573028590872,624.4118309507755,0.7940893778468335,1.3948539793193686,127.627410967249,38.4963728846741,802.7756044272876,162.7890016195587,0.23295741226226535,5.142921143634881,24.976473238031026,0.009750614876492487,0.010476279265736157,0.09874520178971982,0.10235369688358187,0.0007256643892436694
10,0.5,1.5,0.2,combined,ols,linear,1000,1000,0.1,1,4.578842138972524,624.4118309507755,0.9926669516623341,0.8231127215422157,4.90132758660789,38.4963728846741,541.1285943489913,845.1987363988285,0.8311994084145278,0.183153685558901,24.976473238031026,0.010253464399086833,0.010261629443466197,0.10125939165868435,0.10129970110255113,8.165044379363981e-06
10,0.5,1.5,0.2,combined,ols,linear,1000,1000,0.1,2,5.306640891845292,624.4118309507755,0.9915013767696154,0.8443307795329321,5.593746426578601,38.4963728846741,859.0082433494016,824.9017134303007,0.1489608109571503,0.2122656356738117,24.976473238031026,0.009448532564935838,0.009702769031371669,0.09720356251154501,0.09850263464177833,0.00025423646643583063
10,0.5,1.5,0.2,mean,rbf_svr,linear,1000,1000,0.1,0,43.54775120534197,11.182493960703473,2.894278982700425,1.2781802096477304,42.91400655700685,690.9418689367187,812.8256182910042,364.7092655907833,0.2247246816456225,1.7419100482136791,0.447299758428139,0.3726423360938297,1.7610347546419916,0.6104443759212052,1.3270398466670064,1.388392418548162
10,0.5,1.5,0.2,mean,rbf_svr,linear,1000,1000,0.1,1,4.199757746163768,11.182493960703473,0.6244346063657907,0.9341792987603158,4.327066783931452,690.9418689367187,756.4875129792979,856.1714866721616,0.3267128407011361,0.16799030984655075,0.447299758428139,0.3954393160428208,1.5016118441376938,0.6288396584526303,1.2254027273258754,1.106172528094873
10,0.5,1.5,0.2,mean,rbf_svr,linear,1000,1000,0.1,2,3.348603585228366,11.182493960703473,0.7005494841315604,0.8657270322465841,3.5991202908658937,690.9418689367187,847.8513849845193,881.877653156319,0.1736169641034507,0.13394414340913466,0.447299758428139,0.4227741804770725,1.7893673403038468,0.6502108738533003,1.3376723591013784,1.3665931598267744
10,0.5,1.5,0.2,combined,rbf_svr,linear,1000,1000,0.1,0,128.573028590872,624.4118309507755,0.7940893778468335,1.3948539793193686,127.627410967249,38.4963728846741,802.7756044272876,162.7890016195587,0.23295741226226535,5.142921143634881,24.976473238031026,0.3726423360938297,3.555040858336564,0.6104443759212052,1.8854815985144389,3.1823985222427345
10,0.5,1.5,0.2,combined,rbf_svr,linear,1000,1000,0.1,1,4.578842138972524,624.4118309507755,0.9926669516623341,0.8231127215422157,4.90132758660789,38.4963728846741,541.1285943489913,845.1987363988285,0.8311994084145278,0.183153685558901,24.976473238031026,0.3954393160428208,2.8252069979340444,0.6288396584526303,1.6808352084407454,2.4297676818912235
10,0.5,1.5,0.2,combined,rbf_svr,linear,1000,1000,0.1,2,5.306640891845292,624.4118309507755,0.9915013767696154,0.8443307795329321,5.593746426578601,38.4963728846741,859.0082433494016,824.9017134303007,0.1489608109571503,0.2122656356738117,24.976473238031026,0.4227741804770725,3.4110138402745216,0.6502108738533003,1.846893023505834,2.988239659797449
10,0.5,1.5,0.3,mean,ols,linear,1000,1000,0.1,0,43.54775120534197,11.182493960703473,2.894278982700425,1.2781802096477304,42.91400655700685,498.3990285697981,655.8200258056154,203.2810534325101,0.5056305337026507,3.919297608480777,1.0064244564633125,0.009750614876492487,0.010448614361127817,0.09874520178971982,0.10221846389536392,0.0006979994846353296
10,0.5,1.5,0.3,mean,ols,linear,1000,1000,0.1,1,4.199757746163768,11.182493960703473,0.6244346063657907,0.9341792987603158,4.327066783931452,498.3990285697981,581.6313005043296,725.7008870421959,0.7351038915775541,0.3779781971547391,1.0064244564633125,0.010253464399086833,0.010261078845461208,0.10125939165868435,0.1012969833976373,7.6144463743745006e-06
10,0.5,1.5,0.3,mean,ols,linear,1000,1000,0.1,2,3.348603585228366,11.182493960703473,0.7005494841315604,0.8657270322465841,3.5991202908658937,498.3990285697981,708.8218757985417,768.4184193429435,0.39063816923276407,0.3013743226705529,1.0064244564633125,0.009448532564935838,0.009664294561679746,0.09720356251154501,0.09830714400123597,0.00021576199674390797
10,0.5,1.5,0.3,combined,ols,linear,1000,1000,0.1,0,128.573028590872,624.4118309507755,0.7940893778468335,1.3948539793193686,127.627410967249,17.483414642848757,637.6454115513457,79.54454338779426,0.5241541775900965,11.57157257317848,56.19706478556979,0.009750614876492487,0.010448565479970721,0.09874520178971982,0.10221822479367719,0.0006979506034782337
10,0.5,1.5,0.3,combined,ols,linear,1000,1000,0.1,1,4.578842138972524,624.4118309507755,0.9926669516623341,0.8231127215422157,4.90132758660789,17.483414642848757,341.4979189364246,708.1672541664128,1.8701986689326866,0.41209579250752715,56.19706478556979,0.010253464399086833,0.010279515926135114,0.10125939165868435,0.101387947637454,2.6051527048280912e-05
10,0.5,1.5,0.3,combined,ols,linear,1000,1000,0.1,2,5.306640891845292,624.4118309507755,0.9915013767696154,0.8443307795329321,5.593746426578601,17.483414642848757,720.1665116916942,676.7742081321666,0.3351618246535878,0.47759768026607624,56.19706478556979,0.009448532564935838,0.009662344690095047,0.09720356251154501,0.09829722625839982,0.00021381212515920837
10,0.5,1.5,0.3,mean,rbf_svr,linear,1000,1000,0.1,0,43.54775120534197,11.182493960703473,2.894278982700425,1.2781802096477304,42.91400655700685,498.3990285697981,655.8200258056154,203.2810534325101,0.5056305337026507,3.919297608480777,1.0064244564633125,0.3726423360938297,2.0641469648343,0.6104443759212052,1.4367139467668224,1.6915046287404705
10,0.5,1.5,0.3,mean,rbf_svr,linear,1000,1000,0.1,1,4.199757746163768,11.182493960703473,0.6244346063657907,0.9341792987603158,4.327066783931452,498.3990285697981,581.6313005043296,725.7008870421959,0.7351038915775541,0.3779781971547391,1.0064244564633125,0.3954393160428208,2.0668295736197684,0.6288396584526303,1.437647235457909,1.6713902575769475
10,0.5,1.5,0.3,mean,rbf_svr,linear,1000,1000,0.1,2,3.348603585228366,11.182493960703473,0.7005494841315604,0.8657270322465841,3.5991202908658937,498.3990285697981,708.8218757985417,768.4184193429435,0.39063816923276407,0.3013743226705529,1.0064244564633125,0.4227741804770725,2.2715457281255014,0.6502108738533003,1.5071647979320315,1.848771547648429
10,0.5,1.5,0.3,combined,rbf_svr,linear,1000,1000,0.1,0,128.573028590872,624.4118309507755,0.7940893778468335,1.3948539793193686,127.627410967249,17.483414642848757,637.6454115513457,79.54454338779426,0.5241541775900965,11.57157257317848,56.19706478556979,0.3726423360938297,4.367123405763434,0.6104443759212052,2.08976635195503,3.9944810696696043
10,0.5,1.5,0.3,combined,rbf_svr,linear,1000,1000,0.1,1,4.578842138972524,624.4118309507755,0.9926669516623341,0.8231127215422157,4.90132758660789,17.483414642848757,341.4979189364246,708.1672541664128,1.8701986689326866,0.41209579250752715,56.19706478556979,0.3954393160428208,4.149892994446056,0.6288396584526303,2.037128615096763,3.7544536784032347
10,0.5,1.5,0.3,combined,rbf_svr,linear,1000,1000,0.1,2,5.306640891845292,624.4118309507755,0.9915013767696154,0.8443307795329321,5.593746426578601,17.483414642848757,720.1665116916942,676.7742081321666,0.3351618246535878,0.47759768026607624,56.19706478556979,0.4227741804770725,4.743002402478381,0.6502108738533003,2.1778435211186276,4.320228222001308
10,0.5,2.0,0.0,mean,ols,linear,1000,1000,0.1,0,43.54775120534197,11.182493960703473,2.894278982700425,1.2781802096477304,42.91400655700685,1000.0,1000.0,1000.0,0.0,0.0,0.0,0.009750614876492487,0.010500961618376301,0.09874520178971982,0.10247419976938732,0.0007503467418838138
10,0.5,2.0,0.0,mean,ols,linear,1000,1000,0.1,1,4.199757746163768,11.182493960703473,0.6244346063657907,0.9341792987603158,4.327066783931452,1000.0,1000.0,1000.0,0.0,0.0,0.0,0.010253464399086833,0.010282274999573598,0.10125939165868435,0.10140155324043906,2.881060048676512e-05
10,0.5,2.0,0.0,mean,ols,linear,1000,1000,0.1,2,3.348603585228366,11.182493960703473,0.7005494841315604,0.8657270322465841,3.5991202908658937,1000.0,1000.0,1000.0,0.0,0.0,0.0,0.009448532564935838,0.00971849253032748,0.09720356251154501,0.09858241491426085,0.0002699599653916418
10,0.5,2.0,0.0,combined,ols,linear,1000,1000,0.1,0,128.38854135789742,inf,inf,1.2308164330164197,127.87363226611417,,1000.0,1000.0,0.0,0.0,,0.009750614876492487,0.010500961618376301,0.09874520178971982,0.10247419976938732,0.0007503467418838138
10,0.5,2.0,0.0,combined,ols,linear,1000,1000,0.1,1,6.429441194338984,inf,inf,0.7142735207691902,6.91925453186696,,1000.0,1000.0,0.0,0.0,,0.010253464399086833,0.010282274999573598,0.10125939165868435,0.10140155324043906,2.881060048676512e-05
10,0.5,2.0,0.0,combined,ols,linear,1000,1000,0.1,2,20.93255724267545,inf,inf,0.8457777488299172,21.217217242259643,,1000.0,1000.0,0.0,0.0,,0.009448532564935838,0.00971849253032748,0.09720356251154501,0.09858241491426085,0.0002699599653916418
10,0.5,2.0,0.0,mean,rbf_svr,linear,1000,1000,0.1,0,43.54775120534197,11.182493960703473,2.894278982700425,1.2781802096477304,42.91400655700685,1000.0,1000.0,1000.0,0.0,0.0,0.0,0.3726423360938297,0.6332057159229931,0.6104443759212052,0.7957422421381142,0.26056337982916344
10,0.5,2.0,0.0,mean,rbf_svr,linear,1000,1000,0.1,1,4.199757746163768,11.182493960703473,0.6244346063657907,0.9341792987603158,4.327066783931452,1000.0,1000.0,1000.0,0.0,0.0,0.0,0.3954393160428208,0.7187992287171141,0.6288396584526303,0.847820280906935,0.3233599126742933
10,0.5,2.0,0.0,mean,rbf_svr,linear,1000,1000,0.1,2,3.348603585228366,11.182493960703473,0.7005494841315604,0.8657270322465841,3.5991202908658937,1000.0,1000.0,1000.0,0.0,0.0,0.0,0.4227741804770725,0.6623028543508742,0.6502108738533003,0.81381991518448,0.23952867387380172
10,0.5,2.0,0.0,combined,rbf_svr,linear,1000,1000,0.1,0,128.38854135789742,inf,inf,1.2308164330164197,127.87363226611417,,1000.0,1000.0,0.0,0.0,,0.3726423360938297,0.6332057159229931,0.6104443759212052,0.7957422421381142,0.26056337982916344
10,0.5,2.0,0.0,combined,rbf_svr,linear,1000,1000,0.1,1,6.429441194338984,inf,inf,0.7142735207691902,6.91925453186696,,1000.0,1000.0,0.0,0.0,,0.3954393160428208,0.7187992287171141,0.6288396584526303,0.847820280906935,0.3233599126742933
10,0.5,2.0,0.0,combined,rbf_svr,linear,1000,1000,0.1,2,20.93255724267545,inf,inf,0.8457777488299172,21.217217242259643,,1000.0,1000.0,0.0,0.0,,0.4227741804770725,0.6623028543508742,0.6502108738533003,0.81381991518448,0.23952867387380172
10,0.5,2.0,0.1,mean,ols,linear,1000,1000,0.1,0,43.54775120534197,11.182493960703473,2.894278982700425,1.2781802096477304,42.91400655700685,899.422170142578,946.2168994858758,696.6322994287256,0.05618117041140563,0.4354775120534198,0.11182493960703475,0.009750614876492487,0.010473362578520174,0.09874520178971982,0.10233944781226921,0.000722747702027687
10,0.5,2.0,0.1,mean,ols,linear,1000,1000,0.1,1,4.199757746163768,11.182493960703473,0.6244346063657907,0.9341792987603158,4.327066783931452,899.422170142578,925.0413852699746,959.695129460909,0.08167821017528402,0.04199757746163769,0.11182493960703475,0.010253464399086833,0.010294427743002679,0.10125939165868435,0.10146145939716557,4.096334391584522e-05
10,0.5,2.0,0.1,mean,ols,linear,1000,1000,0.1,2,3.348603585228366,11.182493960703473,0.7005494841315604,0.8657270322465841,3.5991202908658937,899.422170142578,957.7605337653224,967.5989469710939,0.043404241025862676,0.033486035852283665,0.11182493960703475,0.009448532564935838,0.009693652568419154,0.09720356251154501,0.09845634854299216,0.0002451200034833158
10,0.5,2.0,0.1,combined,ols,linear,1000,1000,0.1,0,128.38854135789742,inf,inf,1.2308164330164197,127.87363226611417,0.0,926.769050368514,437.8503378735384,0.07494499386634944,1.2838854135789746,inf,0.009750614876492487,0.010470302913311275,0.09874520178971982,0.10232449810925669,0.0007196880368187872
10,0.5,2.0,0.1,combined,ols,linear,1000,1000,0.1,1,6.429441194338984,inf,inf,0.7142735207691902,6.91925453186696,0.0,673.183379441432,939.5896368317964,0.4768861789520432,0.06429441194338985,inf,0.010253464399086833,0.010298778158347649,0.10125939165868435,0.10148289589062606,4.531375926081563e-05
10,0.5,2.0,0.1,combined,ols,linear,1000,1000,0.1,2,20.93255724267545,inf,inf,0.8457777488299172,21.217217242259643,0.0,960.4542952829037,826.9071809945267,0.037978604727852694,0.20932557242675454,inf,0.009448532564935838,0.009695490870765095,0.09720356251154501,0.09846568372161489,0.00024695830582925626
10,0.5,2.0,0.1,mean,rbf_svr,linear,1000,1000,0.1,0,43.54775120534197,11.182493960703473,2.894278982700425,1.2781802096477304,42.91400655700685,899.422170142578,946.2168994858758,696.6322994287256,0.05618117041140563,0.4354775120534198,0.11182493960703475,0.3726423360938297,1.113344026950279,0.6104443759212052,1.055151186773857,0.7407016908564493
10,0.5,2.0,0.1,mean,rbf_svr,linear,1000,1000,0.1,1,4.199757746163768,11.182493960703473,0.6244346063657907,0.9341792987603158,4.327066783931452,899.422170142578,925.0413852699746,959.695129460909,0.08167821017528402,0.04199757746163769,0.11182493960703475,0.3954393160428208,1.167104234924576,0.6288396584526303,1.0803259854898317,0.7716649188817551
10,0.5,2.0,0.1,mean,rbf_svr,linear,1000,1000,0.1,2,3.348603585228366,11.182493960703473,0.7005494841315604,0.8657270322465841,3.5991202908658937,899.422170142578,957.7605337653224,967.5989469710939,0.043404241025862676,0.033486035852283665,0.11182493960703475,0.4227741804770725,1.0958938608610564,0.6502108738533003,1.0468494929363326,0.673119680383984
10,0.5,2.0,0.1,combined,rbf_svr,linear,1000,1000,0.1,0,128.38854135789742,inf,inf,1.2308164330164197,127.87363226611417,0.0,926.769050368514,437.8503378735384,0.07494499386634944,1.2838854135789746,inf,0.3726423360938297,2.9670414242634133,0.6104443759212052,1.7225102102058534,2.5943990881695838
10,0.5,2.0,0.1,combined,rbf_svr,linear,1000,1000,0.1,1,6.429441194338984,inf,inf,0.7142735207691902,6.91925453186696,0.0,673.183379441432,939.5896368317964,0.4768861789520432,0.06429441194338985,inf,0.3954393160428208,2.7801015200164527,0.6288396584526303,1.6673636436052133,2.384662203973632
10,0.5,2.0,0.1,combined,rbf_svr,linear,1000,1000,0.1,2,20.93255724267545,inf,inf,0.8457777488299172,21.217217242259643,0.0,960.4542952829037,826.9071809945267,0.037978604727852694,0.20932557242675454,inf,0.4227741804770725,2.525687757648104,0.6502108738533003,1.58924125218549,2.1029135771710314
10,0.5,2.0,0.2,mean,ols,linear,1000,1000,0.1,0,43.54775120534197,11.182493960703473,2.894278982700425,1.2781802096477304,42.91400655700685,690.9418689367187,812.8256182910042,364.7092655907833,0.2247246816456225,1.7419100482136791,0.447299758428139,0.009750614876492487,0.010475060624314669,0.09874520178971982,0.10234774362102307,0.0007244457478221816
10,0.5,2.0,0.2,mean,ols,linear,1000,1000,0.1,1,4.199757746163768,11.182493960703473,0.6244346063657907,0.9341792987603158,4.327066783931452,690.9418689367187,756.4875129792979,856.1714866721616,0.3267128407011361,0.16799030984655075,0.447299758428139,0.010253464399086833,0.010252901372092676,0.10125939165868435,0.10125661149817664,-5.630269941572091e-07
10,0.5,2.0,0.2,mean,ols,linear,1000,1000,0.1,2,3.348603585228366,11.182493960703473,0.7005494841315604,0.8657270322465841,3.5991202908658937,690.9418689367187,847.8513849845193,881.877653156319,0.1736169641034507,0.13394414340913466,0.447299758428139,0.009448532564935838,0.009698771104127452,0.09720356251154501,0.09848233904679281,0.0002502385391916131
10,0.5,2.0,0.2,combined,ols,linear,1000,1000,0.1,0,128.38854135789742,inf,inf,1.2308164330164197,127.87363226611417,0.0,749.581779770752,162.98479520493098,0.29977997546539775,5.135541654315898,inf,0.009750614876492487,0.010478284195582908,0.09874520178971982,0.10236349054024539,0.000727669319090421
10,0.5,2.0,0.2,combined,ols,linear,1000,1000,0.1,1,6.429441194338984,inf,inf,0.7142735207691902,6.91925453186696,0.0,335.65567409443815,795.4325323640484,1.9075447158081729,0.2571776477735594,inf,0.010253464399086833,0.01027015897302665,0.10125939165868435,0.1013417928252044,1.6694573939816937e-05
10,0.5,2.0,0.2,combined,ols,linear,1000,1000,0.1,2,20.93255724267545,inf,inf,0.8457777488299172,21.217217242259643,0.0,847.9205772137144,544.2762498050678,0.15191441891141078,0.8373022897070181,inf,0.009448532564935838,0.009707247434080723,0.09720356251154501,0.09852536441993363,0.0002587148691448847
10,0.5,2.0,0.2,mean,rbf_svr,linear,1000,1000,0.1,0,43.54775120534197,11.182493960703473,2.894278982700425,1.2781802096477304,42.91400655700685,690.9418689367187,812.8256182910042,364.7092655907833,0.2247246816456225,1.7419100482136791,0.447299758428139,0.3726423360938297,1.7610347546419916,0.6104443759212052,1.3270398466670064,1.388392418548162
10,0.5,2.0,0.2,mean,rbf_svr,linear,1000,1000,0.1,1,4.199757746163768,11.182493960703473,0.6244346063657907,0.9341792987603158,4.327066783931452,690.9418689367187,756.4875129792979,856.1714866721616,0.3267128407011361,0.16799030984655075,0.447299758428139,0.3954393160428208,1.5016118441376938,0.6288396584526303,1.2254027273258754,1.106172528094873
10,0.5,2.0,0.2,mean,rbf_svr,linear,1000,1000,0.1,2,3.348603585228366,11.182493960703473,0.7005494841315604,0.8657270322465841,3.5991202908658937,690.9418689367187,847.8513849845193,881.877653156319,0.1736169641034507,0.13394414340913466,0.447299758428139,0.4227741804770725,1.7893673403038468,0.6502108738533003,1.3376723591013784,1.3665931598267744
10,0.5,2.0,0.2,combined,rbf_svr,linear,1000,1000,0.1,0,128.38854135789742,inf,inf,1.2308164330164197,127.87363226611417,0.0,749.581779770752,162.98479520493098,0.29977997546539775,5.135541654315898,inf,0.3726423360938297,5.6183379278548555,0.6104443759212052,2.370303340894337,5.2456955917610255
10,0.5,2.0,0.2,combined,rbf_svr,linear,1000,1000,0.1,1,6.429441194338984,inf,inf,0.7142735207691902,6.91925453186696,0.0,335.65567409443815,795.4325323640484,1.9075447158081729,0.2571776477735594,inf,0.3954393160428208,4.398993144239314,0.6288396584526303,2.0973776827837454,4.003553828196493
10,0.5,2.0,0.2,combined,rbf_svr,linear,1000,1000,0.1,2,20.93255724267545,inf,inf,0.8457777488299172,21.217217242259643,0.0,847.9205772137144,544.2762498050678,0.15191441891141078,0.8373022897070181,inf,0.4227741804770725,5.218335763890658,0.6502108738533003,2.284367694547149,4.795561583413585
10,0.5,2.0,0.3,mean,ols,linear,1000,1000,0.1,0,43.54775120534197,11.182493960703473,2.894278982700425,1.2781802096477304,42.91400655700685,498.3990285697981,655.8200258056154,203.2810534325101,0.5056305337026507,3.919297608480777,1.0064244564633125,0.009750614876492487,0.010448614361127817,0.09874520178971982,0.10221846389536392,0.0006979994846353296
10,0.5,2.0,0.3,mean,ols,linear,1000,1000,0.1,1,4.199757746163768,11.182493960703473,0.6244346063657907,0.9341792987603158,4.327066783931452,498.3990285697981,581.6313005043296,725.7008870421959,0.7351038915775541,0.3779781971547391,1.0064244564633125,0.010253464399086833,0.010261078845461208,0.10125939165868435,0.1012969833976373,7.6144463743745006e-06
10,0.5,2.0,0.3,mean,ols,linear,1000,1000,0.1,2,3.348603585228366,11.182493960703473,0.7005494841315604,0.8657270322465841,3.5991202908658937,498.3990285697981,708.8218757985417,768.4184193429435,0.39063816923276407,0.3013743226705529,1.0064244564633125,0.009448532564935838,0.009664294561679746,0.09720356251154501,0.09830714400123597,0.00021576199674390797
10,0.5,2.0,0.3,combined,ols,linear,1000,1000,0.1,0,128.38854135789742,inf,inf,1.2308164330164197,127.87363226611417,0.0,556.8691058102015,79.64974044347224,0.6745049447971453,11.554968722210768,inf,0.009750614876492487,0.01044991673620296,0.09874520178971982,0.10222483424394954,0.0006993018597104723
10,0.5,2.0,0.3,combined,ols,linear,1000,1000,0.1,1,6.429441194338984,inf,inf,0.7142735207691902,6.91925453186696,0.0,180.51431650939847,633.4527509523593,4.291975610568388,0.5786497074905085,inf,0.010253464399086833,0.010296679243998373,0.10125939165868435,0.10147255414149371,4.321484491153979e-05
10,0.5,2.0,0.3,combined,ols,linear,1000,1000,0.1,2,20.93255724267545,inf,inf,0.8457777488299172,21.217217242259643,0.0,693.8933866064561,346.74903598539225,0.3418074425506739,1.8839301518407905,inf,0.009448532564935838,0.00966225841929819,0.09720356251154501,0.09829678743121868,0.00021372585436235138
10,0.5,2.0,0.3,mean,rbf_svr,linear,1000,1000,0.1,0,43.54775120534197,11.182493960703473,2.894278982700425,1.2781802096477304,42.91400655700685,498.3990285697981,655.8200258056154,203.2810534325101,0.5056305337026507,3.919297608480777,1.0064244564633125,0.3726423360938297,2.0641469648343,0.6104443759212052,1.4367139467668224,1.6915046287404705
10,0.5,2.0,0.3,mean,rbf_svr,linear,1000,1000,0.1,1,4.199757746163768,11.182493960703473,0.6244346063657907,0.9341792987603158,4.327066783931452,498.3990285697981,581.6313005043296,725.7008870421959,0.7351038915775541,0.3779781971547391,1.0064244564633125,0.3954393160428208,2.0668295736197684,0.6288396584526303,1.437647235457909,1.6713902575769475
10,0.5,2.0,0.3,mean,rbf_svr,linear,1000,1000,0.1,2,3.348603585228366,11.182493960703473,0.7005494841315604,0.8657270322465841,3.5991202908658937,498.3990285697981,708.8218757985417,768.4184193429435,0.39063816923276407,0.3013743226705529,1.0064244564633125,0.4227741804770725,2.2715457281255014,0.6502108738533003,1.5071647979320315,1.848771547648429
10,0.5,2.0,0.3,combined,rbf_svr,linear,1000,1000,0.1,0,128.38854135789742,inf,inf,1.2308164330164197,127.87363226611417,0.0,556.8691058102015,79.64974044347224,0.6745049447971453,11.554968722210768,inf,0.3726423360938297,7.021309360944492,0.6104443759212052,2.649775341598697,6.648667024850662
10,0.5,2.0,0.3,combined,rbf_svr,linear,1000,1000,0.1,1,6.429441194338984,inf,inf,0.7142735207691902,6.91925453186696,0.0,180.51431650939847,633.4527509523593,4.291975610568388,0.5786497074905085,inf,0.3954393160428208,6.560065374260281,0.6288396584526303,2.5612624571215425,6.16462605821746
10,0.5,2.0,0.3,combined,rbf_svr,linear,1000,1000,0.1,2,20.93255724267545,inf,inf,0.8457777488299172,21.217217242259643,0.0,693.8933866064561,346.74903598539225,0.3418074425506739,1.8839301518407905,inf,0.4227741804770725,7.489713145373637,0.6502108738533003,2.7367340289793667,7.066938964896564
10,1.0,1.0,0.0,mean,ols,linear,1000,1000,0.1,0,6534.682614195097,22025.465794806718,0.7033123986991513,3.6567020963882815,6522.311143973363,1000.0,1000.0,1000.0,0.0,0.0,0.0,0.009750614876492487,0.010500961618376301,0.09874520178971982,0.10247419976938732,0.0007503467418838138
10,1.0,1.0,0.0,mean,ols,linear,1000,1000,0.1,1,5.416502222765287,22025.465794806718,0.9997540800147781,0.42682210743845994,6.234325111367075,1000.0,1000.0,1000.0,0.0,0.0,0.0,0.010253464399086833,0.010282274999573598,0.10125939165868435,0.10140155324043906,2.881060048676512e-05
10,1.0,1.0,0.0,mean,ols,linear,1000,1000,0.1,2,3.7523100712792115,22025.465794806718,0.9998296376518783,0.35695511930935175,4.624893114078052,1000.0,1000.0,1000.0,0.0,0.0,0.0,0.009448532564935838,0.00971849253032748,0.09720356251154501,0.09858241491426085,0.0002699599653916418
10,1.0,1.0,0.0,combined,ols,linear,1000,1000,0.1,0,6534.682614195097,22025.465794806718,0.7033123986991513,3.6567020963882815,6522.311143973363,1000.0,1000.0,1000.0,0.0,0.0,0.0,0.009750614876492487,0.010500961618376301,0.09874520178971982,0.10247419976938732,0.0007503467418838138
10,1.0,1.0,0.0,combined,ols,linear,1000,1000,0.1,1,5.416502222765287,22025.465794806718,0.9997540800147781,0.42682210743845994,6.234325111367075,1000.0,1000.0,1000.0,0.0,0.0,0.0,0.010253464399086833,0.010282274999573598,0.10125939165868435,0.10140155324043906,2.881060048676512e-05
10,1.0,1.0,0.0,combined,ols,linear,1000,1000,0.1,2,3.7523100712792115,22025.465794806718,0.9998296376518783,0.35695511930935175,4.624893114078052,1000.0,1000.0,1000.0,0.0,0.0,0.0,0.009448532564935838,0.00971849253032748,0.09720356251154501,0.09858241491426085,0.0002699599653916418
10,1.0,1.0,0.0,mean,rbf_svr,linear,1000,1000,0.1,0,6534.682614195097,22025.465794806718,0.7033123986991513,3.6567020963882815,6522.311143973363,1000.0,1000.0,1000.0,0.0,0.0,0.0,0.3726423360938297,0.6332057159229931,0.6104443759212052,0.7957422421381142,0.26056337982916344
10,1.0,1.0,0.0,mean,rbf_svr,linear,1000,1000,0.1,1,5.416502222765287,22025.465794806718,0.9997540800147781,0.42682210743845994,6.234325111367075,1000.0,1000.0,1000.0,0.0,0.0,0.0,0.3954393160428208,0.7187992287171141,0.6288396584526303,0.847820280906935,0.3233599126742933
10,1.0,1.0,0.0,mean,rbf_svr,linear,1000,1000,0.1,2,3.7523100712792115,22025.465794806718,0.9998296376518783,0.35695511930935175,4.624893114078052,1000.0,1000.0,1000.0,0.0,0.0,0.0,0.4227741804770725,0.6623028543508742,0.6502108738533003,0.81381991518448,0.23952867387380172
10,1.0,1.0,0.0,combined,rbf_svr,linear,1000,1000,0.1,0,6534.682614195097,22025.465794806718,0.7033123986991513,3.6567020963882815,6522.311143973363,1000.0,1000.0,1000.0,0.0,0.0,0.0,0.3726423360938297,0.6332057159229931,0.6104443759212052,0.7957422421381142,0.26056337982916344
10,1.0,1.0,0.0,combined,rbf_svr,linear,1000,1000,0.1,1,5.416502222765287,22025.465794806718,0.9997540800147781,0.42682210743845994,6.234325111367075,1000.0,1000.0,1000.0,0.0,0.0,0.0,0.3954393160428208,0.7187992287171141,0.6288396584526303,0.847820280906935,0.3233599126742933
10,1.0,1.0,0.0,combined,rbf_svr,linear,1000,1000,0.1,2,3.7523100712792115,22025.465794806718,0.9998296376518783,0.35695511930935175,4.624893114078052,1000.0,1000.0,1000.0,0.0,0.0,0.0,0.4227741804770725,0.6623028543508742,0.6502108738533003,0.81381991518448,0.23952867387380172
10,1.0,1.0,0.1,mean,ols,linear,1000,1000,0.1,0,6534.682614195097,22025.465794806718,0.7033123986991513,3.6567020963882815,6522.311143973363,4.51967885907613,780.7271290935051,15.072311038066397,0.25547997434408026,65.34682614195098,220.25465794806723,0.009750614876492487,0.010495712597412318,0.09874520178971982,0.10244858514109562,0.0007450977209198309
10,1.0,1.0,0.1,mean,ols,linear,1000,1000,0.1,1,5.416502222765287,22025.465794806718,0.9997540800147781,0.42682210743845994,6.234325111367075,4.51967885907613,543.6848435373105,948.6180805798396,0.7999161900990408,0.054165022227652876,220.25465794806723,0.010253464399086833,0.010312699402524963,0.10125939165868435,0.10155146184336769,5.9235003438129485e-05
10,1.0,1.0,0.1,mean,ols,linear,1000,1000,0.1,2,3.7523100712792115,22025.465794806718,0.9998296376518783,0.35695511930935175,4.624893114078052,4.51967885907613,923.233500992826,963.8339612033571,0.07393213857039097,0.03752310071279212,220.25465794806723,0.009448532564935838,0.009690557452192395,0.09720356251154501,0.09844062907251454,0.00024202488725655683
10,1.0,1.0,0.1,combined,ols,linear,1000,1000,0.1,0,6534.682614195097,22025.465794806718,0.7033123986991513,3.6567020963882815,6522.311143973363,4.51967885907613,780.7271290935051,15.072311038066397,0.25547997434408026,65.34682614195098,220.25465794806723,0.009750614876492487,0.010495712597412318,0.09874520178971982,0.10244858514109562,0.0007450977209198309
10,1.0,1.0,0.1,combined,ols,linear,1000,1000,0.1,1,5.416502222765287,22025.465794806718,0.9997540800147781,0.42682210743845994,6.234325111367075,4.51967885907613,543.6848435373105,948.6180805798396,0.7999161900990408,0.054165022227652876,220.25465794806723,0.010253464399086833,0.010312699402524963,0.10125939165868435,0.10155146184336769,5.9235003438129485e-05
10,1.0,1.0,0.1,combined,ols,linear,1000,1000,0.1,2,3.7523100712792115,22025.465794806718,0.9998296376518783,0.35695511930935175,4.624893114078052,4.51967885907613,923.233500992826,963.8339612033571,0.07393213857039097,0.03752310071279212,220.25465794806723,0.009448532564935838,0.009690557452192395,0.09720356251154501,0.09844062907251454,0.00024202488725655683
10,1.0,1.0,0.1,mean,rbf_svr,linear,1000,1000,0.1,0,6534.682614195097,22025.465794806718,0.7033123986991513,3.6567020963882815,6522.311143973363,4.51967885907613,780.7271290935051,15.072311038066397,0.25547997434408026,65.34682614195098,220.25465794806723,0.3726423360938297,5.406999064404053,0.6104443759212052,2.325295478945429,5.034356728310223
10,1.0,1.0,0.1,mean,rbf_svr,linear,1000,1000,0.1,1,5.416502222765287,22025.465794806718,0.9997540800147781,0.42682210743845994,6.234325111367075,4.51967885907613,543.6848435373105,948.6180805798396,0.7999161900990408,0.054165022227652876,220.25465794806723,0.3954393160428208,4.764859122880439,0.6288396584526303,2.1828557265381603,4.369419806837618
10,1.0,1.0,0.1,mean,rbf_svr,linear,1000,1000,0.1,2,3.7523100712792115,22025.465794806718,0.9998296376518783,0.35695511930935175,4.624893114078052,4.51967885907613,923.233500992826,963.8339612033571,0.07393213857039097,0.03752310071279212,220.25465794806723,0.4227741804770725,4.507048767845289,0.6502108738533003,2.1229811039774447,4.084274587368216
10,1.0,1.0,0.1,combined,rbf_svr,linear,1000,1000,0.1,0,6534.682614195097,22025.465794806718,0.7033123986991513,3.6567020963882815,6522.311143973363,4.51967885907613,780.7271290935051,15.072311038066397,0.25547997434408026,65.34682614195098,220.25465794806723,0.3726423360938297,5.406999064404053,0.6104443759212052,2.325295478945429,5.034356728310223
10,1.0,1.0,0.1,combined,rbf_svr,linear,1000,1000,0.1,1,5.416502222765287,22025.465794806718,0.9997540800147781,0.42682210743845994,6.234325111367075,4.51967885907613,543.6848435373105,948.6180805798396,0.7999161900990408,0.054165022227652876,220.25465794806723,0.3954393160428208,4.764859122880439,0.6288396584526303,2.1828557265381603,4.369419806837618
10,1.0,1.0,0.1,combined,rbf_svr,linear,1000,1000,0.1,2,3.7523100712792115,22025.465794806718,0.9998296376518783,0.35695511930935175,4.624893114078052,4.51967885907613,923.233500992826,963.8339612033571,0.07393213857039097,0.03752310071279212,220.25465794806723,0.4227741804770725,4.507048767845289,0.6502108738533003,2.1229811039774447,4.084274587368216
10,1.0,1.0,0.2,mean,ols,linear,1000,1000,0.1,0,6534.682614195097,22025.465794806718,0.7033123986991513,3.6567020963882815,6522.311143973363,1.133762897919732,445.9867694104548,3.8111600012324085,1.021919897376321,261.38730456780394,881.0186317922689,0.009750614876492487,0.01049374510069092,0.09874520178971982,0.10243898232943804,0.0007431302241984322
10,1.0,1.0,0.2,mean,ols,linear,1000,1000,0.1,1,5.416502222765287,22025.465794806718,0.9997540800147781,0.42682210743845994,6.234325111367075,1.133762897919732,220.73212344892326,821.9222518389608,3.199664760396163,0.2166600889106115,881.0186317922689,0.010253464399086833,0.010269006065633678,0.10125939165868435,0.10133610445262674,1.554166654684462e-05
10,1.0,1.0,0.2,mean,ols,linear,1000,1000,0.1,2,3.7523100712792115,22025.465794806718,0.9998296376518783,0.35695511930935175,4.624893114078052,1.133762897919732,726.0871640155766,869.4953531741643,0.2957285542815639,0.15009240285116848,881.0186317922689,0.009448532564935838,0.009692337470164151,0.09720356251154501,0.09844966973110754,0.0002438049052283127
10,1.0,1.0,0.2,combined,ols,linear,1000,1000,0.1,0,6534.682614195097,22025.465794806718,0.7033123986991513,3.6567020963882815,6522.311143973363,1.133762897919732,445.9867694104548,3.8111600012324085,1.021919897376321,261.38730456780394,881.0186317922689,0.009750614876492487,0.01049374510069092,0.09874520178971982,0.10243898232943804,0.0007431302241984322
10,1.0,1.0,0.2,combined,ols,linear,1000,1000,0.1,1,5.416502222765287,22025.465794806718,0.9997540800147781,0.42682210743845994,6.234325111367075,1.133762897919732,220.73212344892326,821.9222518389608,3.199664760396163,0.2166600889106115,881.0186317922689,0.010253464399086833,0.010269006065633678,0.10125939165868435,0.10133610445262674,1.554166654684462e-05
10,1.0,1.0,0.2,combined,ols,linear,1000,1000,0.1,2,3.7523100712792115,22025.465794806718,0.9998296376518783,0.35695511930935175,4.624893114078052,1.133762897919732,726.0871640155766,869.4953531741643,0.2957285542815639,0.15009240285116848,881.0186317922689,0.009448532564935838,0.009692337470164151,0.09720356251154501,0.09844966973110754,0.0002438049052283127
10,1.0,1.0,0.2,mean,rbf_svr,linear,1000,1000,0.1,0,6534.682614195097,22025.465794806718,0.7033123986991513,3.6567020963882815,6522.311143973363,1.133762897919732,445.9867694104548,3.8111600012324085,1.021919897376321,261.38730456780394,881.0186317922689,0.3726423360938297,10.157752733151998,0.6104443759212052,3.1871229554493183,9.785110397058169
10,1.0,1.0,0.2,mean,rbf_svr,linear,1000,1000,0.1,1,5.416502222765287,22025.465794806718,0.9997540800147781,0.42682210743845994,6.234325111367075,1.133762897919732,220.73212344892326,821.9222518389608,3.199664760396163,0.2166600889106115,881.0186317922689,0.3954393160428208,8.323651303151589,0.6288396584526303,2.8850738817492334,7.928211987108768
10,1.0,1.0,0.2,mean,rbf_svr,linear,1000,1000,0.1,2,3.7523100712792115,22025.465794806718,0.9998296376518783,0.35695511930935175,4.624893114078052,1.133762897919732,726.0871640155766,869.4953531741643,0.2957285542815639,0.15009240285116848,881.0186317922689,0.4227741804770725,9.713512166246058,0.6502108738533003,3.1166507931184815,9.290737985768986
10,1.0,1.0,0.2,combined,rbf_svr,linear,1000,1000,0.1,0,6534.682614195097,22025.465794806718,0.7033123986991513,3.6567020963882815,6522.311143973363,1.133762897919732,445.9867694104548,3.8111600012324085,1.021919897376321,261.38730456780394,881.0186317922689,0.3726423360938297,10.157752733151998,0.6104443759212052,3.1871229554493183,9.785110397058169
10,1.0,1.0,0.2,combined,rbf_svr,linear,1000,1000,0.1,1,5.416502222765287,22025.465794806718,0.9997540800147781,0.42682210743845994,6.234325111367075,1.133762897919732,220.73212344892326,821.9222518389608,3.199664760396163,0.2166600889106115,881.0186317922689,0.3954393160428208,8.323651303151589,0.6288396584526303,2.8850738817492334,7.928211987108768
10,1.0,1.0,0.2,combined,rbf_svr,linear,1000,1000,0.1,2,3.7523100712792115,22025.465794806718,0.9998296376518783,0.35695511930935175,4.624893114078052,1.133762897919732,726.0871640155766,869.4953531741643,0.2957285542815639,0.15009240285116848,881.0186317922689,0.4227741804770725,9.713512166246058,0.6502108738533003,3.1166507931184815,9.290737985768986
10,1.0,1.0,0.3,mean,ols,linear,1000,1000,0.1,0,6534.682614195097,22025.465794806718,0.7033123986991513,3.6567020963882815,6522.311143973363,0.5042122085725242,243.48569875700218,1.6974429041592418,2.2993197690967206,588.1214352775587,1982.2919215326046,0.009750614876492487,0.010483770416373984,0.09874520178971982,0.10239028477533395,0.0007331555398814964
10,1.0,1.0,0.3,mean,ols,linear,1000,1000,0.1,1,5.416502222765287,22025.465794806718,0.9997540800147781,0.42682210743845994,6.234325111367075,0.5042122085725242,106.79266503781055,672.2755964006512,7.1992457108913746,0.4874852000488758,1982.2919215326046,0.010253464399086833,0.010292275568968723,0.10125939165868435,0.1014508529730959,3.881116988188951e-05
10,1.0,1.0,0.3,mean,ols,linear,1000,1000,0.1,2,3.7523100712792115,22025.465794806718,0.9998296376518783,0.35695511930935175,4.624893114078052,0.5042122085725242,507.3747892673109,747.547349615254,0.6653892471335203,0.33770790641512904,1982.2919215326046,0.009448532564935838,0.009664127461319985,0.09720356251154501,0.0983062941083631,0.00021559489638414697
10,1.0,1.0,0.3,combined,ols,linear,1000,1000,0.1,0,6534.682614195097,22025.465794806718,0.7033123986991513,3.6567020963882815,6522.311143973363,0.5042122085725242,243.48569875700218,1.6974429041592418,2.2993197690967206,588.1214352775587,1982.2919215326046,0.009750614876492487,0.010483770416373984,0.09874520178971982,0.10239028477533395,0.0007331555398814964
10,1.0,1.0,0.3,combined,ols,linear,1000,1000,0.1,1,5.416502222765287,22025.465794806718,0.9997540800147781,0.42682210743845994,6.234325111367075,0.5042122085725242,106.79266503781055,672.2755964006512,7.1992457108913746,0.4874852000488758,1982.2919215326046,0.010253464399086833,0.010292275568968723,0.10125939165868435,0.1014508529730959,3.881116988188951e-05
10,1.0,1.0,0.3,combined,ols,linear,1000,1000,0.1,2,3.7523100712792115,22025.465794806718,0.9998296376518783,0.35695511930935175,4.624893114078052,0.5042122085725242,507.3747892673109,747.547349615254,0.6653892471335203,0.33770790641512904,1982.2919215326046,0.009448532564935838,0.009664127461319985,0.09720356251154501,0.0983062941083631,0.00021559489638414697
10,1.0,1.0,0.3,mean,rbf_svr,linear,1000,1000,0.1,0,6534.682614195097,22025.465794806718,0.7033123986991513,3.6567020963882815,6522.311143973363,0.5042122085725242,243.48569875700218,1.6974429041592418,2.2993197690967206,588.1214352775587,1982.2919215326046,0.3726423360938297,13.09622187062677,0.6104443759212052,3.618870247829669,12.723579534532941
10,1.0,1.0,0.3,mean,rbf_svr,linear,1000,1000,0.1,1,5.416502222765287,22025.465794806718,0.9997540800147781,0.42682210743845994,6.234325111367075,0.5042122085725242,106.79266503781055,672.2755964006512,7.1992457108913746,0.4874852000488758,1982.2919215326046,0.3954393160428208,12.379442630201341,0.6288396584526303,3.5184432111661743,11.984003314158521
10,1.0,1.0,0.3,mean,rbf_svr,linear,1000,1000,0.1,2,3.7523100712792115,22025.465794806718,0.9998296376518783,0.35695511930935175,4.624893114078052,0.5042122085725242,507.3747892673109,747.547349615254,0.6653892471335203,0.33770790641512904,1982.2919215326046,0.4227741804770725,14.145664608241576,0.6502108738533003,3.7610722684151625,13.722890427764504
10,1.0,1.0,0.3,combined,rbf_svr,linear,1000,1000,0.1,0,6534.682614195097,22025.465794806718,0.7033123986991513,3.6567020963882815,6522.311143973363,0.5042122085725242,243.48569875700218,1.6974429041592418,2.2993197690967206,588.1214352775587,1982.2919215326046,0.3726423360938297,13.09622187062677,0.6104443759212052,3.618870247829669,12.723579534532941
10,1.0,1.0,0.3,combined,rbf_svr,linear,1000,1000,0.1,1,5.416502222765287,22025.465794806718,0.9997540800147781,0.42682210743845994,6.234325111367075,0.5042122085725242,106.79266503781055,672.2755964006512,7.1992457108913746,0.4874852000488758,1982.2919215326046,0.3954393160428208,12.379442630201341,0.6288396584526303,3.5184432111661743,11.984003314158521
10,1.0,1.0,0.3,combined,rbf_svr,linear,1000,1000,0.1,2,3.7523100712792115,22025.465794806718,0.9998296376518783,0.35695511930935175,4.624893114078052,0.5042122085725242,507.3747892673109,747.547349615254,0.6653892471335203,0.33770790641512904,1982.2919215326046,0.4227741804770725,14.145664608241576,0.6502108738533003,3.7610722684151625,13.722890427764504
10,1.0,1.5,0.0,mean,ols,linear,1000,1000,0.1,0,6534.682614195097,22025.465794806718,0.7033123986991513,3.6567020963882815,6522.311143973363,1000.0,1000.0,1000.0,0.0,0.0,0.0,0.009750614876492487,0.010500961618376301,0.09874520178971982,0.10247419976938732,0.0007503467418838138
10,1.0,1.5,0.0,mean,ols,linear,1000,1000,0.1,1,5.416502222765287,22025.465794806718,0.9997540800147781,0.42682210743845994,6.234325111367075,1000.0,1000.0,1000.0,0.0,0.0,0.0,0.010253464399086833,0.010282274999573598,0.10125939165868435,0.10140155324043906,2.881060048676512e-05
10,1.0,1.5,0.0,mean,ols,linear,1000,1000,0.1,2,3.7523100712792115,22025.465794806718,0.9998296376518783,0.35695511930935175,4.624893114078052,1000.0,1000.0,1000.0,0.0,0.0,0.0,0.009448532564935838,0.00971849253032748,0.09720356251154501,0.09858241491426085,0.0002699599653916418
10,1.0,1.5,0.0,combined,ols,linear,1000,1000,0.1,0,3337.789064526253,2044482139.327676,0.9999983674158849,2.8162944449407523,3330.857550125646,1000.0,1000.0,1000.0,0.0,0.0,0.0,0.009750614876492487,0.010500961618376301,0.09874520178971982,0.10247419976938732,0.0007503467418838138
10,1.0,1.5,0.0,combined,ols,linear,1000,1000,0.1,1,3.7698867979382644,2044482139.327676,0.9999999981560677,0.3848956142231957,4.621742164090008,1000.0,1000.0,1000.0,0.0,0.0,0.0,0.010253464399086833,0.010282274999573598,0.10125939165868435,0.10140155324043906,2.881060048676512e-05
10,1.0,1.5,0.0,combined,ols,linear,1000,1000,0.1,2,1.9795822122376845,2044482139.327676,0.9999999990317439,0.35603097642175385,2.852824156065855,1000.0,1000.0,1000.0,0.0,0.0,0.0,0.009448532564935838,0.00971849253032748,0.09720356251154501,0.09858241491426085,0.0002699599653916418
10,1.0,1.5,0.0,mean,rbf_svr,linear,1000,1000,0.1,0,6534.682614195097,22025.465794806718,0.7033123986991513,3.6567020963882815,6522.311143973363,1000.0,1000.0,1000.0,0.0,0.0,0.0,0.3726423360938297,0.6332057159229931,0.6104443759212052,0.7957422421381142,0.26056337982916344
10,1.0,1.5,0.0,mean,rbf_svr,linear,1000,1000,0.1,1,5.416502222765287,22025.465794806718,0.9997540800147781,0.42682210743845994,6.234325111367075,1000.0,1000.0,1000.0,0.0,0.0,0.0,0.3954393160428208,0.7187992287171141,0.6288396584526303,0.847820280906935,0.3233599126742933
10,1.0,1.5,0.0,mean,rbf_svr,linear,1000,1000,0.1,2,3.7523100712792115,22025.465794806718,0.9998296376518783,0.35695511930935175,4.624893114078052,1000.0,1000.0,1000.0,0.0,0.0,0.0,0.4227741804770725,0.6623028543508742,0.6502108738533003,0.81381991518448,0.23952867387380172
10,1.0,1.5,0.0,combined,rbf_svr,linear,1000,1000,0.1,0,3337.789064526253,2044482139.327676,0.9999983674158849,2.8162944449407523,3330.857550125646,1000.0,1000.0,1000.0,0.0,0.0,0.0,0.3726423360938297,0.6332057159229931,0.6104443759212052,0.7957422421381142,0.26056337982916344
10,1.0,1.5,0.0,combined,rbf_svr,linear,1000,1000,0.1,1,3.7698867979382644,2044482139.327676,0.9999999981560677,0.3848956142231957,4.621742164090008,1000.0,1000.0,1000.0,0.0,0.0,0.0,0.3954393160428208,0.7187992287171141,0.6288396584526303,0.847820280906935,0.3233599126742933
10,1.0,1.5,0.0,combined,rbf_svr,linear,1000,1000,0.1,2,1.9795822122376845,2044482139.327676,0.9999999990317439,0.35603097642175385,2.852824156065855,1000.0,1000.0,1000.0,0.0,0.0,0.0,0.4227741804770725,0.6623028543508742,0.6502108738533003,0.81381991518448,0.23952867387380172
10,1.0,1.5,0.1,mean,ols,linear,1000,1000,0.1,0,6534.682614195097,22025.465794806718,0.7033123986991513,3.6567020963882815,6522.311143973363,4.51967885907613,780.7271290935051,15.072311038066397,0.25547997434408026,65.34682614195098,220.25465794806723,0.009750614876492487,0.010495712597412318,0.09874520178971982,0.10244858514109562,0.0007450977209198309
10,1.0,1.5,0.1,mean,ols,linear,1000,1000,0.1,1,5.416502222765287,22025.465794806718,0.9997540800147781,0.42682210743845994,6.234325111367075,4.51967885907613,543.6848435373105,948.6180805798396,0.7999161900990408,0.054165022227652876,220.25465794806723,0.010253464399086833,0.010312699402524963,0.10125939165868435,0.10155146184336769,5.9235003438129485e-05
10,1.0,1.5,0.1,mean,ols,linear,1000,1000,0.1,2,3.7523100712792115,22025.465794806718,0.9998296376518783,0.35695511930935175,4.624893114078052,4.51967885907613,923.233500992826,963.8339612033571,0.07393213857039097,0.03752310071279212,220.25465794806723,0.009448532564935838,0.009690557452192395,0.09720356251154501,0.09844062907251454,0.00024202488725655683
10,1.0,1.5,0.1,combined,ols,linear,1000,1000,0.1,0,3337.789064526253,2044482139.327676,0.9999983674158849,2.8162944449407523,3330.857550125646,4.891213925775397e-05,906.808845220642,29.08846299846514,0.09189807119304451,33.37789064526253,20444821.393276766,0.009750614876492487,0.010493813925507222,0.09874520178971982,0.10243931825967617,0.0007431990490147349
10,1.0,1.5,0.1,combined,ols,linear,1000,1000,0.1,1,3.7698867979382644,2044482139.327676,0.9999999981560677,0.3848956142231957,4.621742164090008,4.891213925775397e-05,620.4307477925055,963.6707053051043,0.5730974638244546,0.03769886797938265,20444821.393276766,0.010253464399086833,0.0103145713289972,0.10125939165868435,0.10156067806487509,6.110692991036747e-05
10,1.0,1.5,0.1,combined,ols,linear,1000,1000,0.1,2,1.9795822122376845,2044482139.327676,0.9999999990317439,0.35603097642175385,2.852824156065855,4.891213925775397e-05,951.122787043081,980.5884455565053,0.045074446905144096,0.01979582212237685,20444821.393276766,0.009448532564935838,0.009691278102622441,0.09720356251154501,0.09844428933474222,0.00024274553768660265
10,1.0,1.5,0.1,mean,rbf_svr,linear,1000,1000,0.1,0,6534.682614195097,22025.465794806718,0.7033123986991513,3.6567020963882815,6522.311143973363,4.51967885907613,780.7271290935051,15.072311038066397,0.25547997434408026,65.34682614195098,220.25465794806723,0.3726423360938297,5.406999064404053,0.6104443759212052,2.325295478945429,5.034356728310223
10,1.0,1.5,0.1,mean,rbf_svr,linear,1000,1000,0.1,1,5.416502222765287,22025.465794806718,0.9997540800147781,0.42682210743845994,6.234325111367075,4.51967885907613,543.6848435373105,948.6180805798396,0.7999161900990408,0.054165022227652876,220.25465794806723,0.3954393160428208,4.764859122880439,0.6288396584526303,2.1828557265381603,4.369419806837618
10,1.0,1.5,0.1,mean,rbf_svr,linear,1000,1000,0.1,2,3.7523100712792115,22025.465794806718,0.9998296376518783,0.35695511930935175,4.624893114078052,4.51967885907613,923.233500992826,963.8339612033571,0.07393213857039097,0.03752310071279212,220.25465794806723,0.4227741804770725,4.507048767845289,0.6502108738533003,2.1229811039774447,4.084274587368216
10,1.0,1.5,0.1,combined,rbf_svr,linear,1000,1000,0.1,0,3337.789064526253,2044482139.327676,0.9999983674158849,2.8162944449407523,3330.857550125646,4.891213925775397e-05,906.808845220642,29.08846299846514,0.09189807119304451,33.37789064526253,20444821.393276766,0.3726423360938297,7.908494215045263,0.6104443759212052,2.8122045115967764,7.535851878951433
10,1.0,1.5,0.1,combined,rbf_svr,linear,1000,1000,0.1,1,3.7698867979382644,2044482139.327676,0.9999999981560677,0.3848956142231957,4.621742164090008,4.891213925775397e-05,620.4307477925055,963.6707053051043,0.5730974638244546,0.03769886797938265,20444821.393276766,0.3954393160428208,6.786018139491812,0.6288396584526303,2.60499868320347,6.390578823448991
10,1.0,1.5,0.1,combined,rbf_svr,linear,1000,1000,0.1,2,1.9795822122376845,2044482139.327676,0.9999999990317439,0.35603097642175385,2.852824156065855,4.891213925775397e-05,951.122787043081,980.5884455565053,0.045074446905144096,0.01979582212237685,20444821.393276766,0.4227741804770725,6.370189707037366,0.6502108738533003,2.523923474877431,5.9474155265602935
10,1.0,1.5,0.2,mean,ols,linear,1000,1000,0.1,0,6534.682614195097,22025.465794806718,0.7033123986991513,3.6567020963882815,6522.311143973363,1.133762897919732,445.9867694104548,3.8111600012324085,1.021919897376321,261.38730456780394,881.0186317922689,0.009750614876492487,0.01049374510069092,0.09874520178971982,0.10243898232943804,0.0007431302241984322
10,1.0,1.5,0.2,mean,ols,linear,1000,1000,0.1,1,5.416502222765287,22025.465794806718,0.9997540800147781,0.42682210743845994,6.234325111367075,1.133762897919732,220.73212344892326,821.9222518389608,3.199664760396163,0.2166600889106115,881.0186317922689,0.010253464399086833,0.010269006065633678,0.10125939165868435,0.10133610445262674,1.554166654684462e-05
10,1.0,1.5,0.2,mean,ols,linear,1000,1000,0.1,2,3.7523100712792115,22025.465794806718,0.9998296376518783,0.35695511930935175,4.624893114078052,1.133762897919732,726.0871640155766,869.4953531741643,0.2957285542815639,0.15009240285116848,881.0186317922689,0.009448532564935838,0.009692337470164151,0.09720356251154501,0.09844966973110754,0.0002438049052283127
10,1.0,1.5,0.2,combined,ols,linear,1000,1000,0.1,0,3337.789064526253,2044482139.327676,0.9999983674158849,2.8162944449407523,3330.857550125646,1.2228035263013015e-05,683.4005689782024,7.434305131928332,0.36759228477217804,133.51156258105013,81779285.57310706,0.009750614876492487,0.010495365952503923,0.09874520178971982,0.10244689332773309,0.0007447510760114351
10,1.0,1.5,0.2,combined,ols,linear,1000,1000,0.1,1,3.7698867979382644,2044482139.327676,0.9999999981560677,0.3848956142231957,4.621742164090008,1.2228035263013015e-05,276.17488149634255,868.9641421109649,2.2923898552978184,0.1507954719175306,81779285.57310706,0.010253464399086833,0.010277453111412696,0.10125939165868435,0.10137777424767569,2.398871232586232e-05
10,1.0,1.5,0.2,combined,ols,linear,1000,1000,0.1,2,1.9795822122376845,2044482139.327676,0.9999999990317439,0.35603097642175385,2.852824156065855,1.2228035263013015e-05,808.544717170979,926.626654309726,0.18029778762057638,0.0791832884895074,81779285.57310706,0.009448532564935838,0.009696303005187852,0.09720356251154501,0.09846980758175498,0.00024777044025201325
10,1.0,1.5,0.2,mean,rbf_svr,linear,1000,1000,0.1,0,6534.682614195097,22025.465794806718,0.7033123986991513,3.6567020963882815,6522.311143973363,1.133762897919732,445.9867694104548,3.8111600012324085,1.021919897376321,261.38730456780394,881.0186317922689,0.3726423360938297,10.157752733151998,0.6104443759212052,3.1871229554493183,9.785110397058169
10,1.0,1.5,0.2,mean,rbf_svr,linear,1000,1000,0.1,1,5.416502222765287,22025.465794806718,0.9997540800147781,0.42682210743845994,6.234325111367075,1.133762897919732,220.73212344892326,821.9222518389608,3.199664760396163,0.2166600889106115,881.0186317922689,0.3954393160428208,8.323651303151589,0.6288396584526303,2.8850738817492334,7.928211987108768
10,1.0,1.5,0.2,mean,rbf_svr,linear,1000,1000,0.1,2,3.7523100712792115,22025.465794806718,0.9998296376518783,0.35695511930935175,4.624893114078052,1.133762897919732,726.0871640155766,869.4953531741643,0.2957285542815639,0.15009240285116848,881.0186317922689,0.4227741804770725,9.713512166246058,0.6502108738533003,3.1166507931184815,9.290737985768986
10,1.0,1.5,0.2,combined,rbf_svr,linear,1000,1000,0.1,0,3337.789064526253,2044482139.327676,0.9999983674158849,2.8162944449407523,3330.857550125646,1.2228035263013015e-05,683.4005689782024,7.434305131928332,0.36759228477217804,133.51156258105013,81779285.57310706,0.3726423360938297,15.025867922480145,0.6104443759212052,3.876321442099474,14.653225586386316
10,1.0,1.5,0.2,combined,rbf_svr,linear,1000,1000,0.1,1,3.7698867979382644,2044482139.327676,0.9999999981560677,0.3848956142231957,4.621742164090008,1.2228035263013015e-05,276.17488149634255,868.9641421109649,2.2923898552978184,0.1507954719175306,81779285.57310706,0.3954393160428208,12.192481199606123,0.6288396584526303,3.4917733602864494,11.797041883563303
10,1.0,1.5,0.2,combined,rbf_svr,linear,1000,1000,0.1,2,1.9795822122376845,2044482139.327676,0.9999999990317439,0.35603097642175385,2.852824156065855,1.2228035263013015e-05,808.544717170979,926.626654309726,0.18029778762057638,0.0791832884895074,81779285.57310706,0.4227741804770725,13.980175080358158,0.6502108738533003,3.7390072319210828,13.557400899881086
10,1.0,1.5,0.3,mean,ols,linear,1000,1000,0.1,0,6534.682614195097,22025.465794806718,0.7033123986991513,3.6567020963882815,6522.311143973363,0.5042122085725242,243.48569875700218,1.6974429041592418,2.2993197690967206,588.1214352775587,1982.2919215326046,0.009750614876492487,0.010483770416373984,0.09874520178971982,0.10239028477533395,0.0007331555398814964
10,1.0,1.5,0.3,mean,ols,linear,1000,1000,0.1,1,5.416502222765287,22025.465794806718,0.9997540800147781,0.42682210743845994,6.234325111367075,0.5042122085725242,106.79266503781055,672.2755964006512,7.1992457108913746,0.4874852000488758,1982.2919215326046,0.010253464399086833,0.010292275568968723,0.10125939165868435,0.1014508529730959,3.881116988188951e-05
10,1.0,1.5,0.3,mean,ols,linear,1000,1000,0.1,2,3.7523100712792115,22025.465794806718,0.9998296376518783,0.35695511930935175,4.624893114078052,0.5042122085725242,507.3747892673109,747.547349615254,0.6653892471335203,0.33770790641512904,1982.2919215326046,0.009448532564935838,0.009664127461319985,0.09720356251154501,0.0983062941083631,0.00021559489638414697
10,1.0,1.5,0.3,combined,ols,linear,1000,1000,0.1,0,3337.789064526253,2044482139.327676,0.9999983674158849,2.8162944449407523,3330.857550125646,5.434682376036612e-06,457.9424077784476,3.317838851077859,0.8270826407374002,300.40101580736274,184003392.53949085,0.009750614876492487,0.010483853863854978,0.09874520178971982,0.10239069227158774,0.000733238987362491
10,1.0,1.5,0.3,combined,ols,linear,1000,1000,0.1,1,3.7698867979382644,2044482139.327676,0.9999999981560677,0.3848956142231957,4.621742164090008,5.434682376036612e-06,136.40441231684326,746.6643822558609,5.157877174420101,0.3392898118144438,184003392.53949085,0.010253464399086833,0.010310890027755058,0.10125939165868435,0.1015425527931766,5.7425628668224954e-05
10,1.0,1.5,0.3,combined,ols,linear,1000,1000,0.1,2,1.9795822122376845,2044482139.327676,0.9999999990317439,0.35603097642175385,2.852824156065855,5.434682376036612e-06,617.139441303746,848.7794218884598,0.40567002214629705,0.1781623991013916,184003392.53949085,0.009448532564935838,0.009662077400959727,0.09720356251154501,0.09829586665246778,0.00021354483602388855
10,1.0,1.5,0.3,mean,rbf_svr,linear,1000,1000,0.1,0,6534.682614195097,22025.465794806718,0.7033123986991513,3.6567020963882815,6522.311143973363,0.5042122085725242,243.48569875700218,1.6974429041592418,2.2993197690967206,588.1214352775587,1982.2919215326046,0.3726423360938297,13.09622187062677,0.6104443759212052,3.618870247829669,12.723579534532941
10,1.0,1.5,0.3,mean,rbf_svr,linear,1000,1000,0.1,1,5.416502222765287,22025.465794806718,0.9997540800147781,0.42682210743845994,6.234325111367075,0.5042122085725242,106.79266503781055,672.2755964006512,7.1992457108913746,0.4874852000488758,1982.2919215326046,0.3954393160428208,12.379442630201341,0.6288396584526303,3.5184432111661743,11.984003314158521
10,1.0,1.5,0.3,mean,rbf_svr,linear,1000,1000,0.1,2,3.7523100712792115,22025.465794806718,0.9998296376518783,0.35695511930935175,4.624893114078052,0.5042122085725242,507.3747892673109,747.547349615254,0.6653892471335203,0.33770790641512904,1982.2919215326046,0.4227741804770725,14.145664608241576,0.6502108738533003,3.7610722684151625,13.722890427764504
10,1.0,1.5,0.3,combined,rbf_svr,linear,1000,1000,0.1,0,3337.789064526253,2044482139.327676,0.9999983674158849,2.8162944449407523,3330.857550125646,5.434682376036612e-06,457.9424077784476,3.317838851077859,0.8270826407374002,300.40101580736274,184003392.53949085,0.3726423360938297,19.51619249159817,0.6104443759212052,4.417713491343476,19.14355015550434
10,1.0,1.5,0.3,combined,rbf_svr,linear,1000,1000,0.1,1,3.7698867979382644,2044482139.327676,0.9999999981560677,0.3848956142231957,4.621742164090008,5.434682376036612e-06,136.40441231684326,746.6643822558609,5.157877174420101,0.3392898118144438,184003392.53949085,0.3954393160428208,18.24500445202431,0.6288396584526303,4.271417147976104,17.84956513598149
10,1.0,1.5,0.3,combined,rbf_svr,linear,1000,1000,0.1,2,1.9795822122376845,2044482139.327676,0.9999999990317439,0.35603097642175385,2.852824156065855,5.434682376036612e-06,617.139441303746,848.7794218884598,0.40567002214629705,0.1781623991013916,184003392.53949085,0.4227741804770725,20.552277372038997,0.6502108738533003,4.533461963228433,20.129503191561923
10,1.0,2.0,0.0,mean,ols,linear,1000,1000,0.1,0,6534.682614195097,22025.465794806718,0.7033123986991513,3.6567020963882815,6522.311143973363,1000.0,1000.0,1000.0,0.0,0.0,0.0,0.009750614876492487,0.010500961618376301,0.09874520178971982,0.10247419976938732,0.0007503467418838138
10,1.0,2.0,0.0,mean,ols,linear,1000,1000,0.1,1,5.416502222765287,22025.465794806718,0.9997540800147781,0.42682210743845994,6.234325111367075,1000.0,1000.0,1000.0,0.0,0.0,0.0,0.010253464399086833,0.010282274999573598,0.10125939165868435,0.10140155324043906,2.881060048676512e-05
10,1.0,2.0,0.0,mean,ols,linear,1000,1000,0.1,2,3.7523100712792115,22025.465794806718,0.9998296376518783,0.35695511930935175,4.624893114078052,1000.0,1000.0,1000.0,0.0,0.0,0.0,0.009448532564935838,0.00971849253032748,0.09720356251154501,0.09858241491426085,0.0002699599653916418
10,1.0,2.0,0.0,combined,ols,linear,1000,1000,0.1,0,1124.742847741974,inf,inf,1.855112132691349,1122.3014067171152,,1000.0,1000.0,0.0,0.0,,0.009750614876492487,0.010500961618376301,0.09874520178971982,0.10247419976938732,0.0007503467418838138
10,1.0,2.0,0.0,combined,ols,linear,1000,1000,0.1,1,2.586541511327027,inf,inf,0.329063528297129,3.4782587056716756,,1000.0,1000.0,0.0,0.0,,0.010253464399086833,0.010282274999573598,0.10125939165868435,0.10140155324043906,2.881060048676512e-05
10,1.0,2.0,0.0,combined,ols,linear,1000,1000,0.1,2,3.080101778654943,inf,inf,0.3546946166409867,3.954293507580848,,1000.0,1000.0,0.0,0.0,,0.009448532564935838,0.00971849253032748,0.09720356251154501,0.09858241491426085,0.0002699599653916418
10,1.0,2.0,0.0,mean,rbf_svr,linear,1000,1000,0.1,0,6534.682614195097,22025.465794806718,0.7033123986991513,3.6567020963882815,6522.311143973363,1000.0,1000.0,1000.0,0.0,0.0,0.0,0.3726423360938297,0.6332057159229931,0.6104443759212052,0.7957422421381142,0.26056337982916344
10,1.0,2.0,0.0,mean,rbf_svr,linear,1000,1000,0.1,1,5.416502222765287,22025.465794806718,0.9997540800147781,0.42682210743845994,6.234325111367075,1000.0,1000.0,1000.0,0.0,0.0,0.0,0.3954393160428208,0.7187992287171141,0.6288396584526303,0.847820280906935,0.3233599126742933
10,1.0,2.0,0.0,mean,rbf_svr,linear,1000,1000,0.1,2,3.7523100712792115,22025.465794806718,0.9998296376518783,0.35695511930935175,4.624893114078052,1000.0,1000.0,1000.0,0.0,0.0,0.0,0.4227741804770725,0.6623028543508742,0.6502108738533003,0.81381991518448,0.23952867387380172
10,1.0,2.0,0.0,combined,rbf_svr,linear,1000,1000,0.1,0,1124.742847741974,inf,inf,1.855112132691349,1122.3014067171152,,1000.0,1000.0,0.0,0.0,,0.3726423360938297,0.6332057159229931,0.6104443759212052,0.7957422421381142,0.26056337982916344
10,1.0,2.0,0.0,combined,rbf_svr,linear,1000,1000,0.1,1,2.586541511327027,inf,inf,0.329063528297129,3.4782587056716756,,1000.0,1000.0,0.0,0.0,,0.3954393160428208,0.7187992287171141,0.6288396584526303,0.847820280906935,0.3233599126742933
10,1.0,2.0,0.0,combined,rbf_svr,linear,1000,1000,0.1,2,3.080101778654943,inf,inf,0.3546946166409867,3.954293507580848,,1000.0,1000.0,0.0,0.0,,0.4227741804770725,0.6623028543508742,0.6502108738533003,0.81381991518448,0.23952867387380172
10,1.0,2.0,0.1,mean,ols,linear,1000,1000,0.1,0,6534.682614195097,22025.465794806718,0.7033123986991513,3.6567020963882815,6522.311143973363,4.51967885907613,780.7271290935051,15.072311038066397,0.25547997434408026,65.34682614195098,220.25465794806723,0.009750614876492487,0.010495712597412318,0.09874520178971982,0.10244858514109562,0.0007450977209198309
10,1.0,2.0,0.1,mean,ols,linear,1000,1000,0.1,1,5.416502222765287,22025.465794806718,0.9997540800147781,0.42682210743845994,6.234325111367075,4.51967885907613,543.6848435373105,948.6180805798396,0.7999161900990408,0.054165022227652876,220.25465794806723,0.010253464399086833,0.010312699402524963,0.10125939165868435,0.10155146184336769,5.9235003438129485e-05
10,1.0,2.0,0.1,mean,ols,linear,1000,1000,0.1,2,3.7523100712792115,22025.465794806718,0.9998296376518783,0.35695511930935175,4.624893114078052,4.51967885907613,923.233500992826,963.8339612033571,0.07393213857039097,0.03752310071279212,220.25465794806723,0.009448532564935838,0.009690557452192395,0.09720356251154501,0.09844062907251454,0.00024202488725655683
10,1.0,2.0,0.1,combined,ols,linear,1000,1000,0.1,0,1124.742847741974,inf,inf,1.855112132691349,1122.3014067171152,0.0,950.0359273988431,81.64979300296984,0.04617011175186746,11.247428477419742,inf,0.009750614876492487,0.010492668225046149,0.09874520178971982,0.10243372601368238,0.0007420533485536611
10,1.0,2.0,0.1,combined,ols,linear,1000,1000,0.1,1,2.586541511327027,inf,inf,0.329063528297129,3.4782587056716756,0.0,550.1619323349483,974.786736415698,0.753287417857668,0.025865415113270274,inf,0.010253464399086833,0.010316703113818076,0.10125939165868435,0.10157117265158494,6.323871473124312e-05
10,1.0,2.0,0.1,combined,ols,linear,1000,1000,0.1,2,3.080101778654943,inf,inf,0.3546946166409867,3.954293507580848,0.0,974.5268615224803,970.1193370446133,0.02251630634441318,0.030801017786549437,inf,0.009448532564935838,0.009692406441947344,0.09720356251154501,0.09845002002004542,0.00024387387701150544
10,1.0,2.0,0.1,mean,rbf_svr,linear,1000,1000,0.1,0,6534.682614195097,22025.465794806718,0.7033123986991513,3.6567020963882815,6522.311143973363,4.51967885907613,780.7271290935051,15.072311038066397,0.25547997434408026,65.34682614195098,220.25465794806723,0.3726423360938297,5.406999064404053,0.6104443759212052,2.325295478945429,5.034356728310223
10,1.0,2.0,0.1,mean,rbf_svr,linear,1000,1000,0.1,1,5.416502222765287,22025.465794806718,0.9997540800147781,0.42682210743845994,6.234325111367075,4.51967885907613,543.6848435373105,948.6180805798396,0.7999161900990408,0.054165022227652876,220.25465794806723,0.3954393160428208,4.764859122880439,0.6288396584526303,2.1828557265381603,4.369419806837618
10,1.0,2.0,0.1,mean,rbf_svr,linear,1000,1000,0.1,2,3.7523100712792115,22025.465794806718,0.9998296376518783,0.35695511930935175,4.624893114078052,4.51967885907613,923.233500992826,963.8339612033571,0.07393213857039097,0.03752310071279212,220.25465794806723,0.4227741804770725,4.507048767845289,0.6502108738533003,2.1229811039774447,4.084274587368216
10,1.0,2.0,0.1,combined,rbf_svr,linear,1000,1000,0.1,0,1124.742847741974,inf,inf,1.855112132691349,1122.3014067171152,0.0,950.0359273988431,81.64979300296984,0.04617011175186746,11.247428477419742,inf,0.3726423360938297,10.11212510191195,0.6104443759212052,3.1799567767364305,9.73948276581812
10,1.0,2.0,0.1,combined,rbf_svr,linear,1000,1000,0.1,1,2.586541511327027,inf,inf,0.329063528297129,3.4782587056716756,0.0,550.1619323349483,974.786736415698,0.753287417857668,0.025865415113270274,inf,0.3954393160428208,8.537884836236048,0.6288396584526303,2.9219659197595114,8.142445520193228
10,1.0,2.0,0.1,combined,rbf_svr,linear,1000,1000,0.1,2,3.080101778654943,inf,inf,0.3546946166409867,3.954293507580848,0.0,974.5268615224803,970.1193370446133,0.02251630634441318,0.030801017786549437,inf,0.4227741804770725,7.9727040243076495,0.6502108738533003,2.823597709360816,7.549929843830577
10,1.0,2.0,0.2,mean,ols,linear,1000,1000,0.1,0,6534.682614195097,22025.465794806718,0.7033123986991513,3.6567020963882815,6522.311143973363,1.133762897919732,445.9867694104548,3.8111600012324085,1.021919897376321,261.38730456780394,881.0186317922689,0.009750614876492487,0.01049374510069092,0.09874520178971982,0.10243898232943804,0.0007431302241984322
10,1.0,2.0,0.2,mean,ols,linear,1000,1000,0.1,1,5.416502222765287,22025.465794806718,0.9997540800147781,0.42682210743845994,6.234325111367075,1.133762897919732,220.73212344892326,821.9222518389608,3.199664760396163,0.2166600889106115,881.0186317922689,0.010253464399086833,0.010269006065633678,0.10125939165868435,0.10133610445262674,1.554166654684462e-05
10,1.0,2.0,0.2,mean,ols,linear,1000,1000,0.1,2,3.7523100712792115,22025.465794806718,0.9998296376518783,0.35695511930935175,4.624893114078052,1.133762897919732,726.0871640155766,869.4953531741643,0.2957285542815639,0.15009240285116848,881.0186317922689,0.009448532564935838,0.009692337470164151,0.09720356251154501,0.09844966973110754,0.0002438049052283127
10,1.0,2.0,0.2,combined,ols,linear,1000,1000,0.1,0,1124.742847741974,inf,inf,1.855112132691349,1122.3014067171152,0.0,805.0960911441845,21.743992623305722,0.18468044700746983,44.98971390967897,inf,0.009750614876492487,0.010497709961395768,0.09874520178971982,0.10245833280605228,0.0007470950849032803
10,1.0,2.0,0.2,combined,ols,linear,1000,1000,0.1,1,2.586541511327027,inf,inf,0.329063528297129,3.4782587056716756,0.0,218.99270243627404,906.2390075151321,3.0131496714306714,0.1034616604530811,inf,0.010253464399086833,0.010285745725437797,0.10125939165868435,0.10141866556723075,3.228132635096394e-05
10,1.0,2.0,0.2,combined,ols,linear,1000,1000,0.1,2,3.080101778654943,inf,inf,0.3546946166409867,3.954293507580848,0.0,890.4790880429583,890.3101632987571,0.09006522537765269,0.12320407114619775,inf,0.009448532564935838,0.009700754099991797,0.09720356251154501,0.09849240630623153,0.00025222153505595826
10,1.0,2.0,0.2,mean,rbf_svr,linear,1000,1000,0.1,0,6534.682614195097,22025.465794806718,0.7033123986991513,3.6567020963882815,6522.311143973363,1.133762897919732,445.9867694104548,3.8111600012324085,1.021919897376321,261.38730456780394,881.0186317922689,0.3726423360938297,10.157752733151998,0.6104443759212052,3.1871229554493183,9.785110397058169
10,1.0,2.0,0.2,mean,rbf_svr,linear,1000,1000,0.1,1,5.416502222765287,22025.465794806718,0.9997540800147781,0.42682210743845994,6.234325111367075,1.133762897919732,220.73212344892326,821.9222518389608,3.199664760396163,0.2166600889106115,881.0186317922689,0.3954393160428208,8.323651303151589,0.6288396584526303,2.8850738817492334,7.928211987108768
10,1.0,2.0,0.2,mean,rbf_svr,linear,1000,1000,0.1,2,3.7523100712792115,22025.465794806718,0.9998296376518783,0.35695511930935175,4.624893114078052,1.133762897919732,726.0871640155766,869.4953531741643,0.2957285542815639,0.15009240285116848,881.0186317922689,0.4227741804770725,9.713512166246058,0.6502108738533003,3.1166507931184815,9.290737985768986
10,1.0,2.0,0.2,combined,rbf_svr,linear,1000,1000,0.1,0,1124.742847741974,inf,inf,1.855112132691349,1122.3014067171152,0.0,805.0960911441845,21.743992623305722,0.18468044700746983,44.98971390967897,inf,0.3726423360938297,19.275438088130944,0.6104443759212052,4.390380175808349,18.902795752037115
10,1.0,2.0,0.2,combined,rbf_svr,linear,1000,1000,0.1,1,2.586541511327027,inf,inf,0.329063528297129,3.4782587056716756,0.0,218.99270243627404,906.2390075151321,3.0131496714306714,0.1034616604530811,inf,0.3954393160428208,15.582732426187013,0.6288396584526303,3.9474969824164545,15.187293110144193
10,1.0,2.0,0.2,combined,rbf_svr,linear,1000,1000,0.1,2,3.080101778654943,inf,inf,0.3546946166409867,3.954293507580848,0.0,890.4790880429583,890.3101632987571,0.09006522537765269,0.12320407114619775,inf,0.4227741804770725,17.62084943774289,0.6502108738533003,4.197719552059533,17.198075257265817
10,1.0,2.0,0.3,mean,ols,linear,1000,1000,0.1,0,6534.682614195097,22025.465794806718,0.7033123986991513,3.6567020963882815,6522.311143973363,0.5042122085725242,243.48569875700218,1.6974429041592418,2.2993197690967206,588.1214352775587,1982.2919215326046,0.009750614876492487,0.010483770416373984,0.09874520178971982,0.10239028477533395,0.0007331555398814964
10,1.0,2.0,0.3,mean,ols,linear,1000,1000,0.1,1,5.416502222765287,22025.465794806718,0.9997540800147781,0.42682210743845994,6.234325111367075,0.5042122085725242,106.79266503781055,672.2755964006512,7.1992457108913746,0.4874852000488758,1982.2919215326046,0.010253464399086833,0.010292275568968723,0.10125939165868435,0.1014508529730959,3.881116988188951e-05
10,1.0,2.0,0.3,mean,ols,linear,1000,1000,0.1,2,3.7523100712792115,22025.465794806718,0.9998296376518783,0.35695511930935175,4.624893114078052,0.5042122085725242,507.3747892673109,747.547349615254,0.6653892471335203,0.33770790641512904,1982.2919215326046,0.009448532564935838,0.009664127461319985,0.09720356251154501,0.0983062941083631,0.00021559489638414697
10,1.0,2.0,0.3,combined,ols,linear,1000,1000,0.1,0,1124.742847741974,inf,inf,1.855112132691349,1122.3014067171152,0.0,612.1754752928811,9.782165237448678,0.4155310057668071,101.22685629677765,inf,0.009750614876492487,0.010485316678289577,0.09874520178971982,0.10239783532033075,0.0007347018017970896
10,1.0,2.0,0.3,combined,ols,linear,1000,1000,0.1,1,2.586541511327027,inf,inf,0.329063528297129,3.4782587056716756,0.0,102.2040945559765,811.1689949641436,6.779586760719025,0.23278873601943242,inf,0.010253464399086833,0.010328202882284341,0.10125939165868435,0.10162776629585214,7.473848319750759e-05
10,1.0,2.0,0.3,combined,ols,linear,1000,1000,0.1,2,3.080101778654943,inf,inf,0.3546946166409867,3.954293507580848,0.0,751.7495618794934,782.9571156052385,0.20264675709971822,0.27720916007894486,inf,0.009448532564935838,0.009661906667117989,0.09720356251154501,0.09829499817955127,0.00021337410218215044
10,1.0,2.0,0.3,mean,rbf_svr,linear,1000,1000,0.1,0,6534.682614195097,22025.465794806718,0.7033123986991513,3.6567020963882815,6522.311143973363,0.5042122085725242,243.48569875700218,1.6974429041592418,2.2993197690967206,588.1214352775587,1982.2919215326046,0.3726423360938297,13.09622187062677,0.6104443759212052,3.618870247829669,12.723579534532941
10,1.0,2.0,0.3,mean,rbf_svr,linear,1000,1000,0.1,1,5.416502222765287,22025.465794806718,0.9997540800147781,0.42682210743845994,6.234325111367075,0.5042122085725242,106.79266503781055,672.2755964006512,7.1992457108913746,0.4874852000488758,1982.2919215326046,0.3954393160428208,12.379442630201341,0.6288396584526303,3.5184432111661743,11.984003314158521
10,1.0,2.0,0.3,mean,rbf_svr,linear,1000,1000,0.1,2,3.7523100712792115,22025.465794806718,0.9998296376518783,0.35695511930935175,4.624893114078052,0.5042122085725242,507.3747892673109,747.547349615254,0.6653892471335203,0.33770790641512904,1982.2919215326046,0.4227741804770725,14.145664608241576,0.6502108738533003,3.7610722684151625,13.722890427764504
10,1.0,2.0,0.3,combined,rbf_svr,linear,1000,1000,0.1,0,1124.742847741974,inf,inf,1.855112132691349,1122.3014067171152,0.0,612.1754752928811,9.782165237448678,0.4155310057668071,101.22685629677765,inf,0.3726423360938297,25.11726363603151,0.6104443759212052,5.011712644997866,24.74462129993768
10,1.0,2.0,0.3,combined,rbf_svr,linear,1000,1000,0.1,1,2.586541511327027,inf,inf,0.329063528297129,3.4782587056716756,0.0,102.2040945559765,811.1689949641436,6.779586760719025,0.23278873601943242,inf,0.3954393160428208,23.36763753760302,0.6288396584526303,4.834008433753816,22.9721982215602
10,1.0,2.0,0.3,combined,rbf_svr,linear,1000,1000,0.1,2,3.080101778654943,inf,inf,0.3546946166409867,3.954293507580848,0.0,751.7495618794934,782.9571156052385,0.20264675709971822,0.27720916007894486,inf,0.4227741804770725,26.020903973511533,0.6502108738533003,5.101068904995455,25.59812979303446
10,1.5,1.0,0.0,mean,ols,linear,1000,1000,0.1,0,8894.140423931201,5910522062.023291,0.999998495202229,3.2685533532089304,8884.456982908441,1000.0,1000.0,1000.0,0.0,0.0,0.0,0.009750614876492487,0.010500961618376301,0.09874520178971982,0.10247419976938732,0.0007503467418838138
10,1.5,1.0,0.0,mean,ols,linear,1000,1000,0.1,1,0.0,5910522062.023291,1.0,0.03344993871098847,0.10193662460248867,1000.0,1000.0,1000.0,0.0,0.0,0.0,0.010253464399086833,0.010282274999573598,0.10125939165868435,0.10140155324043906,2.881060048676512e-05
10,1.5,1.0,0.0,mean,ols,linear,1000,1000,0.1,2,0.0,5910522062.023291,1.0,0.026245903086865665,0.06966018363108754,1000.0,1000.0,1000.0,0.0,0.0,0.0,0.009448532564935838,0.00971849253032748,0.09720356251154501,0.09858241491426085,0.0002699599653916418
10,1.5,1.0,0.0,combined,ols,linear,1000,1000,0.1,0,8894.140423931201,5910522062.023291,0.999998495202229,3.2685533532089304,8884.456982908441,1000.0,1000.0,1000.0,0.0,0.0,0.0,0.009750614876492487,0.010500961618376301,0.09874520178971982,0.10247419976938732,0.0007503467418838138
10,1.5,1.0,0.0,combined,ols,linear,1000,1000,0.1,1,0.0,5910522062.023291,1.0,0.03344993871098847,0.10193662460248867,1000.0,1000.0,1000.0,0.0,0.0,0.0,0.010253464399086833,0.010282274999573598,0.10125939165868435,0.10140155324043906,2.881060048676512e-05
10,1.5,1.0,0.0,combined,ols,linear,1000,1000,0.1,2,0.0,5910522062.023291,1.0,0.026245903086865665,0.06966018363108754,1000.0,1000.0,1000.0,0.0,0.0,0.0,0.009448532564935838,0.00971849253032748,0.09720356251154501,0.09858241491426085,0.0002699599653916418
10,1.5,1.0,0.0,mean,rbf_svr,linear,1000,1000,0.1,0,8894.140423931201,5910522062.023291,0.999998495202229,3.2685533532089304,8884.456982908441,1000.0,1000.0,1000.0,0.0,0.0,0.0,0.3726423360938297,0.6332057159229931,0.6104443759212052,0.7957422421381142,0.26056337982916344
10,1.5,1.0,0.0,mean,rbf_svr,linear,1000,1000,0.1,1,0.0,5910522062.023291,1.0,0.03344993871098847,0.10193662460248867,1000.0,1000.0,1000.0,0.0,0.0,0.0,0.3954393160428208,0.7187992287171141,0.6288396584526303,0.847820280906935,0.3233599126742933
10,1.5,1.0,0.0,mean,rbf_svr,linear,1000,1000,0.1,2,0.0,5910522062.023291,1.0,0.026245903086865665,0.06966018363108754,1000.0,1000.0,1000.0,0.0,0.0,0.0,0.4227741804770725,0.6623028543508742,0.6502108738533003,0.81381991518448,0.23952867387380172
10,1.5,1.0,0.0,combined,rbf_svr,linear,1000,1000,0.1,0,8894.140423931201,5910522062.023291,0.999998495202229,3.2685533532089304,8884.456982908441,1000.0,1000.0,1000.0,0.0,0.0,0.0,0.3726423360938297,0.6332057159229931,0.6104443759212052,0.7957422421381142,0.26056337982916344
10,1.5,1.0,0.0,combined,rbf_svr,linear,1000,1000,0.1,1,0.0,5910522062.023291,1.0,0.03344993871098847,0.10193662460248867,1000.0,1000.0,1000.0,0.0,0.0,0.0,0.3954393160428208,0.7187992287171141,0.6288396584526303,0.847820280906935,0.3233599126742933
10,1.5,1.0,0.0,combined,rbf_svr,linear,1000,1000,0.1,2,0.0,5910522062.023291,1.0,0.026245903086865665,0.06966018363108754,1000.0,1000.0,1000.0,0.0,0.0,0.0,0.4227741804770725,0.6623028543508742,0.6502108738533003,0.81381991518448,0.23952867387380172
10,1.5,1.0,0.1,mean,ols,linear,1000,1000,0.1,0,8894.140423931201,5910522062.023291,0.999998495202229,3.2685533532089304,8884.456982908441,1.6918978942761966e-05,979.9626408171623,11.118349868534908,0.016835019400073276,88.94140423931204,59105220.62023292,0.009750614876492487,0.010529833897341906,0.09874520178971982,0.10261497891312898,0.0007792190208494188
10,1.5,1.0,0.1,mean,ols,linear,1000,1000,0.1,1,0.0,5910522062.023291,1.0,0.03344993871098847,0.10193662460248867,1.6918978942761966e-05,888.831966258691,1000.0,0.10474968603152625,0.0,59105220.62023292,0.010253464399086833,0.010350367926867773,0.10125939165868435,0.1017367579927126,9.690352778093936e-05
10,1.5,1.0,0.1,mean,ols,linear,1000,1000,0.1,2,0.0,5910522062.023291,1.0,0.026245903086865665,0.06966018363108754,1.6918978942761966e-05,998.5466684345047,1000.0,0.0011898128484625137,0.0,59105220.62023292,0.009448532564935838,0.00968850045896502,0.09720356251154501,0.09843018063056178,0.0002399678940291812
10,1.5,1.0,0.1,combined,ols,linear,1000,1000,0.1,0,8894.140423931201,5910522062.023291,0.999998495202229,3.2685533532089304,8884.456982908441,1.6918978942761966e-05,979.9626408171623,11.118349868534908,0.016835019400073276,88.94140423931204,59105220.62023292,0.009750614876492487,0.010529833897341906,0.09874520178971982,0.10261497891312898,0.0007792190208494188
10,1.5,1.0,0.1,combined,ols,linear,1000,1000,0.1,1,0.0,5910522062.023291,1.0,0.03344993871098847,0.10193662460248867,1.6918978942761966e-05,888.831966258691,1000.0,0.10474968603152625,0.0,59105220.62023292,0.010253464399086833,0.010350367926867773,0.10125939165868435,0.1017367579927126,9.690352778093936e-05
10,1.5,1.0,0.1,combined,ols,linear,1000,1000,0.1,2,0.0,5910522062.023291,1.0,0.026245903086865665,0.06966018363108754,1.6918978942761966e-05,998.5466684345047,1000.0,0.0011898128484625137,0.0,59105220.62023292,0.009448532564935838,0.00968850045896502,0.09720356251154501,0.09843018063056178,0.0002399678940291812
10,1.5,1.0,0.1,mean,rbf_svr,linear,1000,1000,0.1,0,8894.140423931201,5910522062.023291,0.999998495202229,3.2685533532089304,8884.456982908441,1.6918978942761966e-05,979.9626408171623,11.118349868534908,0.016835019400073276,88.94140423931204,59105220.62023292,0.3726423360938297,19.610320591700678,0.6104443759212052,4.428354162857875,19.23767825560685
10,1.5,1.0,0.1,mean,rbf_svr,linear,1000,1000,0.1,1,0.0,5910522062.023291,1.0,0.03344993871098847,0.10193662460248867,1.6918978942761966e-05,888.831966258691,1000.0,0.10474968603152625,0.0,59105220.62023292,0.3954393160428208,16.6398352819783,0.6288396584526303,4.079195420910636,16.244395965935478
10,1.5,1.0,0.1,mean,rbf_svr,linear,1000,1000,0.1,2,0.0,5910522062.023291,1.0,0.026245903086865665,0.06966018363108754,1.6918978942761966e-05,998.5466684345047,1000.0,0.0011898128484625137,0.0,59105220.62023292,0.4227741804770725,16.012812494675146,0.6502108738533003,4.001601241337665,15.590038314198074
10,1.5,1.0,0.1,combined,rbf_svr,linear,1000,1000,0.1,0,8894.140423931201,5910522062.023291,0.999998495202229,3.2685533532089304,8884.456982908441,1.6918978942761966e-05,979.9626408171623,11.118349868534908,0.016835019400073276,88.94140423931204,59105220.62023292,0.3726423360938297,19.610320591700678,0.6104443759212052,4.428354162857875,19.23767825560685
10,1.5,1.0,0.1,combined,rbf_svr,linear,1000,1000,0.1,1,0.0,5910522062.023291,1.0,0.03344993871098847,0.10193662460248867,1.6918978942761966e-05,888.831966258691,1000.0,0.10474968603152625,0.0,59105220.62023292,0.3954393160428208,16.6398352819783,0.6288396584526303,4.079195420910636,16.244395965935478
10,1.5,1.0,0.1,combined,rbf_svr,linear,1000,1000,0.1,2,0.0,5910522062.023291,1.0,0.026245903086865665,0.06966018363108754,1.6918978942761966e-05,998.5466684345047,1000.0,0.0011898128484625137,0.0,59105220.62023292,0.4227741804770725,16.012812494675146,0.6502108738533003,4.001601241337665,15.590038314198074
10,1.5,1.0,0.2,mean,ols,linear,1000,1000,0.1,0,8894.140423931201,5910522062.023291,0.999998495202229,3.2685533532089304,8884.456982908441,4.229744789362714e-06,907.8004641764082,2.8029606903510316,0.0673400776002931,355.76561695724814,236420882.48093167,0.009750614876492487,0.010534026472854873,0.09874520178971982,0.10263540555215278,0.000783411596362386
10,1.5,1.0,0.2,mean,ols,linear,1000,1000,0.1,1,0.0,5910522062.023291,1.0,0.03344993871098847,0.10193662460248867,4.229744789362714e-06,621.7036024762542,1000.0,0.41899874412610516,0.0,236420882.48093167,0.010253464399086833,0.010325161693017051,0.10125939165868435,0.10161280280071527,7.169729393021775e-05
10,1.5,1.0,0.2,mean,ols,linear,1000,1000,0.1,2,0.0,5910522062.023291,1.0,0.026245903086865665,0.06966018363108754,4.229744789362714e-06,992.759436418994,1000.0,0.004759251393850057,0.0,236420882.48093167,0.009448532564935838,0.009688115038189529,0.09720356251154501,0.09842822277268613,0.00023958247325369005
10,1.5,1.0,0.2,combined,ols,linear,1000,1000,0.1,0,8894.140423931201,5910522062.023291,0.999998495202229,3.2685533532089304,8884.456982908441,4.229744789362714e-06,907.8004641764082,2.8029606903510316,0.0673400776002931,355.76561695724814,236420882.48093167,0.009750614876492487,0.010534026472854873,0.09874520178971982,0.10263540555215278,0.000783411596362386
10,1.5,1.0,0.2,combined,ols,linear,1000,1000,0.1,1,0.0,5910522062.023291,1.0,0.03344993871098847,0.10193662460248867,4.229744789362714e-06,621.7036024762542,1000.0,0.41899874412610516,0.0,236420882.48093167,0.010253464399086833,0.010325161693017051,0.10125939165868435,0.10161280280071527,7.169729393021775e-05
10,1.5,1.0,0.2,combined,ols,linear,1000,1000,0.1,2,0.0,5910522062.023291,1.0,0.026245903086865665,0.06966018363108754,4.229744789362714e-06,992.759436418994,1000.0,0.004759251393850057,0.0,236420882.48093167,0.009448532564935838,0.009688115038189529,0.09720356251154501,0.09842822277268613,0.00023958247325369005
10,1.5,1.0,0.2,mean,rbf_svr,linear,1000,1000,0.1,0,8894.140423931201,5910522062.023291,0.999998495202229,3.2685533532089304,8884.456982908441,4.229744789362714e-06,907.8004641764082,2.8029606903510316,0.0673400776002931,355.76561695724814,236420882.48093167,0.3726423360938297,36.693943342439134,0.6104443759212052,6.057552586848845,36.3213010063453
10,1.5,1.0,0.2,mean,rbf_svr,linear,1000,1000,0.1,1,0.0,5910522062.023291,1.0,0.03344993871098847,0.10193662460248867,4.229744789362714e-06,621.7036024762542,1000.0,0.41899874412610516,0.0,236420882.48093167,0.3954393160428208,32.41678907487218,0.6288396584526303,5.6935743672031,32.02134975882936
10,1.5,1.0,0.2,mean,rbf_svr,linear,1000,1000,0.1,2,0.0,5910522062.023291,1.0,0.026245903086865665,0.06966018363108754,4.229744789362714e-06,992.759436418994,1000.0,0.004759251393850057,0.0,236420882.48093167,0.4227741804770725,35.05175301277491,0.6502108738533003,5.920452095302766,34.62897883229784
10,1.5,1.0,0.2,combined,rbf_svr,linear,1000,1000,0.1,0,8894.140423931201,5910522062.023291,0.999998495202229,3.2685533532089304,8884.456982908441,4.229744789362714e-06,907.8004641764082,2.8029606903510316,0.0673400776002931,355.76561695724814,236420882.48093167,0.3726423360938297,36.693943342439134,0.6104443759212052,6.057552586848845,36.3213010063453
10,1.5,1.0,0.2,combined,rbf_svr,linear,1000,1000,0.1,1,0.0,5910522062.023291,1.0,0.03344993871098847,0.10193662460248867,4.229744789362714e-06,621.7036024762542,1000.0,0.41899874412610516,0.0,236420882.48093167,0.3954393160428208,32.41678907487218,0.6288396584526303,5.6935743672031,32.02134975882936
10,1.5,1.0,0.2,combined,rbf_svr,linear,1000,1000,0.1,2,0.0,5910522062.023291,1.0,0.026245903086865665,0.06966018363108754,4.229744789362714e-06,992.759436418994,1000.0,0.004759251393850057,0.0,236420882.48093167,0.4227741804770725,35.05175301277491,0.6502108738533003,5.920452095302766,34.62897883229784
10,1.5,1.0,0.3,mean,ols,linear,1000,1000,0.1,0,8894.140423931201,5910522062.023291,0.999998495202229,3.2685533532089304,8884.456982908441,1.8798865774675623e-06,774.38871140595,1.247703230772169,0.15151517460065916,800.4726381538081,531946985.58209616,0.009750614876492487,0.01054995984890067,0.09874520178971982,0.10271299746819129,0.0007993449724081822
10,1.5,1.0,0.3,mean,ols,linear,1000,1000,0.1,1,0.0,5910522062.023291,1.0,0.03344993871098847,0.10193662460248867,1.8798865774675623e-06,370.2377629605866,1000.0,0.942747174283735,0.0,531946985.58209616,0.010253464399086833,0.010380226082136281,0.10125939165868435,0.1018833945357941,0.00012676168304944814
10,1.5,1.0,0.3,mean,ols,linear,1000,1000,0.1,2,0.0,5910522062.023291,1.0,0.026245903086865665,0.06966018363108754,1.8798865774675623e-06,979.2825540573423,1000.0,0.01070831563616262,0.0,531946985.58209616,0.009448532564935838,0.009667209685948286,0.09720356251154501,0.09832196949791173,0.00021867712101244705
10,1.5,1.0,0.3,combined,ols,linear,1000,1000,0.1,0,8894.140423931201,5910522062.023291,0.999998495202229,3.2685533532089304,8884.456982908441,1.8798865774675623e-06,774.38871140595,1.247703230772169,0.15151517460065916,800.4726381538081,531946985.58209616,0.009750614876492487,0.01054995984890067,0.09874520178971982,0.10271299746819129,0.0007993449724081822
10,1.5,1.0,0.3,combined,ols,linear,1000,1000,0.1,1,0.0,5910522062.023291,1.0,0.03344993871098847,0.10193662460248867,1.8798865774675623e-06,370.2377629605866,1000.0,0.942747174283735,0.0,531946985.58209616,0.010253464399086833,0.010380226082136281,0.10125939165868435,0.1018833945357941,0.00012676168304944814
10,1.5,1.0,0.3,combined,ols,linear,1000,1000,0.1,2,0.0,5910522062.023291,1.0,0.026245903086865665,0.06966018363108754,1.8798865774675623e-06,979.2825540573423,1000.0,0.01070831563616262,0.0,531946985.58209616,0.009448532564935838,0.009667209685948286,0.09720356251154501,0.09832196949791173,0.00021867712101244705
10,1.5,1.0,0.3,mean,rbf_svr,linear,1000,1000,0.1,0,8894.140423931201,5910522062.023291,0.999998495202229,3.2685533532089304,8884.456982908441,1.8798865774675623e-06,774.38871140595,1.247703230772169,0.15151517460065916,800.4726381538081,531946985.58209616,0.3726423360938297,49.3086831016252,0.6104443759212052,7.022014176974096,48.93604076553137
10,1.5,1.0,0.3,mean,rbf_svr,linear,1000,1000,0.1,1,0.0,5910522062.023291,1.0,0.03344993871098847,0.10193662460248867,1.8798865774675623e-06,370.2377629605866,1000.0,0.942747174283735,0.0,531946985.58209616,0.3954393160428208,47.87828932488605,0.6288396584526303,6.919413943744517,47.48285000884323
10,1.5,1.0,0.3,mean,rbf_svr,linear,1000,1000,0.1,2,0.0,5910522062.023291,1.0,0.026245903086865665,0.06966018363108754,1.8798865774675623e-06,979.2825540573423,1000.0,0.01070831563616262,0.0,531946985.58209616,0.4227741804770725,51.57456474656909,0.6502108738533003,7.181543340158095,51.15179056609202
10,1.5,1.0,0.3,combined,rbf_svr,linear,1000,1000,0.1,0,8894.140423931201,5910522062.023291,0.999998495202229,3.2685533532089304,8884.456982908441,1.8798865774675623e-06,774.38871140595,1.247703230772169,0.15151517460065916,800.4726381538081,531946985.58209616,0.3726423360938297,49.3086831016252,0.6104443759212052,7.022014176974096,48.93604076553137
10,1.5,1.0,0.3,combined,rbf_svr,linear,1000,1000,0.1,1,0.0,5910522062.023291,1.0,0.03344993871098847,0.10193662460248867,1.8798865774675623e-06,370.2377629605866,1000.0,0.942747174283735,0.0,531946985.58209616,0.3954393160428208,47.87828932488605,0.6288396584526303,6.919413943744517,47.48285000884323
10,1.5,1.0,0.3,combined,rbf_svr,linear,1000,1000,0.1,2,0.0,5910522062.023291,1.0,0.026245903086865665,0.06966018363108754,1.8798865774675623e-06,979.2825540573423,1000.0,0.01070831563616262,0.0,531946985.58209616,0.4227741804770725,51.57456474656909,0.6502108738533003,7.181543340158095,51.15179056609202
10,1.5,1.5,0.0,mean,ols,linear,1000,1000,0.1,0,8894.140423931201,5910522062.023291,0.999998495202229,3.2685533532089304,8884.456982908441,1000.0,1000.0,1000.0,0.0,0.0,0.0,0.009750614876492487,0.010500961618376301,0.09874520178971982,0.10247419976938732,0.0007503467418838138
10,1.5,1.5,0.0,mean,ols,linear,1000,1000,0.1,1,0.0,5910522062.023291,1.0,0.03344993871098847,0.10193662460248867,1000.0,1000.0,1000.0,0.0,0.0,0.0,0.010253464399086833,0.010282274999573598,0.10125939165868435,0.10140155324043906,2.881060048676512e-05
10,1.5,1.5,0.0,mean,ols,linear,1000,1000,0.1,2,0.0,5910522062.023291,1.0,0.026245903086865665,0.06966018363108754,1000.0,1000.0,1000.0,0.0,0.0,0.0,0.009448532564935838,0.00971849253032748,0.09720356251154501,0.09858241491426085,0.0002699599653916418
10,1.5,1.5,0.0,combined,ols,linear,1000,1000,0.1,0,4008.1335265923435,1.4721273071137753e+20,1.0,2.3408301296411267,4003.6540408965093,1000.0,1000.0,1000.0,0.0,0.0,0.0,0.009750614876492487,0.010500961618376301,0.09874520178971982,0.10247419976938732,0.0007503467418838138
10,1.5,1.5,0.0,combined,ols,linear,1000,1000,0.1,1,0.0,1.4721273071137753e+20,1.0,0.057926120803040375,0.26557567905675356,1000.0,1000.0,1000.0,0.0,0.0,0.0,0.010253464399086833,0.010282274999573598,0.10125939165868435,0.10140155324043906,2.881060048676512e-05
10,1.5,1.5,0.0,combined,ols,linear,1000,1000,0.1,2,0.0,1.4721273071137753e+20,1.0,0.047593909456169384,0.1033797442323745,1000.0,1000.0,1000.0,0.0,0.0,0.0,0.009448532564935838,0.00971849253032748,0.09720356251154501,0.09858241491426085,0.0002699599653916418
10,1.5,1.5,0.0,mean,rbf_svr,linear,1000,1000,0.1,0,8894.140423931201,5910522062.023291,0.999998495202229,3.2685533532089304,8884.456982908441,1000.0,1000.0,1000.0,0.0,0.0,0.0,0.3726423360938297,0.6332057159229931,0.6104443759212052,0.7957422421381142,0.26056337982916344
10,1.5,1.5,0.0,mean,rbf_svr,linear,1000,1000,0.1,1,0.0,5910522062.023291,1.0,0.03344993871098847,0.10193662460248867,1000.0,1000.0,1000.0,0.0,0.0,0.0,0.3954393160428208,0.7187992287171141,0.6288396584526303,0.847820280906935,0.3233599126742933
10,1.5,1.5,0.0,mean,rbf_svr,linear,1000,1000,0.1,2,0.0,5910522062.023291,1.0,0.026245903086865665,0.06966018363108754,1000.0,1000.0,1000.0,0.0,0.0,0.0,0.4227741804770725,0.6623028543508742,0.6502108738533003,0.81381991518448,0.23952867387380172
10,1.5,1.5,0.0,combined,rbf_svr,linear,1000,1000,0.1,0,4008.1335265923435,1.4721273071137753e+20,1.0,2.3408301296411267,4003.6540408965093,1000.0,1000.0,1000.0,0.0,0.0,0.0,0.3726423360938297,0.6332057159229931,0.6104443759212052,0.7957422421381142,0.26056337982916344
10,1.5,1.5,0.0,combined,rbf_svr,linear,1000,1000,0.1,1,0.0,1.4721273071137753e+20,1.0,0.057926120803040375,0.26557567905675356,1000.0,1000.0,1000.0,0.0,0.0,0.0,0.3954393160428208,0.7187992287171141,0.6288396584526303,0.847820280906935,0.3233599126742933
10,1.5,1.5,0.0,combined,rbf_svr,linear,1000,1000,0.1,2,0.0,1.4721273071137753e+20,1.0,0.047593909456169384,0.1033797442323745,1000.0,1000.0,1000.0,0.0,0.0,0.0,0.4227741804770725,0.6623028543508742,0.6502108738533003,0.81381991518448,0.23952867387380172
10,1.5,1.5,0.1,mean,ols,linear,1000,1000,0.1,0,8894.140423931201,5910522062.023291,0.999998495202229,3.2685533532089304,8884.456982908441,1.6918978942761966e-05,979.9626408171623,11.118349868534908,0.016835019400073276,88.94140423931204,59105220.62023292,0.009750614876492487,0.010529833897341906,0.09874520178971982,0.10261497891312898,0.0007792190208494188
10,1.5,1.5,0.1,mean,ols,linear,1000,1000,0.1,1,0.0,5910522062.023291,1.0,0.03344993871098847,0.10193662460248867,1.6918978942761966e-05,888.831966258691,1000.0,0.10474968603152625,0.0,59105220.62023292,0.010253464399086833,0.010350367926867773,0.10125939165868435,0.1017367579927126,9.690352778093936e-05
10,1.5,1.5,0.1,mean,ols,linear,1000,1000,0.1,2,0.0,5910522062.023291,1.0,0.026245903086865665,0.06966018363108754,1.6918978942761966e-05,998.5466684345047,1000.0,0.0011898128484625137,0.0,59105220.62023292,0.009448532564935838,0.00968850045896502,0.09720356251154501,0.09843018063056178,0.0002399678940291812
10,1.5,1.5,0.1,combined,ols,linear,1000,1000,0.1,0,4008.1335265923435,1.4721273071137753e+20,1.0,2.3408301296411267,4003.6540408965093,6.792890772202173e-16,985.4411344738355,24.341954649889143,0.012203515287989764,40.08133526592344,1.4721273071137756e+18,0.009750614876492487,0.010527943523059786,0.09874520178971982,0.10260576749413157,0.0007773286465672987
10,1.5,1.5,0.1,combined,ols,linear,1000,1000,0.1,1,0.0,1.4721273071137753e+20,1.0,0.057926120803040375,0.26557567905675356,6.792890772202173e-16,922.8586267036585,1000.0,0.07040199569882273,0.0,1.4721273071137756e+18,0.010253464399086833,0.010352051737921716,0.10125939165868435,0.10174503298894604,9.85873388348827e-05
10,1.5,1.5,0.1,combined,ols,linear,1000,1000,0.1,2,0.0,1.4721273071137753e+20,1.0,0.047593909456169384,0.1033797442323745,6.792890772202173e-16,996.7037536615368,1000.0,0.0027164613150348765,0.0,1.4721273071137756e+18,0.009448532564935838,0.009689226908192052,0.09720356251154501,0.09843387073661206,0.00024069434325621301
10,1.5,1.5,0.1,mean,rbf_svr,linear,1000,1000,0.1,0,8894.140423931201,5910522062.023291,0.999998495202229,3.2685533532089304,8884.456982908441,1.6918978942761966e-05,979.9626408171623,11.118349868534908,0.016835019400073276,88.94140423931204,59105220.62023292,0.3726423360938297,19.610320591700678,0.6104443759212052,4.428354162857875,19.23767825560685
10,1.5,1.5,0.1,mean,rbf_svr,linear,1000,1000,0.1,1,0.0,5910522062.023291,1.0,0.03344993871098847,0.10193662460248867,1.6918978942761966e-05,888.831966258691,1000.0,0.10474968603152625,0.0,59105220.62023292,0.3954393160428208,16.6398352819783,0.6288396584526303,4.079195420910636,16.244395965935478
10,1.5,1.5,0.1,mean,rbf_svr,linear,1000,1000,0.1,2,0.0,5910522062.023291,1.0,0.026245903086865665,0.06966018363108754,1.6918978942761966e-05,998.5466684345047,1000.0,0.0011898128484625137,0.0,59105220.62023292,0.4227741804770725,16.012812494675146,0.6502108738533003,4.001601241337665,15.590038314198074
10,1.5,1.5,0.1,combined,rbf_svr,linear,1000,1000,0.1,0,4008.1335265923435,1.4721273071137753e+20,1.0,2.3408301296411267,4003.6540408965093,6.792890772202173e-16,985.4411344738355,24.341954649889143,0.012203515287989764,40.08133526592344,1.4721273071137756e+18,0.3726423360938297,22.871495450831418,0.6104443759212052,4.782415231954605,22.49885311473759
10,1.5,1.5,0.1,combined,rbf_svr,linear,1000,1000,0.1,1,0.0,1.4721273071137753e+20,1.0,0.057926120803040375,0.26557567905675356,6.792890772202173e-16,922.8586267036585,1000.0,0.07040199569882273,0.0,1.4721273071137756e+18,0.3954393160428208,19.178650085096088,0.6288396584526303,4.379343567830239,18.783210769053266
10,1.5,1.5,0.1,combined,rbf_svr,linear,1000,1000,0.1,2,0.0,1.4721273071137753e+20,1.0,0.047593909456169384,0.1033797442323745,6.792890772202173e-16,996.7037536615368,1000.0,0.0027164613150348765,0.0,1.4721273071137756e+18,0.4227741804770725,18.355313917678124,0.6502108738533003,4.284310203250708,17.93253973720105
10,1.5,1.5,0.2,mean,ols,linear,1000,1000,0.1,0,8894.140423931201,5910522062.023291,0.999998495202229,3.2685533532089304,8884.456982908441,4.229744789362714e-06,907.8004641764082,2.8029606903510316,0.0673400776002931,355.76561695724814,236420882.48093167,0.009750614876492487,0.010534026472854873,0.09874520178971982,0.10263540555215278,0.000783411596362386
10,1.5,1.5,0.2,mean,ols,linear,1000,1000,0.1,1,0.0,5910522062.023291,1.0,0.03344993871098847,0.10193662460248867,4.229744789362714e-06,621.7036024762542,1000.0,0.41899874412610516,0.0,236420882.48093167,0.010253464399086833,0.010325161693017051,0.10125939165868435,0.10161280280071527,7.169729393021775e-05
10,1.5,1.5,0.2,mean,ols,linear,1000,1000,0.1,2,0.0,5910522062.023291,1.0,0.026245903086865665,0.06966018363108754,4.229744789362714e-06,992.759436418994,1000.0,0.004759251393850057,0.0,236420882.48093167,0.009448532564935838,0.009688115038189529,0.09720356251154501,0.09842822277268613,0.00023958247325369005
10,1.5,1.5,0.2,combined,ols,linear,1000,1000,0.1,0,4008.1335265923435,1.4721273071137753e+20,1.0,2.3408301296411267,4003.6540408965093,1.6982226930505432e-16,931.8849997012379,6.198654181708405,0.048814061151959055,160.32534106369377,5.888509228455102e+18,0.009750614876492487,0.010536049535059391,0.09874520178971982,0.1026452606556162,0.0007854346585669039
10,1.5,1.5,0.2,combined,ols,linear,1000,1000,0.1,1,0.0,1.4721273071137753e+20,1.0,0.057926120803040375,0.26557567905675356,1.6982226930505432e-16,712.2855286269005,1000.0,0.2816079827952909,0.0,5.888509228455102e+18,0.010253464399086833,0.01033332771320156,0.10125939165868435,0.10165297690280183,7.986331411472675e-05
10,1.5,1.5,0.2,combined,ols,linear,1000,1000,0.1,2,0.0,1.4721273071137753e+20,1.0,0.047593909456169384,0.1033797442323745,1.6982226930505432e-16,983.7918029359578,1000.0,0.010865845260139508,0.0,5.888509228455102e+18,0.009448532564935838,0.0096920481809927,0.09720356251154501,0.09844820049646769,0.00024351561605686148
10,1.5,1.5,0.2,mean,rbf_svr,linear,1000,1000,0.1,0,8894.140423931201,5910522062.023291,0.999998495202229,3.2685533532089304,8884.456982908441,4.229744789362714e-06,907.8004641764082,2.8029606903510316,0.0673400776002931,355.76561695724814,236420882.48093167,0.3726423360938297,36.693943342439134,0.6104443759212052,6.057552586848845,36.3213010063453
10,1.5,1.5,0.2,mean,rbf_svr,linear,1000,1000,0.1,1,0.0,5910522062.023291,1.0,0.03344993871098847,0.10193662460248867,4.229744789362714e-06,621.7036024762542,1000.0,0.41899874412610516,0.0,236420882.48093167,0.3954393160428208,32.41678907487218,0.6288396584526303,5.6935743672031,32.02134975882936
10,1.5,1.5,0.2,mean,rbf_svr,linear,1000,1000,0.1,2,0.0,5910522062.023291,1.0,0.026245903086865665,0.06966018363108754,4.229744789362714e-06,992.759436418994,1000.0,0.004759251393850057,0.0,236420882.48093167,0.4227741804770725,35.05175301277491,0.6502108738533003,5.920452095302766,34.62897883229784
10,1.5,1.5,0.2,combined,rbf_svr,linear,1000,1000,0.1,0,4008.1335265923435,1.4721273071137753e+20,1.0,2.3408301296411267,4003.6540408965093,1.6982226930505432e-16,931.8849997012379,6.198654181708405,0.048814061151959055,160.32534106369377,5.888509228455102e+18,0.3726423360938297,42.92914496438803,0.6104443759212052,6.5520336510420965,42.5565026282942
10,1.5,1.5,0.2,combined,rbf_svr,linear,1000,1000,0.1,1,0.0,1.4721273071137753e+20,1.0,0.057926120803040375,0.26557567905675356,1.6982226930505432e-16,712.2855286269005,1000.0,0.2816079827952909,0.0,5.888509228455102e+18,0.3954393160428208,37.43220735933845,0.6288396584526303,6.118186607103321,37.03676804329563
10,1.5,1.5,0.2,combined,rbf_svr,linear,1000,1000,0.1,2,0.0,1.4721273071137753e+20,1.0,0.047593909456169384,0.1033797442323745,1.6982226930505432e-16,983.7918029359578,1000.0,0.010865845260139508,0.0,5.888509228455102e+18,0.4227741804770725,40.355781103357586,0.6502108738533003,6.352620018807798,39.933006922880516
10,1.5,1.5,0.3,mean,ols,linear,1000,1000,0.1,0,8894.140423931201,5910522062.023291,0.999998495202229,3.2685533532089304,8884.456982908441,1.8798865774675623e-06,774.38871140595,1.247703230772169,0.15151517460065916,800.4726381538081,531946985.58209616,0.009750614876492487,0.01054995984890067,0.09874520178971982,0.10271299746819129,0.0007993449724081822
10,1.5,1.5,0.3,mean,ols,linear,1000,1000,0.1,1,0.0,5910522062.023291,1.0,0.03344993871098847,0.10193662460248867,1.8798865774675623e-06,370.2377629605866,1000.0,0.942747174283735,0.0,531946985.58209616,0.010253464399086833,0.010380226082136281,0.10125939165868435,0.1018833945357941,0.00012676168304944814
10,1.5,1.5,0.3,mean,ols,linear,1000,1000,0.1,2,0.0,5910522062.023291,1.0,0.026245903086865665,0.06966018363108754,1.8798865774675623e-06,979.2825540573423,1000.0,0.01070831563616262,0.0,531946985.58209616,0.009448532564935838,0.009667209685948286,0.09720356251154501,0.09832196949791173,0.00021867712101244705
10,1.5,1.5,0.3,combined,ols,linear,1000,1000,0.1,0,4008.1335265923435,1.4721273071137753e+20,1.0,2.3408301296411267,4003.6540408965093,7.547656413557971e-17,827.38205613896,2.764477436103481,0.10983163759190778,360.7320173933109,1.3249145764023976e+19,0.009750614876492487,0.010550175625019762,0.09874520178971982,0.10271404784653247,0.0007995607485272744
10,1.5,1.5,0.3,combined,ols,linear,1000,1000,0.1,1,0.0,1.4721273071137753e+20,1.0,0.057926120803040375,0.26557567905675356,7.547656413557971e-17,471.7299513006479,1000.0,0.6336179612894053,0.0,1.3249145764023976e+19,0.010253464399086833,0.010399017919035048,0.10125939165868435,0.10197557511009707,0.00014555351994821435
10,1.5,1.5,0.3,combined,ols,linear,1000,1000,0.1,2,0.0,1.4721273071137753e+20,1.0,0.047593909456169384,0.1033797442323745,7.547656413557971e-17,954.7134377233116,1000.0,0.024448151835313923,0.0,1.3249145764023976e+19,0.009448532564935838,0.009665059436812458,0.09720356251154501,0.09831103415595047,0.00021652687187661938
10,1.5,1.5,0.3,mean,rbf_svr,linear,1000,1000,0.1,0,8894.140423931201,5910522062.023291,0.999998495202229,3.2685533532089304,8884.456982908441,1.8798865774675623e-06,774.38871140595,1.247703230772169,0.15151517460065916,800.4726381538081,531946985.58209616,0.3726423360938297,49.3086831016252,0.6104443759212052,7.022014176974096,48.93604076553137
10,1.5,1.5,0.3,mean,rbf_svr,linear,1000,1000,0.1,1,0.0,5910522062.023291,1.0,0.03344993871098847,0.10193662460248867,1.8798865774675623e-06,370.2377629605866,1000.0,0.942747174283735,0.0,531946985.58209616,0.3954393160428208,47.87828932488605,0.6288396584526303,6.919413943744517,47.48285000884323
10,1.5,1.5,0.3,mean,rbf_svr,linear,1000,1000,0.1,2,0.0,5910522062.023291,1.0,0.026245903086865665,0.06966018363108754,1.8798865774675623e-06,979.2825540573423,1000.0,0.01070831563616262,0.0,531946985.58209616,0.4227741804770725,51.57456474656909,0.6502108738533003,7.181543340158095,51.15179056609202
10,1.5,1.5,0.3,combined,rbf_svr,linear,1000,1000,0.1,0,4008.1335265923435,1.4721273071137753e+20,1.0,2.3408301296411267,4003.6540408965093,7.547656413557971e-17,827.38205613896,2.764477436103481,0.10983163759190778,360.7320173933109,1.3249145764023976e+19,0.3726423360938297,57.61245912925866,0.6104443759212052,7.590287157233161,57.23981679316483
10,1.5,1.5,0.3,combined,rbf_svr,linear,1000,1000,0.1,1,0.0,1.4721273071137753e+20,1.0,0.057926120803040375,0.26557567905675356,7.547656413557971e-17,471.7299513006479,1000.0,0.6336179612894053,0.0,1.3249145764023976e+19,0.3954393160428208,55.43729713631998,0.6288396584526303,7.445622682913766,55.04185782027716
10,1.5,1.5,0.3,combined,rbf_svr,linear,1000,1000,0.1,2,0.0,1.4721273071137753e+20,1.0,0.047593909456169384,0.1033797442323745,7.547656413557971e-17,954.7134377233116,1000.0,0.024448151835313923,0.0,1.3249145764023976e+19,0.4227741804770725,59.47765786178081,0.6502108738533003,7.712175948575137,59.05488368130374
10,1.5,2.0,0.0,mean,ols,linear,1000,1000,0.1,0,8894.140423931201,5910522062.023291,0.999998495202229,3.2685533532089304,8884.456982908441,1000.0,1000.0,1000.0,0.0,0.0,0.0,0.009750614876492487,0.010500961618376301,0.09874520178971982,0.10247419976938732,0.0007503467418838138
10,1.5,2.0,0.0,mean,ols,linear,1000,1000,0.1,1,0.0,5910522062.023291,1.0,0.03344993871098847,0.10193662460248867,1000.0,1000.0,1000.0,0.0,0.0,0.0,0.010253464399086833,0.010282274999573598,0.10125939165868435,0.10140155324043906,2.881060048676512e-05
10,1.5,2.0,0.0,mean,ols,linear,1000,1000,0.1,2,0.0,5910522062.023291,1.0,0.026245903086865665,0.06966018363108754,1000.0,1000.0,1000.0,0.0,0.0,0.0,0.009448532564935838,0.00971849253032748,0.09720356251154501,0.09858241491426085,0.0002699599653916418
10,1.5,2.0,0.0,combined,ols,linear,1000,1000,0.1,0,1176.3198868895008,inf,inf,1.4207579270109199,1175.3013338023352,,1000.0,1000.0,0.0,0.0,,0.009750614876492487,0.010500961618376301,0.09874520178971982,0.10247419976938732,0.0007503467418838138
10,1.5,2.0,0.0,combined,ols,linear,1000,1000,0.1,1,0.0,inf,inf,0.06651299069862132,0.3035037456409077,,1000.0,1000.0,0.0,0.0,,0.010253464399086833,0.010282274999573598,0.10125939165868435,0.10140155324043906,2.881060048676512e-05
10,1.5,2.0,0.0,combined,ols,linear,1000,1000,0.1,2,0.0,inf,inf,0.06229633819316976,0.15335219350593304,,1000.0,1000.0,0.0,0.0,,0.009448532564935838,0.00971849253032748,0.09720356251154501,0.09858241491426085,0.0002699599653916418
10,1.5,2.0,0.0,mean,rbf_svr,linear,1000,1000,0.1,0,8894.140423931201,5910522062.023291,0.999998495202229,3.2685533532089304,8884.456982908441,1000.0,1000.0,1000.0,0.0,0.0,0.0,0.3726423360938297,0.6332057159229931,0.6104443759212052,0.7957422421381142,0.26056337982916344
10,1.5,2.0,0.0,mean,rbf_svr,linear,1000,1000,0.1,1,0.0,5910522062.023291,1.0,0.03344993871098847,0.10193662460248867,1000.0,1000.0,1000.0,0.0,0.0,0.0,0.3954393160428208,0.7187992287171141,0.6288396584526303,0.847820280906935,0.3233599126742933
10,1.5,2.0,0.0,mean,rbf_svr,linear,1000,1000,0.1,2,0.0,5910522062.023291,1.0,0.026245903086865665,0.06966018363108754,1000.0,1000.0,1000.0,0.0,0.0,0.0,0.4227741804770725,0.6623028543508742,0.6502108738533003,0.81381991518448,0.23952867387380172
10,1.5,2.0,0.0,combined,rbf_svr,linear,1000,1000,0.1,0,1176.3198868895008,inf,inf,1.4207579270109199,1175.3013338023352,,1000.0,1000.0,0.0,0.0,,0.3726423360938297,0.6332057159229931,0.6104443759212052,0.7957422421381142,0.26056337982916344
10,1.5,2.0,0.0,combined,rbf_svr,linear,1000,1000,0.1,1,0.0,inf,inf,0.06651299069862132,0.3035037456409077,,1000.0,1000.0,0.0,0.0,,0.3954393160428208,0.7187992287171141,0.6288396584526303,0.847820280906935,0.3233599126742933
10,1.5,2.0,0.0,combined,rbf_svr,linear,1000,1000,0.1,2,0.0,inf,inf,0.06229633819316976,0.15335219350593304,,1000.0,1000.0,0.0,0.0,,0.4227741804770725,0.6623028543508742,0.6502108738533003,0.81381991518448,0.23952867387380172
10,1.5,2.0,0.1,mean,ols,linear,1000,1000,0.1,0,8894.140423931201,5910522062.023291,0.999998495202229,3.2685533532089304,8884.456982908441,1.6918978942761966e-05,979.9626408171623,11.118349868534908,0.016835019400073276,88.94140423931204,59105220.62023292,0.009750614876492487,0.010529833897341906,0.09874520178971982,0.10261497891312898,0.0007792190208494188
10,1.5,2.0,0.1,mean,ols,linear,1000,1000,0.1,1,0.0,5910522062.023291,1.0,0.03344993871098847,0.10193662460248867,1.6918978942761966e-05,888.831966258691,1000.0,0.10474968603152625,0.0,59105220.62023292,0.010253464399086833,0.010350367926867773,0.10125939165868435,0.1017367579927126,9.690352778093936e-05
10,1.5,2.0,0.1,mean,ols,linear,1000,1000,0.1,2,0.0,5910522062.023291,1.0,0.026245903086865665,0.06966018363108754,1.6918978942761966e-05,998.5466684345047,1000.0,0.0011898128484625137,0.0,59105220.62023292,0.009448532564935838,0.00968850045896502,0.09720356251154501,0.09843018063056178,0.0002399678940291812
10,1.5,2.0,0.1,combined,ols,linear,1000,1000,0.1,0,1176.3198868895008,inf,inf,1.4207579270109199,1175.3013338023352,0.0,992.941771769793,78.35026393242875,0.005870520491540946,11.76319886889501,inf,0.009750614876492487,0.010526804817818458,0.09874520178971982,0.10260021841018886,0.0007761899413259703
10,1.5,2.0,0.1,combined,ols,linear,1000,1000,0.1,1,0.0,inf,inf,0.06651299069862132,0.3035037456409077,0.0,862.4394660209479,1000.0,0.13497414601117455,0.0,inf,0.010253464399086833,0.010354024934109012,0.10125939165868435,0.10175472929603327,0.00010056053502217888
10,1.5,2.0,0.1,combined,ols,linear,1000,1000,0.1,2,0.0,inf,inf,0.06229633819316976,0.15335219350593304,0.0,997.0941183537245,1000.0,0.0023944053478468716,0.0,inf,0.009448532564935838,0.00969036013612897,0.09720356251154501,0.09843962685894828,0.000241827571193131
10,1.5,2.0,0.1,mean,rbf_svr,linear,1000,1000,0.1,0,8894.140423931201,5910522062.023291,0.999998495202229,3.2685533532089304,8884.456982908441,1.6918978942761966e-05,979.9626408171623,11.118349868534908,0.016835019400073276,88.94140423931204,59105220.62023292,0.3726423360938297,19.610320591700678,0.6104443759212052,4.428354162857875,19.23767825560685
10,1.5,2.0,0.1,mean,rbf_svr,linear,1000,1000,0.1,1,0.0,5910522062.023291,1.0,0.03344993871098847,0.10193662460248867,1.6918978942761966e-05,888.831966258691,1000.0,0.10474968603152625,0.0,59105220.62023292,0.3954393160428208,16.6398352819783,0.6288396584526303,4.079195420910636,16.244395965935478
10,1.5,2.0,0.1,mean,rbf_svr,linear,1000,1000,0.1,2,0.0,5910522062.023291,1.0,0.026245903086865665,0.06966018363108754,1.6918978942761966e-05,998.5466684345047,1000.0,0.0011898128484625137,0.0,59105220.62023292,0.4227741804770725,16.012812494675146,0.6502108738533003,4.001601241337665,15.590038314198074
10,1.5,2.0,0.1,combined,rbf_svr,linear,1000,1000,0.1,0,1176.3198868895008,inf,inf,1.4207579270109199,1175.3013338023352,0.0,992.941771769793,78.35026393242875,0.005870520491540946,11.76319886889501,inf,0.3726423360938297,25.444018004018925,0.6104443759212052,5.044206379998634,25.071375667925096
10,1.5,2.0,0.1,combined,rbf_svr,linear,1000,1000,0.1,1,0.0,inf,inf,0.06651299069862132,0.3035037456409077,0.0,862.4394660209479,1000.0,0.13497414601117455,0.0,inf,0.3954393160428208,21.170693177586806,0.6288396584526303,4.601162155106773,20.775253861543984
10,1.5,2.0,0.1,combined,rbf_svr,linear,1000,1000,0.1,2,0.0,inf,inf,0.06229633819316976,0.15335219350593304,0.0,997.0941183537245,1000.0,0.0023944053478468716,0.0,inf,0.4227741804770725,20.19057969384129,0.6502108738533003,4.493392893331418,19.767805513364216
10,1.5,2.0,0.2,mean,ols,linear,1000,1000,0.1,0,8894.140423931201,5910522062.023291,0.999998495202229,3.2685533532089304,8884.456982908441,4.229744789362714e-06,907.8004641764082,2.8029606903510316,0.0673400776002931,355.76561695724814,236420882.48093167,0.009750614876492487,0.010534026472854873,0.09874520178971982,0.10263540555215278,0.000783411596362386
10,1.5,2.0,0.2,mean,ols,linear,1000,1000,0.1,1,0.0,5910522062.023291,1.0,0.03344993871098847,0.10193662460248867,4.229744789362714e-06,621.7036024762542,1000.0,0.41899874412610516,0.0,236420882.48093167,0.010253464399086833,0.010325161693017051,0.10125939165868435,0.10161280280071527,7.169729393021775e-05
10,1.5,2.0,0.2,mean,ols,linear,1000,1000,0.1,2,0.0,5910522062.023291,1.0,0.026245903086865665,0.06966018363108754,4.229744789362714e-06,992.759436418994,1000.0,0.004759251393850057,0.0,236420882.48093167,0.009448532564935838,0.009688115038189529,0.09720356251154501,0.09842822277268613,0.00023958247325369005
10,1.5,2.0,0.2,combined,ols,linear,1000,1000,0.1,0,1176.3198868895008,inf,inf,1.4207579270109199,1175.3013338023352,0.0,966.0184594669332,20.810443806712353,0.023482081966163783,47.05279547558004,inf,0.009750614876492487,0.010538732622996318,0.09874520178971982,0.102658329535388,0.0007881177465038306
10,1.5,2.0,0.2,combined,ols,linear,1000,1000,0.1,1,0.0,inf,inf,0.06651299069862132,0.3035037456409077,0.0,566.1164041307711,1000.0,0.5398965840446982,0.0,inf,0.010253464399086833,0.010341383411691303,0.10125939165868435,0.1016925927080793,8.791901260447009e-05
10,1.5,2.0,0.2,combined,ols,linear,1000,1000,0.1,2,0.0,inf,inf,0.06229633819316976,0.15335219350593304,0.0,985.6935748279133,1000.0,0.009577621391387488,0.0,inf,0.009448532564935838,0.009696471967891536,0.09720356251154501,0.09847066551969443,0.00024793940295569743
10,1.5,2.0,0.2,mean,rbf_svr,linear,1000,1000,0.1,0,8894.140423931201,5910522062.023291,0.999998495202229,3.2685533532089304,8884.456982908441,4.229744789362714e-06,907.8004641764082,2.8029606903510316,0.0673400776002931,355.76561695724814,236420882.48093167,0.3726423360938297,36.693943342439134,0.6104443759212052,6.057552586848845,36.3213010063453
10,1.5,2.0,0.2,mean,rbf_svr,linear,1000,1000,0.1,1,0.0,5910522062.023291,1.0,0.03344993871098847,0.10193662460248867,4.229744789362714e-06,621.7036024762542,1000.0,0.41899874412610516,0.0,236420882.48093167,0.3954393160428208,32.41678907487218,0.6288396584526303,5.6935743672031,32.02134975882936
10,1.5,2.0,0.2,mean,rbf_svr,linear,1000,1000,0.1,2,0.0,5910522062.023291,1.0,0.026245903086865665,0.06966018363108754,4.229744789362714e-06,992.759436418994,1000.0,0.004759251393850057,0.0,236420882.48093167,0.4227741804770725,35.05175301277491,0.6502108738533003,5.920452095302766,34.62897883229784
10,1.5,2.0,0.2,combined,rbf_svr,linear,1000,1000,0.1,0,1176.3198868895008,inf,inf,1.4207579270109199,1175.3013338023352,0.0,966.0184594669332,20.810443806712353,0.023482081966163783,47.05279547558004,inf,0.3726423360938297,47.863299090114275,0.6104443759212052,6.918330657760893,47.49065675402044
10,1.5,2.0,0.2,combined,rbf_svr,linear,1000,1000,0.1,1,0.0,inf,inf,0.06651299069862132,0.3035037456409077,0.0,566.1164041307711,1000.0,0.5398965840446982,0.0,inf,0.3954393160428208,41.399965012427465,0.6288396584526303,6.434280458017622,41.00452569638465
10,1.5,2.0,0.2,combined,rbf_svr,linear,1000,1000,0.1,2,0.0,inf,inf,0.06229633819316976,0.15335219350593304,0.0,985.6935748279133,1000.0,0.009577621391387488,0.0,inf,0.4227741804770725,44.4968606576624,0.6502108738533003,6.670596724256564,44.07408647718533
10,1.5,2.0,0.3,mean,ols,linear,1000,1000,0.1,0,8894.140423931201,5910522062.023291,0.999998495202229,3.2685533532089304,8884.456982908441,1.8798865774675623e-06,774.38871140595,1.247703230772169,0.15151517460065916,800.4726381538081,531946985.58209616,0.009750614876492487,0.01054995984890067,0.09874520178971982,0.10271299746819129,0.0007993449724081822
10,1.5,2.0,0.3,mean,ols,linear,1000,1000,0.1,1,0.0,5910522062.023291,1.0,0.03344993871098847,0.10193662460248867,1.8798865774675623e-06,370.2377629605866,1000.0,0.942747174283735,0.0,531946985.58209616,0.010253464399086833,0.010380226082136281,0.10125939165868435,0.1018833945357941,0.00012676168304944814
10,1.5,2.0,0.3,mean,ols,linear,1000,1000,0.1,2,0.0,5910522062.023291,1.0,0.026245903086865665,0.06966018363108754,1.8798865774675623e-06,979.2825540573423,1000.0,0.01070831563616262,0.0,531946985.58209616,0.009448532564935838,0.009667209685948286,0.09720356251154501,0.09832196949791173,0.00021867712101244705
10,1.5,2.0,0.3,combined,ols,linear,1000,1000,0.1,0,1176.3198868895008,inf,inf,1.4207579270109199,1175.3013338023352,0.0,908.7315663925513,9.357268868523665,0.05283468442386854,105.86878982005507,inf,0.009750614876492487,0.010551749997656693,0.09874520178971982,0.10272171142293479,0.0008011351211642051
10,1.5,2.0,0.3,combined,ols,linear,1000,1000,0.1,1,0.0,inf,inf,0.06651299069862132,0.3035037456409077,0.0,321.51510402622284,1000.0,1.2147673141005706,0.0,inf,0.010253464399086833,0.010416480310230335,0.10125939165868435,0.10206115965552388,0.00016301591114350165
10,1.5,2.0,0.3,combined,ols,linear,1000,1000,0.1,2,0.0,inf,inf,0.06229633819316976,0.15335219350593304,0.0,959.9025785968964,1000.0,0.02154964813062181,0.0,inf,0.009448532564935838,0.009664804239925839,0.09720356251154501,0.09830973624176721,0.00021627167499000018
10,1.5,2.0,0.3,mean,rbf_svr,linear,1000,1000,0.1,0,8894.140423931201,5910522062.023291,0.999998495202229,3.2685533532089304,8884.456982908441,1.8798865774675623e-06,774.38871140595,1.247703230772169,0.15151517460065916,800.4726381538081,531946985.58209616,0.3726423360938297,49.3086831016252,0.6104443759212052,7.022014176974096,48.93604076553137
10,1.5,2.0,0.3,mean,rbf_svr,linear,1000,1000,0.1,1,0.0,5910522062.023291,1.0,0.03344993871098847,0.10193662460248867,1.8798865774675623e-06,370.2377629605866,1000.0,0.942747174283735,0.0,531946985.58209616,0.3954393160428208,47.87828932488605,0.6288396584526303,6.919413943744517,47.48285000884323
10,1.5,2.0,0.3,mean,rbf_svr,linear,1000,1000,0.1,2,0.0,5910522062.023291,1.0,0.026245903086865665,0.06966018363108754,1.8798865774675623e-06,979.2825540573423,1000.0,0.01070831563616262,0.0,531946985.58209616,0.4227741804770725,51.57456474656909,0.6502108738533003,7.181543340158095,51.15179056609202
10,1.5,2.0,0.3,combined,rbf_svr,linear,1000,1000,0.1,0,1176.3198868895008,inf,inf,1.4207579270109199,1175.3013338023352,0.0,908.7315663925513,9.357268868523665,0.05283468442386854,105.86878982005507,inf,0.3726423360938297,64.17245447640028,0.6104443759212052,8.010771153665562,63.79981214030644
10,1.5,2.0,0.3,combined,rbf_svr,linear,1000,1000,0.1,1,0.0,inf,inf,0.06651299069862132,0.3035037456409077,0.0,321.51510402622284,1000.0,1.2147673141005706,0.0,inf,0.3954393160428208,61.4093582992174,0.6288396584526303,7.836412335962,61.013918983174584
10,1.5,2.0,0.3,combined,rbf_svr,linear,1000,1000,0.1,2,0.0,inf,inf,0.06229633819316976,0.15335219350593304,0.0,959.9025785968964,1000.0,0.02154964813062181,0.0,inf,0.4227741804770725,65.65519073541364,0.6502108738533003,8.102789071388544,65.23241655493656
10,2.0,1.0,0.0,mean,ols,linear,1000,1000,0.1,0,82.39703518988527,2.3538526683702e+17,0.9999999999999996,0.29671953163435166,83.30899270943195,1000.0,1000.0,1000.0,0.0,0.0,0.0,0.009750614876492487,0.010500961618376301,0.09874520178971982,0.10247419976938732,0.0007503467418838138
10,2.0,1.0,0.0,mean,ols,linear,1000,1000,0.1,1,0.0,2.3538526683702e+17,1.0,0.0002913087502343722,1.3228023479180237e-05,1000.0,1000.0,1000.0,0.0,0.0,0.0,0.010253464399086833,0.010282274999573598,0.10125939165868435,0.10140155324043906,2.881060048676512e-05
10,2.0,1.0,0.0,mean,ols,linear,1000,1000,0.1,2,0.0,2.3538526683702e+17,1.0,0.0002157545434456255,8.824126184466639e-06,1000.0,1000.0,1000.0,0.0,0.0,0.0,0.009448532564935838,0.00971849253032748,0.09720356251154501,0.09858241491426085,0.0002699599653916418
10,2.0,1.0,0.0,combined,ols,linear,1000,1000,0.1,0,82.39703518988527,2.3538526683702e+17,0.9999999999999996,0.29671953163435166,83.30899270943195,1000.0,1000.0,1000.0,0.0,0.0,0.0,0.009750614876492487,0.010500961618376301,0.09874520178971982,0.10247419976938732,0.0007503467418838138
10,2.0,1.0,0.0,combined,ols,linear,1000,1000,0.1,1,0.0,2.3538526683702e+17,1.0,0.0002913087502343722,1.3228023479180237e-05,1000.0,1000.0,1000.0,0.0,0.0,0.0,0.010253464399086833,0.010282274999573598,0.10125939165868435,0.10140155324043906,2.881060048676512e-05
10,2.0,1.0,0.0,combined,ols,linear,1000,1000,0.1,2,0.0,2.3538526683702e+17,1.0,0.0002157545434456255,8.824126184466639e-06,1000.0,1000.0,1000.0,0.0,0.0,0.0,0.009448532564935838,0.00971849253032748,0.09720356251154501,0.09858241491426085,0.0002699599653916418
10,2.0,1.0,0.0,mean,rbf_svr,linear,1000,1000,0.1,0,82.39703518988527,2.3538526683702e+17,0.9999999999999996,0.29671953163435166,83.30899270943195,1000.0,1000.0,1000.0,0.0,0.0,0.0,0.3726423360938297,0.6332057159229931,0.6104443759212052,0.7957422421381142,0.26056337982916344
10,2.0,1.0,0.0,mean,rbf_svr,linear,1000,1000,0.1,1,0.0,2.3538526683702e+17,1.0,0.0002913087502343722,1.3228023479180237e-05,1000.0,1000.0,1000.0,0.0,0.0,0.0,0.3954393160428208,0.7187992287171141,0.6288396584526303,0.847820280906935,0.3233599126742933
10,2.0,1.0,0.0,mean,rbf_svr,linear,1000,1000,0.1,2,0.0,2.3538526683702e+17,1.0,0.0002157545434456255,8.824126184466639e-06,1000.0,1000.0,1000.0,0.0,0.0,0.0,0.4227741804770725,0.6623028543508742,0.6502108738533003,0.81381991518448,0.23952867387380172
10,2.0,1.0,0.0,combined,rbf_svr,linear,1000,1000,0.1,0,82.39703518988527,2.3538526683702e+17,0.9999999999999996,0.29671953163435166,83.30899270943195,1000.0,1000.0,1000.0,0.0,0.0,0.0,0.3726423360938297,0.6332057159229931,0.6104443759212052,0.7957422421381142,0.26056337982916344
10,2.0,1.0,0.0,combined,rbf_svr,linear,1000,1000,0.1,1,0.0,2.3538526683702e+17,1.0,0.0002913087502343722,1.3228023479180237e-05,1000.0,1000.0,1000.0,0.0,0.0,0.0,0.3954393160428208,0.7187992287171141,0.6288396584526303,0.847820280906935,0.3233599126742933
10,2.0,1.0,0.0,combined,rbf_svr,linear,1000,1000,0.1,2,0.0,2.3538526683702e+17,1.0,0.0002157545434456255,8.824126184466639e-06,1000.0,1000.0,1000.0,0.0,0.0,0.0,0.4227741804770725,0.6623028543508742,0.6502108738533003,0.81381991518448,0.23952867387380172
10,2.0,1.0,0.1,mean,ols,linear,1000,1000,0.1,0,82.39703518988527,2.3538526683702e+17,0.9999999999999996,0.29671953163435166,83.30899270943195,4.2483542552915863e-13,999.9894713747265,548.2545256061566,8.539035832898903e-06,0.8239703518988529,2353852668370200.5,0.009750614876492487,0.01057572647830893,0.09874520178971982,0.10283835120376507,0.0008251116018164421
10,2.0,1.0,0.1,mean,ols,linear,1000,1000,0.1,1,0.0,2.3538526683702e+17,1.0,0.0002913087502343722,1.3228023479180237e-05,4.2483542552915863e-13,999.8749002146332,1000.0,0.00010152734017709318,0.0,2353852668370200.5,0.010253464399086833,0.010407433316031105,0.10125939165868435,0.10201682859230189,0.00015396891694427137
10,2.0,1.0,0.1,mean,ols,linear,1000,1000,0.1,2,0.0,2.3538526683702e+17,1.0,0.0002157545434456255,8.824126184466639e-06,4.2483542552915863e-13,999.9998265970867,1000.0,1.4060771362884147e-07,0.0,2353852668370200.5,0.009448532564935838,0.009687481588737014,0.09720356251154501,0.0984250048957937,0.00023894902380117503
10,2.0,1.0,0.1,combined,ols,linear,1000,1000,0.1,0,82.39703518988527,2.3538526683702e+17,0.9999999999999996,0.29671953163435166,83.30899270943195,4.2483542552915863e-13,999.9894713747265,548.2545256061566,8.539035832898903e-06,0.8239703518988529,2353852668370200.5,0.009750614876492487,0.01057572647830893,0.09874520178971982,0.10283835120376507,0.0008251116018164421
10,2.0,1.0,0.1,combined,ols,linear,1000,1000,0.1,1,0.0,2.3538526683702e+17,1.0,0.0002913087502343722,1.3228023479180237e-05,4.2483542552915863e-13,999.8749002146332,1000.0,0.00010152734017709318,0.0,2353852668370200.5,0.010253464399086833,0.010407433316031105,0.10125939165868435,0.10201682859230189,0.00015396891694427137
10,2.0,1.0,0.1,combined,ols,linear,1000,1000,0.1,2,0.0,2.3538526683702e+17,1.0,0.0002157545434456255,8.824126184466639e-06,4.2483542552915863e-13,999.9998265970867,1000.0,1.4060771362884147e-07,0.0,2353852668370200.5,0.009448532564935838,0.009687481588737014,0.09720356251154501,0.0984250048957937,0.00023894902380117503
10,2.0,1.0,0.1,mean,rbf_svr,linear,1000,1000,0.1,0,82.39703518988527,2.3538526683702e+17,0.9999999999999996,0.29671953163435166,83.30899270943195,4.2483542552915863e-13,999.9894713747265,548.2545256061566,8.539035832898903e-06,0.8239703518988529,2353852668370200.5,0.3726423360938297,44.98790676258068,0.6104443759212052,6.707302495234629,44.615264426486846
10,2.0,1.0,0.1,mean,rbf_svr,linear,1000,1000,0.1,1,0.0,2.3538526683702e+17,1.0,0.0002913087502343722,1.3228023479180237e-05,4.2483542552915863e-13,999.8749002146332,1000.0,0.00010152734017709318,0.0,2353852668370200.5,0.3954393160428208,38.31933196958979,0.6288396584526303,6.190261058274505,37.92389265354697
10,2.0,1.0,0.1,mean,rbf_svr,linear,1000,1000,0.1,2,0.0,2.3538526683702e+17,1.0,0.0002157545434456255,8.824126184466639e-06,4.2483542552915863e-13,999.9998265970867,1000.0,1.4060771362884147e-07,0.0,2353852668370200.5,0.4227741804770725,36.72434963358795,0.6502108738533003,6.060061850640466,36.30157545311088
10,2.0,1.0,0.1,combined,rbf_svr,linear,1000,1000,0.1,0,82.39703518988527,2.3538526683702e+17,0.9999999999999996,0.29671953163435166,83.30899270943195,4.2483542552915863e-13,999.9894713747265,548.2545256061566,8.539035832898903e-06,0.8239703518988529,2353852668370200.5,0.3726423360938297,44.98790676258068,0.6104443759212052,6.707302495234629,44.615264426486846
10,2.0,1.0,0.1,combined,rbf_svr,linear,1000,1000,0.1,1,0.0,2.3538526683702e+17,1.0,0.0002913087502343722,1.3228023479180237e-05,4.2483542552915863e-13,999.8749002146332,1000.0,0.00010152734017709318,0.0,2353852668370200.5,0.3954393160428208,38.31933196958979,0.6288396584526303,6.190261058274505,37.92389265354697
10,2.0,1.0,0.1,combined,rbf_svr,linear,1000,1000,0.1,2,0.0,2.3538526683702e+17,1.0,0.0002157545434456255,8.824126184466639e-06,4.2483542552915863e-13,999.9998265970867,1000.0,1.4060771362884147e-07,0.0,2353852668370200.5,0.4227741804770725,36.72434963358795,0.6502108738533003,6.060061850640466,36.30157545311088
10,2.0,1.0,0.2,mean,ols,linear,1000,1000,0.1,0,82.39703518988527,2.3538526683702e+17,0.9999999999999996,0.29671953163435166,83.30899270943195,1.0620885638228967e-13,999.9467184527405,232.7811001094983,3.415614333159565e-05,3.2958814075954117,9415410673480802.0,0.009750614876492487,0.010595904740806513,0.09874520178971982,0.10293641115177134,0.0008452898643140257
10,2.0,1.0,0.2,mean,ols,linear,1000,1000,0.1,1,0.0,2.3538526683702e+17,1.0,0.0002913087502343722,1.3228023479180237e-05,1.0620885638228967e-13,999.3676453802746,1000.0,0.0004061093607083726,0.0,9415410673480802.0,0.010253464399086833,0.010421368254242811,0.10125939165868435,0.10208510299863938,0.00016790385515597778
10,2.0,1.0,0.2,mean,ols,linear,1000,1000,0.1,2,0.0,2.3538526683702e+17,1.0,0.0002157545434456255,8.824126184466639e-06,1.0620885638228967e-13,999.9991222321246,1000.0,5.624308545153655e-07,0.0,9415410673480802.0,0.009448532564935838,0.009686103808203584,0.09720356251154501,0.09841800550815681,0.00023757124326774515
10,2.0,1.0,0.2,combined,ols,linear,1000,1000,0.1,0,82.39703518988527,2.3538526683702e+17,0.9999999999999996,0.29671953163435166,83.30899270943195,1.0620885638228967e-13,999.9467184527405,232.7811001094983,3.415614333159565e-05,3.2958814075954117,9415410673480802.0,0.009750614876492487,0.010595904740806513,0.09874520178971982,0.10293641115177134,0.0008452898643140257
10,2.0,1.0,0.2,combined,ols,linear,1000,1000,0.1,1,0.0,2.3538526683702e+17,1.0,0.0002913087502343722,1.3228023479180237e-05,1.0620885638228967e-13,999.3676453802746,1000.0,0.0004061093607083726,0.0,9415410673480802.0,0.010253464399086833,0.010421368254242811,0.10125939165868435,0.10208510299863938,0.00016790385515597778
10,2.0,1.0,0.2,combined,ols,linear,1000,1000,0.1,2,0.0,2.3538526683702e+17,1.0,0.0002157545434456255,8.824126184466639e-06,1.0620885638228967e-13,999.9991222321246,1000.0,5.624308545153655e-07,0.0,9415410673480802.0,0.009448532564935838,0.009686103808203584,0.09720356251154501,0.09841800550815681,0.00023757124326774515
10,2.0,1.0,0.2,mean,rbf_svr,linear,1000,1000,0.1,0,82.39703518988527,2.3538526683702e+17,0.9999999999999996,0.29671953163435166,83.30899270943195,1.0620885638228967e-13,999.9467184527405,232.7811001094983,3.415614333159565e-05,3.2958814075954117,9415410673480802.0,0.3726423360938297,83.47348061980354,0.6104443759212052,9.136382250092405,83.1008382837097
10,2.0,1.0,0.2,mean,rbf_svr,linear,1000,1000,0.1,1,0.0,2.3538526683702e+17,1.0,0.0002913087502343722,1.3228023479180237e-05,1.0620885638228967e-13,999.3676453802746,1000.0,0.0004061093607083726,0.0,9415410673480802.0,0.3954393160428208,77.28861671161033,0.6288396584526303,8.791394469116394,76.8931773955675
10,2.0,1.0,0.2,mean,rbf_svr,linear,1000,1000,0.1,2,0.0,2.3538526683702e+17,1.0,0.0002157545434456255,8.824126184466639e-06,1.0620885638228967e-13,999.9991222321246,1000.0,5.624308545153655e-07,0.0,9415410673480802.0,0.4227741804770725,79.38774342785686,0.6502108738533003,8.909979990317423,78.96496924737978
10,2.0,1.0,0.2,combined,rbf_svr,linear,1000,1000,0.1,0,82.39703518988527,2.3538526683702e+17,0.9999999999999996,0.29671953163435166,83.30899270943195,1.0620885638228967e-13,999.9467184527405,232.7811001094983,3.415614333159565e-05,3.2958814075954117,9415410673480802.0,0.3726423360938297,83.47348061980354,0.6104443759212052,9.136382250092405,83.1008382837097
10,2.0,1.0,0.2,combined,rbf_svr,linear,1000,1000,0.1,1,0.0,2.3538526683702e+17,1.0,0.0002913087502343722,1.3228023479180237e-05,1.0620885638228967e-13,999.3676453802746,1000.0,0.0004061093607083726,0.0,9415410673480802.0,0.3954393160428208,77.28861671161033,0.6288396584526303,8.791394469116394,76.8931773955675
10,2.0,1.0,0.2,combined,rbf_svr,linear,1000,1000,0.1,2,0.0,2.3538526683702e+17,1.0,0.0002157545434456255,8.824126184466639e-06,1.0620885638228967e-13,999.9991222321246,1000.0,5.624308545153655e-07,0.0,9415410673480802.0,0.4227741804770725,79.38774342785686,0.6502108738533003,8.909979990317423,78.96496924737978
10,2.0,1.0,0.3,mean,ols,linear,1000,1000,0.1,0,82.39703518988527,2.3538526683702e+17,0.9999999999999996,0.29671953163435166,83.30899270943195,4.720393616990654e-14,999.8434991292501,118.82506017545465,7.685132249609022e-05,7.415733167089674,2.11846740153318e+16,0.009750614876492487,0.010647182658707875,0.09874520178971982,0.10318518623672622,0.0008965677822153871
10,2.0,1.0,0.3,mean,ols,linear,1000,1000,0.1,1,0.0,2.3538526683702e+17,1.0,0.0002913087502343722,1.3228023479180237e-05,4.720393616990654e-14,998.1463404112415,1000.0,0.0009137460615938368,0.0,2.11846740153318e+16,0.010253464399086833,0.010524930384963887,0.10125939165868435,0.10259108335992893,0.00027146598587705385
10,2.0,1.0,0.3,mean,ols,linear,1000,1000,0.1,2,0.0,2.3538526683702e+17,1.0,0.0002157545434456255,8.824126184466639e-06,4.720393616990654e-14,999.9974207580583,1000.0,1.2654694226595727e-06,0.0,2.11846740153318e+16,0.009448532564935838,0.00967354123556465,0.09720356251154501,0.0983541622686333,0.00022500867062881166
10,2.0,1.0,0.3,combined,ols,linear,1000,1000,0.1,0,82.39703518988527,2.3538526683702e+17,0.9999999999999996,0.29671953163435166,83.30899270943195,4.720393616990654e-14,999.8434991292501,118.82506017545465,7.685132249609022e-05,7.415733167089674,2.11846740153318e+16,0.009750614876492487,0.010647182658707875,0.09874520178971982,0.10318518623672622,0.0008965677822153871
10,2.0,1.0,0.3,combined,ols,linear,1000,1000,0.1,1,0.0,2.3538526683702e+17,1.0,0.0002913087502343722,1.3228023479180237e-05,4.720393616990654e-14,998.1463404112415,1000.0,0.0009137460615938368,0.0,2.11846740153318e+16,0.010253464399086833,0.010524930384963887,0.10125939165868435,0.10259108335992893,0.00027146598587705385
10,2.0,1.0,0.3,combined,ols,linear,1000,1000,0.1,2,0.0,2.3538526683702e+17,1.0,0.0002157545434456255,8.824126184466639e-06,4.720393616990654e-14,999.9974207580583,1000.0,1.2654694226595727e-06,0.0,2.11846740153318e+16,0.009448532564935838,0.00967354123556465,0.09720356251154501,0.0983541622686333,0.00022500867062881166
10,2.0,1.0,0.3,mean,rbf_svr,linear,1000,1000,0.1,0,82.39703518988527,2.3538526683702e+17,0.9999999999999996,0.29671953163435166,83.30899270943195,4.720393616990654e-14,999.8434991292501,118.82506017545465,7.685132249609022e-05,7.415733167089674,2.11846740153318e+16,0.3726423360938297,115.04913506575494,0.6104443759212052,10.726095984362388,114.6764927296611
10,2.0,1.0,0.3,mean,rbf_svr,linear,1000,1000,0.1,1,0.0,2.3538526683702e+17,1.0,0.0002913087502343722,1.3228023479180237e-05,4.720393616990654e-14,998.1463404112415,1000.0,0.0009137460615938368,0.0,2.11846740153318e+16,0.3954393160428208,112.703023053527,0.6288396584526303,10.616168002322071,112.30758373748418
10,2.0,1.0,0.3,mean,rbf_svr,linear,1000,1000,0.1,2,0.0,2.3538526683702e+17,1.0,0.0002157545434456255,8.824126184466639e-06,4.720393616990654e-14,999.9974207580583,1000.0,1.2654694226595727e-06,0.0,2.11846740153318e+16,0.4227741804770725,116.79217490498498,0.6502108738533003,10.807042838121118,116.3694007245079
10,2.0,1.0,0.3,combined,rbf_svr,linear,1000,1000,0.1,0,82.39703518988527,2.3538526683702e+17,0.9999999999999996,0.29671953163435166,83.30899270943195,4.720393616990654e-14,999.8434991292501,118.82506017545465,7.685132249609022e-05,7.415733167089674,2.11846740153318e+16,0.3726423360938297,115.04913506575494,0.6104443759212052,10.726095984362388,114.6764927296611
10,2.0,1.0,0.3,combined,rbf_svr,linear,1000,1000,0.1,1,0.0,2.3538526683702e+17,1.0,0.0002913087502343722,1.3228023479180237e-05,4.720393616990654e-14,998.1463404112415,1000.0,0.0009137460615938368,0.0,2.11846740153318e+16,0.3954393160428208,112.703023053527,0.6288396584526303,10.616168002322071,112.30758373748418
10,2.0,1.0,0.3,combined,rbf_svr,linear,1000,1000,0.1,2,0.0,2.3538526683702e+17,1.0,0.0002157545434456255,8.824126184466639e-06,4.720393616990654e-14,999.9974207580583,1000.0,1.2654694226595727e-06,0.0,2.11846740153318e+16,0.4227741804770725,116.79217490498498,0.6502108738533003,10.807042838121118,116.3694007245079
10,2.0,1.5,0.0,mean,ols,linear,1000,1000,0.1,0,82.39703518988527,2.3538526683702e+17,0.9999999999999996,0.29671953163435166,83.30899270943195,1000.0,1000.0,1000.0,0.0,0.0,0.0,0.009750614876492487,0.010500961618376301,0.09874520178971982,0.10247419976938732,0.0007503467418838138
10,2.0,1.5,0.0,mean,ols,linear,1000,1000,0.1,1,0.0,2.3538526683702e+17,1.0,0.0002913087502343722,1.3228023479180237e-05,1000.0,1000.0,1000.0,0.0,0.0,0.0,0.010253464399086833,0.010282274999573598,0.10125939165868435,0.10140155324043906,2.881060048676512e-05
10,2.0,1.5,0.0,mean,ols,linear,1000,1000,0.1,2,0.0,2.3538526683702e+17,1.0,0.0002157545434456255,8.824126184466639e-06,1000.0,1000.0,1000.0,0.0,0.0,0.0,0.009448532564935838,0.00971849253032748,0.09720356251154501,0.09858241491426085,0.0002699599653916418
10,2.0,1.5,0.0,combined,ols,linear,1000,1000,0.1,0,176.65549337737014,2.3348137126003928e+35,1.0,0.44761530977773734,177.45513391182268,1000.0,1000.0,1000.0,0.0,0.0,0.0,0.009750614876492487,0.010500961618376301,0.09874520178971982,0.10247419976938732,0.0007503467418838138
10,2.0,1.5,0.0,combined,ols,linear,1000,1000,0.1,1,0.0,2.3348137126003928e+35,1.0,0.0021322851129449076,0.0006347951685798139,1000.0,1000.0,1000.0,0.0,0.0,0.0,0.010253464399086833,0.010282274999573598,0.10125939165868435,0.10140155324043906,2.881060048676512e-05
10,2.0,1.5,0.0,combined,ols,linear,1000,1000,0.1,2,0.0,2.3348137126003928e+35,1.0,0.0015395483315663564,0.00017332583212260915,1000.0,1000.0,1000.0,0.0,0.0,0.0,0.009448532564935838,0.00971849253032748,0.09720356251154501,0.09858241491426085,0.0002699599653916418
10,2.0,1.5,0.0,mean,rbf_svr,linear,1000,1000,0.1,0,82.39703518988527,2.3538526683702e+17,0.9999999999999996,0.29671953163435166,83.30899270943195,1000.0,1000.0,1000.0,0.0,0.0,0.0,0.3726423360938297,0.6332057159229931,0.6104443759212052,0.7957422421381142,0.26056337982916344
10,2.0,1.5,0.0,mean,rbf_svr,linear,1000,1000,0.1,1,0.0,2.3538526683702e+17,1.0,0.0002913087502343722,1.3228023479180237e-05,1000.0,1000.0,1000.0,0.0,0.0,0.0,0.3954393160428208,0.7187992287171141,0.6288396584526303,0.847820280906935,0.3233599126742933
10,2.0,1.5,0.0,mean,rbf_svr,linear,1000,1000,0.1,2,0.0,2.3538526683702e+17,1.0,0.0002157545434456255,8.824126184466639e-06,1000.0,1000.0,1000.0,0.0,0.0,0.0,0.4227741804770725,0.6623028543508742,0.6502108738533003,0.81381991518448,0.23952867387380172
10,2.0,1.5,0.0,combined,rbf_svr,linear,1000,1000,0.1,0,176.65549337737014,2.3348137126003928e+35,1.0,0.44761530977773734,177.45513391182268,1000.0,1000.0,1000.0,0.0,0.0,0.0,0.3726423360938297,0.6332057159229931,0.6104443759212052,0.7957422421381142,0.26056337982916344
10,2.0,1.5,0.0,combined,rbf_svr,linear,1000,1000,0.1,1,0.0,2.3348137126003928e+35,1.0,0.0021322851129449076,0.0006347951685798139,1000.0,1000.0,1000.0,0.0,0.0,0.0,0.3954393160428208,0.7187992287171141,0.6288396584526303,0.847820280906935,0.3233599126742933
10,2.0,1.5,0.0,combined,rbf_svr,linear,1000,1000,0.1,2,0.0,2.3348137126003928e+35,1.0,0.0015395483315663564,0.00017332583212260915,1000.0,1000.0,1000.0,0.0,0.0,0.0,0.4227741804770725,0.6623028543508742,0.6502108738533003,0.81381991518448,0.23952867387380172
10,2.0,1.5,0.1,mean,ols,linear,1000,1000,0.1,0,82.39703518988527,2.3538526683702e+17,0.9999999999999996,0.29671953163435166,83.30899270943195,4.2483542552915863e-13,999.9894713747265,548.2545256061566,8.539035832898903e-06,0.8239703518988529,2353852668370200.5,0.009750614876492487,0.01057572647830893,0.09874520178971982,0.10283835120376507,0.0008251116018164421
10,2.0,1.5,0.1,mean,ols,linear,1000,1000,0.1,1,0.0,2.3538526683702e+17,1.0,0.0002913087502343722,1.3228023479180237e-05,4.2483542552915863e-13,999.8749002146332,1000.0,0.00010152734017709318,0.0,2353852668370200.5,0.010253464399086833,0.010407433316031105,0.10125939165868435,0.10201682859230189,0.00015396891694427137
10,2.0,1.5,0.1,mean,ols,linear,1000,1000,0.1,2,0.0,2.3538526683702e+17,1.0,0.0002157545434456255,8.824126184466639e-06,4.2483542552915863e-13,999.9998265970867,1000.0,1.4060771362884147e-07,0.0,2353852668370200.5,0.009448532564935838,0.009687481588737014,0.09720356251154501,0.0984250048957937,0.00023894902380117503
10,2.0,1.5,0.1,combined,ols,linear,1000,1000,0.1,0,176.65549337737014,2.3348137126003928e+35,1.0,0.44761530977773734,177.45513391182268,4.282996945765974e-31,999.9089425096496,361.4603808484498,7.390798894720394e-05,1.7665549337737017,2.3348137126003932e+33,0.009750614876492487,0.010573844401649778,0.09874520178971982,0.10282920014105808,0.0008232295251572909
10,2.0,1.5,0.1,combined,ols,linear,1000,1000,0.1,1,0.0,2.3348137126003928e+35,1.0,0.0021322851129449076,0.0006347951685798139,4.282996945765974e-31,999.5164323514712,1000.0,0.00039322739546476804,0.0,2.3348137126003932e+33,0.010253464399086833,0.01040892901166675,0.10125939165868435,0.10202415896084001,0.0001554646125799166
10,2.0,1.5,0.1,combined,ols,linear,1000,1000,0.1,2,0.0,2.3348137126003928e+35,1.0,0.0015395483315663564,0.00017332583212260915,4.282996945765974e-31,999.9921489212292,1000.0,6.3690620915270675e-06,0.0,2.3348137126003932e+33,0.009448532564935838,0.009688213836761054,0.09720356251154501,0.09842872465272043,0.00023968127182521538
10,2.0,1.5,0.1,mean,rbf_svr,linear,1000,1000,0.1,0,82.39703518988527,2.3538526683702e+17,0.9999999999999996,0.29671953163435166,83.30899270943195,4.2483542552915863e-13,999.9894713747265,548.2545256061566,8.539035832898903e-06,0.8239703518988529,2353852668370200.5,0.3726423360938297,44.98790676258068,0.6104443759212052,6.707302495234629,44.615264426486846
10,2.0,1.5,0.1,mean,rbf_svr,linear,1000,1000,0.1,1,0.0,2.3538526683702e+17,1.0,0.0002913087502343722,1.3228023479180237e-05,4.2483542552915863e-13,999.8749002146332,1000.0,0.00010152734017709318,0.0,2353852668370200.5,0.3954393160428208,38.31933196958979,0.6288396584526303,6.190261058274505,37.92389265354697
10,2.0,1.5,0.1,mean,rbf_svr,linear,1000,1000,0.1,2,0.0,2.3538526683702e+17,1.0,0.0002157545434456255,8.824126184466639e-06,4.2483542552915863e-13,999.9998265970867,1000.0,1.4060771362884147e-07,0.0,2353852668370200.5,0.4227741804770725,36.72434963358795,0.6502108738533003,6.060061850640466,36.30157545311088
10,2.0,1.5,0.1,combined,rbf_svr,linear,1000,1000,0.1,0,176.65549337737014,2.3348137126003928e+35,1.0,0.44761530977773734,177.45513391182268,4.282996945765974e-31,999.9089425096496,361.4603808484498,7.390798894720394e-05,1.7665549337737017,2.3348137126003932e+33,0.3726423360938297,47.29786264474128,0.6104443759212052,6.877344156339806,46.92522030864745
10,2.0,1.5,0.1,combined,rbf_svr,linear,1000,1000,0.1,1,0.0,2.3348137126003928e+35,1.0,0.0021322851129449076,0.0006347951685798139,4.282996945765974e-31,999.5164323514712,1000.0,0.00039322739546476804,0.0,2.3348137126003932e+33,0.3954393160428208,39.925772353933894,0.6288396584526303,6.318684384738162,39.530333037891076
10,2.0,1.5,0.1,combined,rbf_svr,linear,1000,1000,0.1,2,0.0,2.3348137126003928e+35,1.0,0.0015395483315663564,0.00017332583212260915,4.282996945765974e-31,999.9921489212292,1000.0,6.3690620915270675e-06,0.0,2.3348137126003932e+33,0.4227741804770725,38.22886738068547,0.6502108738533003,6.182949731373002,37.8060932002084
10,2.0,1.5,0.2,mean,ols,linear,1000,1000,0.1,0,82.39703518988527,2.3538526683702e+17,0.9999999999999996,0.29671953163435166,83.30899270943195,1.0620885638228967e-13,999.9467184527405,232.7811001094983,3.415614333159565e-05,3.2958814075954117,9415410673480802.0,0.009750614876492487,0.010595904740806513,0.09874520178971982,0.10293641115177134,0.0008452898643140257
10,2.0,1.5,0.2,mean,ols,linear,1000,1000,0.1,1,0.0,2.3538526683702e+17,1.0,0.0002913087502343722,1.3228023479180237e-05,1.0620885638228967e-13,999.3676453802746,1000.0,0.0004061093607083726,0.0,9415410673480802.0,0.010253464399086833,0.010421368254242811,0.10125939165868435,0.10208510299863938,0.00016790385515597778
10,2.0,1.5,0.2,mean,ols,linear,1000,1000,0.1,2,0.0,2.3538526683702e+17,1.0,0.0002157545434456255,8.824126184466639e-06,1.0620885638228967e-13,999.9991222321246,1000.0,5.624308545153655e-07,0.0,9415410673480802.0,0.009448532564935838,0.009686103808203584,0.09720356251154501,0.09841800550815681,0.00023757124326774515
10,2.0,1.5,0.2,combined,ols,linear,1000,1000,0.1,0,176.65549337737014,2.3348137126003928e+35,1.0,0.44761530977773734,177.45513391182268,1.0707492364414936e-31,999.5397436169618,123.97381088555808,0.00029563195578881574,7.066219735094807,9.339254850401573e+33,0.009750614876492487,0.010598330013402543,0.09874520178971982,0.10294819091855156,0.0008477151369100551
10,2.0,1.5,0.2,combined,ols,linear,1000,1000,0.1,1,0.0,2.3348137126003928e+35,1.0,0.0021322851129449076,0.0006347951685798139,1.0707492364414936e-31,997.5641317381907,1000.0,0.0015729095818590721,0.0,9.339254850401573e+33,0.010253464399086833,0.010429253248832803,0.10125939165868435,0.10212371540848288,0.0001757888497459694
10,2.0,1.5,0.2,combined,ols,linear,1000,1000,0.1,2,0.0,2.3348137126003928e+35,1.0,0.0015395483315663564,0.00017332583212260915,1.0707492364414936e-31,999.9602806985995,1000.0,2.5476248366108297e-05,0.0,9.339254850401573e+33,0.009448532564935838,0.009690004558786238,0.09720356251154501,0.09843782077426459,0.0002414719938503996
10,2.0,1.5,0.2,mean,rbf_svr,linear,1000,1000,0.1,0,82.39703518988527,2.3538526683702e+17,0.9999999999999996,0.29671953163435166,83.30899270943195,1.0620885638228967e-13,999.9467184527405,232.7811001094983,3.415614333159565e-05,3.2958814075954117,9415410673480802.0,0.3726423360938297,83.47348061980354,0.6104443759212052,9.136382250092405,83.1008382837097
10,2.0,1.5,0.2,mean,rbf_svr,linear,1000,1000,0.1,1,0.0,2.3538526683702e+17,1.0,0.0002913087502343722,1.3228023479180237e-05,1.0620885638228967e-13,999.3676453802746,1000.0,0.0004061093607083726,0.0,9415410673480802.0,0.3954393160428208,77.28861671161033,0.6288396584526303,8.791394469116394,76.8931773955675
10,2.0,1.5,0.2,mean,rbf_svr,linear,1000,1000,0.1,2,0.0,2.3538526683702e+17,1.0,0.0002157545434456255,8.824126184466639e-06,1.0620885638228967e-13,999.9991222321246,1000.0,5.624308545153655e-07,0.0,9415410673480802.0,0.4227741804770725,79.38774342785686,0.6502108738533003,8.909979990317423,78.96496924737978
10,2.0,1.5,0.2,combined,rbf_svr,linear,1000,1000,0.1,0,176.65549337737014,2.3348137126003928e+35,1.0,0.44761530977773734,177.45513391182268,1.0707492364414936e-31,999.5397436169618,123.97381088555808,0.00029563195578881574,7.066219735094807,9.339254850401573e+33,0.3726423360938297,88.02005180730193,0.6104443759212052,9.381900223691463,87.64740947120809
10,2.0,1.5,0.2,combined,rbf_svr,linear,1000,1000,0.1,1,0.0,2.3348137126003928e+35,1.0,0.0021322851129449076,0.0006347951685798139,1.0707492364414936e-31,997.5641317381907,1000.0,0.0015729095818590721,0.0,9.339254850401573e+33,0.3954393160428208,80.38748674383909,0.6288396584526303,8.965906911397145,79.99204742779627
10,2.0,1.5,0.2,combined,rbf_svr,linear,1000,1000,0.1,2,0.0,2.3348137126003928e+35,1.0,0.0015395483315663564,0.00017332583212260915,1.0707492364414936e-31,999.9602806985995,1000.0,2.5476248366108297e-05,0.0,9.339254850401573e+33,0.4227741804770725,82.9641342532603,0.6502108738533003,9.10846497787966,82.54136007278322
10,2.0,1.5,0.3,mean,ols,linear,1000,1000,0.1,0,82.39703518988527,2.3538526683702e+17,0.9999999999999996,0.29671953163435166,83.30899270943195,4.720393616990654e-14,999.8434991292501,118.82506017545465,7.685132249609022e-05,7.415733167089674,2.11846740153318e+16,0.009750614876492487,0.010647182658707875,0.09874520178971982,0.10318518623672622,0.0008965677822153871
10,2.0,1.5,0.3,mean,ols,linear,1000,1000,0.1,1,0.0,2.3538526683702e+17,1.0,0.0002913087502343722,1.3228023479180237e-05,4.720393616990654e-14,998.1463404112415,1000.0,0.0009137460615938368,0.0,2.11846740153318e+16,0.010253464399086833,0.010524930384963887,0.10125939165868435,0.10259108335992893,0.00027146598587705385
10,2.0,1.5,0.3,mean,ols,linear,1000,1000,0.1,2,0.0,2.3538526683702e+17,1.0,0.0002157545434456255,8.824126184466639e-06,4.720393616990654e-14,999.9974207580583,1000.0,1.2654694226595727e-06,0.0,2.11846740153318e+16,0.009448532564935838,0.00967354123556465,0.09720356251154501,0.0983541622686333,0.00022500867062881166
10,2.0,1.5,0.3,combined,ols,linear,1000,1000,0.1,0,176.65549337737014,2.3348137126003928e+35,1.0,0.44761530977773734,177.45513391182268,4.7588854952955286e-32,998.6506922746205,59.17511871389641,0.0006651719005248345,15.89899440396331,2.101332341340353e+34,0.009750614876492487,0.010647530763465043,0.09874520178971982,0.10318687301912507,0.000896915886972556
10,2.0,1.5,0.3,combined,ols,linear,1000,1000,0.1,1,0.0,2.3348137126003928e+35,1.0,0.0021322851129449076,0.0006347951685798139,4.7588854952955286e-32,992.9027076929806,1000.0,0.0035390465591829145,0.0,2.101332341340353e+34,0.010253464399086833,0.010543899599975088,0.10125939165868435,0.10268349234407198,0.0002904352008882543
10,2.0,1.5,0.3,combined,ols,linear,1000,1000,0.1,2,0.0,2.3348137126003928e+35,1.0,0.0015395483315663564,0.00017332583212260915,4.7588854952955286e-32,999.8833791717816,1000.0,5.732155882374362e-05,0.0,2.101332341340353e+34,0.009448532564935838,0.009671290797653262,0.09720356251154501,0.09834272112186677,0.00022275823271742344
10,2.0,1.5,0.3,mean,rbf_svr,linear,1000,1000,0.1,0,82.39703518988527,2.3538526683702e+17,0.9999999999999996,0.29671953163435166,83.30899270943195,4.720393616990654e-14,999.8434991292501,118.82506017545465,7.685132249609022e-05,7.415733167089674,2.11846740153318e+16,0.3726423360938297,115.04913506575494,0.6104443759212052,10.726095984362388,114.6764927296611
10,2.0,1.5,0.3,mean,rbf_svr,linear,1000,1000,0.1,1,0.0,2.3538526683702e+17,1.0,0.0002913087502343722,1.3228023479180237e-05,4.720393616990654e-14,998.1463404112415,1000.0,0.0009137460615938368,0.0,2.11846740153318e+16,0.3954393160428208,112.703023053527,0.6288396584526303,10.616168002322071,112.30758373748418
10,2.0,1.5,0.3,mean,rbf_svr,linear,1000,1000,0.1,2,0.0,2.3538526683702e+17,1.0,0.0002157545434456255,8.824126184466639e-06,4.720393616990654e-14,999.9974207580583,1000.0,1.2654694226595727e-06,0.0,2.11846740153318e+16,0.4227741804770725,116.79217490498498,0.6502108738533003,10.807042838121118,116.3694007245079
10,2.0,1.5,0.3,combined,rbf_svr,linear,1000,1000,0.1,0,176.65549337737014,2.3348137126003928e+35,1.0,0.44761530977773734,177.45513391182268,4.7588854952955286e-32,998.6506922746205,59.17511871389641,0.0006651719005248345,15.89899440396331,2.101332341340353e+34,0.3726423360938297,120.79381160055662,0.6104443759212052,10.99062380397749,120.42116926446279
10,2.0,1.5,0.3,combined,rbf_svr,linear,1000,1000,0.1,1,0.0,2.3348137126003928e+35,1.0,0.0021322851129449076,0.0006347951685798139,4.7588854952955286e-32,992.9027076929806,1000.0,0.0035390465591829145,0.0,2.101332341340353e+34,0.3954393160428208,117.63992030216762,0.6288396584526303,10.846193816365611,117.2444809861248
10,2.0,1.5,0.3,combined,rbf_svr,linear,1000,1000,0.1,2,0.0,2.3348137126003928e+35,1.0,0.0015395483315663564,0.00017332583212260915,4.7588854952955286e-32,999.8833791717816,1000.0,5.732155882374362e-05,0.0,2.101332341340353e+34,0.4227741804770725,122.15068169752035,0.6502108738533003,11.052179952277305,121.72790751704328
10,2.0,2.0,0.0,mean,ols,linear,1000,1000,0.1,0,82.39703518988527,2.3538526683702e+17,0.9999999999999996,0.29671953163435166,83.30899270943195,1000.0,1000.0,1000.0,0.0,0.0,0.0,0.009750614876492487,0.010500961618376301,0.09874520178971982,0.10247419976938732,0.0007503467418838138
10,2.0,2.0,0.0,mean,ols,linear,1000,1000,0.1,1,0.0,2.3538526683702e+17,1.0,0.0002913087502343722,1.3228023479180237e-05,1000.0,1000.0,1000.0,0.0,0.0,0.0,0.010253464399086833,0.010282274999573598,0.10125939165868435,0.10140155324043906,2.881060048676512e-05
10,2.0,2.0,0.0,mean,ols,linear,1000,1000,0.1,2,0.0,2.3538526683702e+17,1.0,0.0002157545434456255,8.824126184466639e-06,1000.0,1000.0,1000.0,0.0,0.0,0.0,0.009448532564935838,0.00971849253032748,0.09720356251154501,0.09858241491426085,0.0002699599653916418
10,2.0,2.0,0.0,combined,ols,linear,1000,1000,0.1,0,110.40091448191983,inf,inf,0.37977854732427685,111.25668273691197,,1000.0,1000.0,0.0,0.0,,0.009750614876492487,0.010500961618376301,0.09874520178971982,0.10247419976938732,0.0007503467418838138
10,2.0,2.0,0.0,combined,ols,linear,1000,1000,0.1,1,0.0,inf,inf,0.00487127627700942,0.0028895542735556975,,1000.0,1000.0,0.0,0.0,,0.010253464399086833,0.010282274999573598,0.10125939165868435,0.10140155324043906,2.881060048676512e-05
10,2.0,2.0,0.0,combined,ols,linear,1000,1000,0.1,2,0.0,inf,inf,0.003950133030744353,0.0008484913044849849,,1000.0,1000.0,0.0,0.0,,0.009448532564935838,0.00971849253032748,0.09720356251154501,0.09858241491426085,0.0002699599653916418
10,2.0,2.0,0.0,mean,rbf_svr,linear,1000,1000,0.1,0,82.39703518988527,2.3538526683702e+17,0.9999999999999996,0.29671953163435166,83.30899270943195,1000.0,1000.0,1000.0,0.0,0.0,0.0,0.3726423360938297,0.6332057159229931,0.6104443759212052,0.7957422421381142,0.26056337982916344
10,2.0,2.0,0.0,mean,rbf_svr,linear,1000,1000,0.1,1,0.0,2.3538526683702e+17,1.0,0.0002913087502343722,1.3228023479180237e-05,1000.0,1000.0,1000.0,0.0,0.0,0.0,0.3954393160428208,0.7187992287171141,0.6288396584526303,0.847820280906935,0.3233599126742933
10,2.0,2.0,0.0,mean,rbf_svr,linear,1000,1000,0.1,2,0.0,2.3538526683702e+17,1.0,0.0002157545434456255,8.824126184466639e-06,1000.0,1000.0,1000.0,0.0,0.0,0.0,0.4227741804770725,0.6623028543508742,0.6502108738533003,0.81381991518448,0.23952867387380172
10,2.0,2.0,0.0,combined,rbf_svr,linear,1000,1000,0.1,0,110.40091448191983,inf,inf,0.37977854732427685,111.25668273691197,,1000.0,1000.0,0.0,0.0,,0.3726423360938297,0.6332057159229931,0.6104443759212052,0.7957422421381142,0.26056337982916344
10,2.0,2.0,0.0,combined,rbf_svr,linear,1000,1000,0.1,1,0.0,inf,inf,0.00487127627700942,0.0028895542735556975,,1000.0,1000.0,0.0,0.0,,0.3954393160428208,0.7187992287171141,0.6288396584526303,0.847820280906935,0.3233599126742933
10,2.0,2.0,0.0,combined,rbf_svr,linear,1000,1000,0.1,2,0.0,inf,inf,0.003950133030744353,0.0008484913044849849,,1000.0,1000.0,0.0,0.0,,0.4227741804770725,0.6623028543508742,0.6502108738533003,0.81381991518448,0.23952867387380172
10,2.0,2.0,0.1,mean,ols,linear,1000,1000,0.1,0,82.39703518988527,2.3538526683702e+17,0.9999999999999996,0.29671953163435166,83.30899270943195,4.2483542552915863e-13,999.9894713747265,548.2545256061566,8.539035832898903e-06,0.8239703518988529,2353852668370200.5,0.009750614876492487,0.01057572647830893,0.09874520178971982,0.10283835120376507,0.0008251116018164421
10,2.0,2.0,0.1,mean,ols,linear,1000,1000,0.1,1,0.0,2.3538526683702e+17,1.0,0.0002913087502343722,1.3228023479180237e-05,4.2483542552915863e-13,999.8749002146332,1000.0,0.00010152734017709318,0.0,2353852668370200.5,0.010253464399086833,0.010407433316031105,0.10125939165868435,0.10201682859230189,0.00015396891694427137
10,2.0,2.0,0.1,mean,ols,linear,1000,1000,0.1,2,0.0,2.3538526683702e+17,1.0,0.0002157545434456255,8.824126184466639e-06,4.2483542552915863e-13,999.9998265970867,1000.0,1.4060771362884147e-07,0.0,2353852668370200.5,0.009448532564935838,0.009687481588737014,0.09720356251154501,0.0984250048957937,0.00023894902380117503
10,2.0,2.0,0.1,combined,ols,linear,1000,1000,0.1,0,110.40091448191983,inf,inf,0.37977854732427685,111.25668273691197,0.0,999.8736943248323,475.28310533361866,0.00010258720880086078,1.1040091448191984,inf,0.009750614876492487,0.010572712691628204,0.09874520178971982,0.10282369713071109,0.0008220978151357167
10,2.0,2.0,0.1,combined,ols,linear,1000,1000,0.1,1,0.0,inf,inf,0.00487127627700942,0.0028895542735556975,0.0,997.5010869469456,1000.0,0.0020411740862021866,0.0,inf,0.010253464399086833,0.010410743619220477,0.10125939165868435,0.10203305160202,0.0001572792201336437
10,2.0,2.0,0.1,combined,ols,linear,1000,1000,0.1,2,0.0,inf,inf,0.003950133030744353,0.0008484913044849849,0.0,999.9702131346386,1000.0,2.4177586349575195e-05,0.0,inf,0.009448532564935838,0.00968935195330998,0.09720356251154501,0.09843450590778612,0.00024081938837414163
10,2.0,2.0,0.1,mean,rbf_svr,linear,1000,1000,0.1,0,82.39703518988527,2.3538526683702e+17,0.9999999999999996,0.29671953163435166,83.30899270943195,4.2483542552915863e-13,999.9894713747265,548.2545256061566,8.539035832898903e-06,0.8239703518988529,2353852668370200.5,0.3726423360938297,44.98790676258068,0.6104443759212052,6.707302495234629,44.615264426486846
10,2.0,2.0,0.1,mean,rbf_svr,linear,1000,1000,0.1,1,0.0,2.3538526683702e+17,1.0,0.0002913087502343722,1.3228023479180237e-05,4.2483542552915863e-13,999.8749002146332,1000.0,0.00010152734017709318,0.0,2353852668370200.5,0.3954393160428208,38.31933196958979,0.6288396584526303,6.190261058274505,37.92389265354697
10,2.0,2.0,0.1,mean,rbf_svr,linear,1000,1000,0.1,2,0.0,2.3538526683702e+17,1.0,0.0002157545434456255,8.824126184466639e-06,4.2483542552915863e-13,999.9998265970867,1000.0,1.4060771362884147e-07,0.0,2353852668370200.5,0.4227741804770725,36.72434963358795,0.6502108738533003,6.060061850640466,36.30157545311088
10,2.0,2.0,0.1,combined,rbf_svr,linear,1000,1000,0.1,0,110.40091448191983,inf,inf,0.37977854732427685,111.25668273691197,0.0,999.8736943248323,475.28310533361866,0.00010258720880086078,1.1040091448191984,inf,0.3726423360938297,49.16399662963484,0.6104443759212052,7.0117042599952,48.791354293541005
10,2.0,2.0,0.1,combined,rbf_svr,linear,1000,1000,0.1,1,0.0,inf,inf,0.00487127627700942,0.0028895542735556975,0.0,997.5010869469456,1000.0,0.0020411740862021866,0.0,inf,0.3954393160428208,41.25163608450169,0.6288396584526303,6.422743657075354,40.85619676845887
10,2.0,2.0,0.1,combined,rbf_svr,linear,1000,1000,0.1,2,0.0,inf,inf,0.003950133030744353,0.0008484913044849849,0.0,999.9702131346386,1000.0,2.4177586349575195e-05,0.0,inf,0.4227741804770725,39.451296612147274,0.6502108738533003,6.28102671640133,39.028522431670204
10,2.0,2.0,0.2,mean,ols,linear,1000,1000,0.1,0,82.39703518988527,2.3538526683702e+17,0.9999999999999996,0.29671953163435166,83.30899270943195,1.0620885638228967e-13,999.9467184527405,232.7811001094983,3.415614333159565e-05,3.2958814075954117,9415410673480802.0,0.009750614876492487,0.010595904740806513,0.09874520178971982,0.10293641115177134,0.0008452898643140257
10,2.0,2.0,0.2,mean,ols,linear,1000,1000,0.1,1,0.0,2.3538526683702e+17,1.0,0.0002913087502343722,1.3228023479180237e-05,1.0620885638228967e-13,999.3676453802746,1000.0,0.0004061093607083726,0.0,9415410673480802.0,0.010253464399086833,0.010421368254242811,0.10125939165868435,0.10208510299863938,0.00016790385515597778
10,2.0,2.0,0.2,mean,ols,linear,1000,1000,0.1,2,0.0,2.3538526683702e+17,1.0,0.0002157545434456255,8.824126184466639e-06,1.0620885638228967e-13,999.9991222321246,1000.0,5.624308545153655e-07,0.0,9415410673480802.0,0.009448532564935838,0.009686103808203584,0.09720356251154501,0.09841800550815681,0.00023757124326774515
10,2.0,2.0,0.2,combined,ols,linear,1000,1000,0.1,0,110.40091448191983,inf,inf,0.37977854732427685,111.25668273691197,0.0,999.3621823964431,184.6368622815931,0.0004103488352034432,4.416036579276794,inf,0.009750614876492487,0.010601352180384561,0.09874520178971982,0.10296286796891664,0.0008507373038920737
10,2.0,2.0,0.2,combined,ols,linear,1000,1000,0.1,1,0.0,inf,inf,0.00487127627700942,0.0028895542735556975,0.0,987.5515177246124,1000.0,0.008164696344808743,0.0,inf,0.010253464399086833,0.010437072031787177,0.10125939165868435,0.10216198917301472,0.00018360763270034407
10,2.0,2.0,0.2,combined,ols,linear,1000,1000,0.1,2,0.0,inf,inf,0.003950133030744353,0.0008484913044849849,0.0,999.8494197138839,1000.0,9.671034539830089e-05,0.0,inf,0.009448532564935838,0.009694401037779975,0.09720356251154501,0.09846014949094875,0.0002458684728441369
10,2.0,2.0,0.2,mean,rbf_svr,linear,1000,1000,0.1,0,82.39703518988527,2.3538526683702e+17,0.9999999999999996,0.29671953163435166,83.30899270943195,1.0620885638228967e-13,999.9467184527405,232.7811001094983,3.415614333159565e-05,3.2958814075954117,9415410673480802.0,0.3726423360938297,83.47348061980354,0.6104443759212052,9.136382250092405,83.1008382837097
10,2.0,2.0,0.2,mean,rbf_svr,linear,1000,1000,0.1,1,0.0,2.3538526683702e+17,1.0,0.0002913087502343722,1.3228023479180237e-05,1.0620885638228967e-13,999.3676453802746,1000.0,0.0004061093607083726,0.0,9415410673480802.0,0.3954393160428208,77.28861671161033,0.6288396584526303,8.791394469116394,76.8931773955675
10,2.0,2.0,0.2,mean,rbf_svr,linear,1000,1000,0.1,2,0.0,2.3538526683702e+17,1.0,0.0002157545434456255,8.824126184466639e-06,1.0620885638228967e-13,999.9991222321246,1000.0,5.624308545153655e-07,0.0,9415410673480802.0,0.4227741804770725,79.38774342785686,0.6502108738533003,8.909979990317423,78.96496924737978
10,2.0,2.0,0.2,combined,rbf_svr,linear,1000,1000,0.1,0,110.40091448191983,inf,inf,0.37977854732427685,111.25668273691197,0.0,999.3621823964431,184.6368622815931,0.0004103488352034432,4.416036579276794,inf,0.3726423360938297,91.73299385255046,0.6104443759212052,9.577734275524168,91.36035151645663
10,2.0,2.0,0.2,combined,rbf_svr,linear,1000,1000,0.1,1,0.0,inf,inf,0.00487127627700942,0.0028895542735556975,0.0,987.5515177246124,1000.0,0.008164696344808743,0.0,inf,0.3954393160428208,82.95351104480287,0.6288396584526303,9.107881808895133,82.55807172876004
10,2.0,2.0,0.2,combined,rbf_svr,linear,1000,1000,0.1,2,0.0,inf,inf,0.003950133030744353,0.0008484913044849849,0.0,999.8494197138839,1000.0,9.671034539830089e-05,0.0,inf,0.4227741804770725,85.87407065440632,0.6502108738533003,9.266826352878656,85.45129647392925
10,2.0,2.0,0.3,mean,ols,linear,1000,1000,0.1,0,82.39703518988527,2.3538526683702e+17,0.9999999999999996,0.29671953163435166,83.30899270943195,4.720393616990654e-14,999.8434991292501,118.82506017545465,7.685132249609022e-05,7.415733167089674,2.11846740153318e+16,0.009750614876492487,0.010647182658707875,0.09874520178971982,0.10318518623672622,0.0008965677822153871
10,2.0,2.0,0.3,mean,ols,linear,1000,1000,0.1,1,0.0,2.3538526683702e+17,1.0,0.0002913087502343722,1.3228023479180237e-05,4.720393616990654e-14,998.1463404112415,1000.0,0.0009137460615938368,0.0,2.11846740153318e+16,0.010253464399086833,0.010524930384963887,0.10125939165868435,0.10259108335992893,0.00027146598587705385
10,2.0,2.0,0.3,mean,ols,linear,1000,1000,0.1,2,0.0,2.3538526683702e+17,1.0,0.0002157545434456255,8.824126184466639e-06,4.720393616990654e-14,999.9974207580583,1000.0,1.2654694226595727e-06,0.0,2.11846740153318e+16,0.009448532564935838,0.00967354123556465,0.09720356251154501,0.0983541622686333,0.00022500867062881166
10,2.0,2.0,0.3,combined,ols,linear,1000,1000,0.1,0,110.40091448191983,inf,inf,0.37977854732427685,111.25668273691197,0.0,998.1327087366225,91.44042375134569,0.0009232848792077466,9.936082303372784,inf,0.009750614876492487,0.010649216694304336,0.09874520178971982,0.10319504200447004,0.0008986018178118484
10,2.0,2.0,0.3,combined,ols,linear,1000,1000,0.1,1,0.0,inf,inf,0.00487127627700942,0.0028895542735556975,0.0,964.5467592248588,1000.0,0.018370566775819646,0.0,inf,0.010253464399086833,0.01056151152783638,0.10125939165868435,0.1027692148838181,0.0003080471287495463
10,2.0,2.0,0.3,combined,ols,linear,1000,1000,0.1,2,0.0,inf,inf,0.003950133030744353,0.0008484913044849849,0.0,999.5583515296697,1000.0,0.00021759827714617707,0.0,inf,0.009448532564935838,0.009670951137721774,0.09720356251154501,0.09834099418717392,0.00022241857278593527
10,2.0,2.0,0.3,mean,rbf_svr,linear,1000,1000,0.1,0,82.39703518988527,2.3538526683702e+17,0.9999999999999996,0.29671953163435166,83.30899270943195,4.720393616990654e-14,999.8434991292501,118.82506017545465,7.685132249609022e-05,7.415733167089674,2.11846740153318e+16,0.3726423360938297,115.04913506575494,0.6104443759212052,10.726095984362388,114.6764927296611
10,2.0,2.0,0.3,mean,rbf_svr,linear,1000,1000,0.1,1,0.0,2.3538526683702e+17,1.0,0.0002913087502343722,1.3228023479180237e-05,4.720393616990654e-14,998.1463404112415,1000.0,0.0009137460615938368,0.0,2.11846740153318e+16,0.3954393160428208,112.703023053527,0.6288396584526303,10.616168002322071,112.30758373748418
10,2.0,2.0,0.3,mean,rbf_svr,linear,1000,1000,0.1,2,0.0,2.3538526683702e+17,1.0,0.0002157545434456255,8.824126184466639e-06,4.720393616990654e-14,999.9974207580583,1000.0,1.2654694226595727e-06,0.0,2.11846740153318e+16,0.4227741804770725,116.79217490498498,0.6502108738533003,10.807042838121118,116.3694007245079
10,2.0,2.0,0.3,combined,rbf_svr,linear,1000,1000,0.1,0,110.40091448191983,inf,inf,0.37977854732427685,111.25668273691197,0.0,998.1327087366225,91.44042375134569,0.0009232848792077466,9.936082303372784,inf,0.3726423360938297,125.4873623943221,0.6104443759212052,11.202114193058474,125.11472005822827
10,2.0,2.0,0.3,combined,rbf_svr,linear,1000,1000,0.1,1,0.0,inf,inf,0.00487127627700942,0.0028895542735556975,0.0,964.5467592248588,1000.0,0.018370566775819646,0.0,inf,0.3954393160428208,121.69389299775686,0.6288396584526303,11.031495501415792,121.29845368171404
10,2.0,2.0,0.3,combined,rbf_svr,linear,1000,1000,0.1,2,0.0,inf,inf,0.003950133030744353,0.0008484913044849849,0.0,999.5583515296697,1000.0,0.00021759827714617707,0.0,inf,0.4227741804770725,126.52286385167687,0.6502108738533003,11.248238255463692,126.1000896711998
